komoditas,kategori,level,tanggal,harga
Bawang Merah,Bawang Merah,kategori,2025-01-01 00:00:00,47500
Bawang Merah,Bawang Merah,kategori,2025-01-02 00:00:00,46500
Bawang Merah,Bawang Merah,kategori,2025-01-03 00:00:00,46500
Bawang Merah,Bawang Merah,kategori,2025-01-06 00:00:00,46250
Bawang Merah,Bawang Merah,kategori,2025-01-07 00:00:00,45750
Bawang Merah,Bawang Merah,kategori,2025-01-08 00:00:00,45750
Bawang Merah,Bawang Merah,kategori,2025-01-09 00:00:00,45750
Bawang Merah,Bawang Merah,kategori,2025-01-10 00:00:00,45750
Bawang Merah,Bawang Merah,kategori,2025-01-13 00:00:00,44750
Bawang Merah,Bawang Merah,kategori,2025-01-14 00:00:00,44250
Bawang Merah,Bawang Merah,kategori,2025-01-15 00:00:00,43000
Bawang Merah,Bawang Merah,kategori,2025-01-16 00:00:00,43000
Bawang Merah,Bawang Merah,kategori,2025-01-17 00:00:00,43000
Bawang Merah,Bawang Merah,kategori,2025-01-20 00:00:00,41000
Bawang Merah,Bawang Merah,kategori,2025-01-21 00:00:00,42000
Bawang Merah,Bawang Merah,kategori,2025-01-22 00:00:00,41000
Bawang Merah,Bawang Merah,kategori,2025-01-23 00:00:00,41000
Bawang Merah,Bawang Merah,kategori,2025-01-24 00:00:00,40500
Bawang Merah,Bawang Merah,kategori,2025-01-27 00:00:00,40500
Bawang Merah,Bawang Merah,kategori,2025-01-28 00:00:00,40500
Bawang Merah,Bawang Merah,kategori,2025-01-29 00:00:00,40500
Bawang Merah,Bawang Merah,kategori,2025-01-30 00:00:00,40500
Bawang Merah,Bawang Merah,kategori,2025-01-31 00:00:00,40500
Bawang Merah,Bawang Merah,kategori,2025-02-03 00:00:00,39000
Bawang Merah,Bawang Merah,kategori,2025-02-04 00:00:00,38500
Bawang Merah,Bawang Merah,kategori,2025-02-05 00:00:00,38500
Bawang Merah,Bawang Merah,kategori,2025-02-06 00:00:00,39000
Bawang Merah,Bawang Merah,kategori,2025-02-07 00:00:00,39000
Bawang Merah,Bawang Merah,kategori,2025-02-10 00:00:00,40000
Bawang Merah,Bawang Merah,kategori,2025-02-11 00:00:00,40000
Bawang Merah,Bawang Merah,kategori,2025-02-12 00:00:00,40000
Bawang Merah,Bawang Merah,kategori,2025-02-13 00:00:00,40000
Bawang Merah,Bawang Merah,kategori,2025-02-14 00:00:00,40000
Bawang Merah,Bawang Merah,kategori,2025-02-17 00:00:00,41000
Bawang Merah,Bawang Merah,kategori,2025-02-18 00:00:00,41000
Bawang Merah,Bawang Merah,kategori,2025-02-19 00:00:00,41000
Bawang Merah,Bawang Merah,kategori,2025-02-20 00:00:00,41000
Bawang Merah,Bawang Merah,kategori,2025-02-21 00:00:00,40000
Bawang Merah,Bawang Merah,kategori,2025-02-24 00:00:00,43000
Bawang Merah,Bawang Merah,kategori,2025-02-25 00:00:00,45500
Bawang Merah,Bawang Merah,kategori,2025-02-26 00:00:00,46750
Bawang Merah,Bawang Merah,kategori,2025-02-27 00:00:00,46750
Bawang Merah,Bawang Merah,kategori,2025-02-28 00:00:00,49000
Bawang Merah,Bawang Merah,kategori,2025-03-03 00:00:00,50000
Bawang Merah,Bawang Merah,kategori,2025-03-04 00:00:00,50000
Bawang Merah,Bawang Merah,kategori,2025-03-05 00:00:00,50500
Bawang Merah,Bawang Merah,kategori,2025-03-06 00:00:00,49000
Bawang Merah,Bawang Merah,kategori,2025-03-07 00:00:00,49000
Bawang Merah,Bawang Merah,kategori,2025-03-10 00:00:00,50000
Bawang Merah,Bawang Merah,kategori,2025-03-11 00:00:00,48500
Bawang Merah,Bawang Merah,kategori,2025-03-12 00:00:00,48500
Bawang Merah,Bawang Merah,kategori,2025-03-13 00:00:00,49000
Bawang Merah,Bawang Merah,kategori,2025-03-14 00:00:00,48500
Bawang Merah,Bawang Merah,kategori,2025-03-17 00:00:00,48000
Bawang Merah,Bawang Merah,kategori,2025-03-18 00:00:00,48000
Bawang Merah,Bawang Merah,kategori,2025-03-19 00:00:00,48000
Bawang Merah,Bawang Merah,kategori,2025-03-20 00:00:00,48000
Bawang Merah,Bawang Merah,kategori,2025-03-21 00:00:00,48000
Bawang Merah,Bawang Merah,kategori,2025-03-24 00:00:00,51500
Bawang Merah,Bawang Merah,kategori,2025-03-25 00:00:00,51500
Bawang Merah,Bawang Merah,kategori,2025-03-26 00:00:00,51500
Bawang Merah,Bawang Merah,kategori,2025-03-27 00:00:00,51500
Bawang Merah,Bawang Merah,kategori,2025-03-28 00:00:00,51500
Bawang Merah,Bawang Merah,kategori,2025-03-31 00:00:00,51500
Bawang Merah,Bawang Merah,kategori,2025-04-01 00:00:00,51500
Bawang Merah,Bawang Merah,kategori,2025-04-02 00:00:00,51500
Bawang Merah,Bawang Merah,kategori,2025-04-03 00:00:00,51500
Bawang Merah,Bawang Merah,kategori,2025-04-04 00:00:00,51500
Bawang Merah,Bawang Merah,kategori,2025-04-07 00:00:00,51500
Bawang Merah,Bawang Merah,kategori,2025-04-08 00:00:00,54000
Bawang Merah,Bawang Merah,kategori,2025-04-09 00:00:00,52500
Bawang Merah,Bawang Merah,kategori,2025-04-10 00:00:00,51000
Bawang Merah,Bawang Merah,kategori,2025-04-11 00:00:00,48000
Bawang Merah,Bawang Merah,kategori,2025-04-14 00:00:00,47250
Bawang Merah,Bawang Merah,kategori,2025-04-15 00:00:00,47250
Bawang Merah,Bawang Merah,kategori,2025-04-16 00:00:00,47250
Bawang Merah,Bawang Merah,kategori,2025-04-17 00:00:00,46750
Bawang Merah,Bawang Merah,kategori,2025-04-18 00:00:00,46750
Bawang Merah,Bawang Merah,kategori,2025-04-21 00:00:00,46250
Bawang Merah,Bawang Merah,kategori,2025-04-22 00:00:00,46250
Bawang Merah,Bawang Merah,kategori,2025-04-23 00:00:00,46250
Bawang Merah,Bawang Merah,kategori,2025-04-24 00:00:00,46250
Bawang Merah,Bawang Merah,kategori,2025-04-25 00:00:00,46250
Bawang Merah,Bawang Merah,kategori,2025-04-28 00:00:00,43750
Bawang Merah,Bawang Merah,kategori,2025-04-29 00:00:00,43250
Bawang Merah,Bawang Merah,kategori,2025-04-30 00:00:00,43250
Bawang Merah,Bawang Merah,kategori,2025-05-01 00:00:00,43250
Bawang Merah,Bawang Merah,kategori,2025-05-02 00:00:00,42250
Bawang Merah,Bawang Merah,kategori,2025-05-05 00:00:00,39750
Bawang Merah,Bawang Merah,kategori,2025-05-06 00:00:00,39750
Bawang Merah,Bawang Merah,kategori,2025-05-07 00:00:00,39750
Bawang Merah,Bawang Merah,kategori,2025-05-08 00:00:00,39750
Bawang Merah,Bawang Merah,kategori,2025-05-09 00:00:00,40000
Bawang Merah,Bawang Merah,kategori,2025-05-12 00:00:00,40000
Bawang Merah,Bawang Merah,kategori,2025-05-13 00:00:00,41250
Bawang Merah,Bawang Merah,kategori,2025-05-14 00:00:00,42250
Bawang Merah,Bawang Merah,kategori,2025-05-15 00:00:00,43250
Bawang Merah,Bawang Merah,kategori,2025-05-16 00:00:00,42750
Bawang Merah,Bawang Merah,kategori,2025-05-19 00:00:00,44000
Bawang Merah,Bawang Merah,kategori,2025-05-20 00:00:00,43500
Bawang Merah,Bawang Merah,kategori,2025-05-21 00:00:00,43500
Bawang Merah,Bawang Merah,kategori,2025-05-22 00:00:00,44250
Bawang Merah,Bawang Merah,kategori,2025-05-23 00:00:00,43750
Bawang Merah,Bawang Merah,kategori,2025-05-26 00:00:00,44750
Bawang Merah,Bawang Merah,kategori,2025-05-27 00:00:00,44750
Bawang Merah,Bawang Merah,kategori,2025-05-28 00:00:00,44750
Bawang Merah,Bawang Merah,kategori,2025-05-29 00:00:00,44750
Bawang Merah,Bawang Merah,kategori,2025-05-30 00:00:00,44750
Bawang Merah,Bawang Merah,kategori,2025-06-02 00:00:00,49500
Bawang Merah,Bawang Merah,kategori,2025-06-03 00:00:00,49000
Bawang Merah,Bawang Merah,kategori,2025-06-04 00:00:00,50500
Bawang Merah,Bawang Merah,kategori,2025-06-05 00:00:00,50500
Bawang Merah,Bawang Merah,kategori,2025-06-06 00:00:00,50500
Bawang Merah,Bawang Merah,kategori,2025-06-09 00:00:00,50500
Bawang Merah,Bawang Merah,kategori,2025-06-10 00:00:00,50500
Bawang Merah,Bawang Merah,kategori,2025-06-11 00:00:00,49000
Bawang Merah,Bawang Merah,kategori,2025-06-12 00:00:00,49500
Bawang Merah,Bawang Merah,kategori,2025-06-13 00:00:00,51500
Bawang Merah,Bawang Merah,kategori,2025-06-16 00:00:00,57000
Bawang Merah,Bawang Merah,kategori,2025-06-17 00:00:00,58000
Bawang Merah,Bawang Merah,kategori,2025-06-18 00:00:00,58000
Bawang Merah,Bawang Merah,kategori,2025-06-19 00:00:00,58000
Bawang Merah,Bawang Merah,kategori,2025-06-20 00:00:00,58750
Bawang Merah,Bawang Merah,kategori,2025-06-23 00:00:00,60000
Bawang Merah,Bawang Merah,kategori,2025-06-24 00:00:00,59000
Bawang Merah,Bawang Merah,kategori,2025-06-25 00:00:00,59000
Bawang Merah,Bawang Merah,kategori,2025-06-26 00:00:00,59000
Bawang Merah,Bawang Merah,kategori,2025-06-27 00:00:00,59000
Bawang Merah,Bawang Merah,kategori,2025-06-30 00:00:00,55000
Bawang Merah,Bawang Merah,kategori,2025-07-01 00:00:00,52750
Bawang Merah,Bawang Merah,kategori,2025-07-02 00:00:00,52750
Bawang Merah,Bawang Merah,kategori,2025-07-03 00:00:00,52750
Bawang Merah,Bawang Merah,kategori,2025-07-04 00:00:00,52750
Bawang Merah,Bawang Merah,kategori,2025-07-07 00:00:00,50250
Bawang Merah,Bawang Merah,kategori,2025-07-08 00:00:00,50250
Bawang Merah,Bawang Merah,kategori,2025-07-09 00:00:00,50250
Bawang Merah,Bawang Merah,kategori,2025-07-10 00:00:00,52750
Bawang Merah,Bawang Merah,kategori,2025-07-11 00:00:00,52750
Bawang Merah,Bawang Merah,kategori,2025-07-14 00:00:00,54250
Bawang Merah,Bawang Merah,kategori,2025-07-15 00:00:00,51750
Bawang Merah,Bawang Merah,kategori,2025-07-16 00:00:00,53000
Bawang Merah,Bawang Merah,kategori,2025-07-17 00:00:00,53000
Bawang Merah,Bawang Merah,kategori,2025-07-18 00:00:00,53000
Bawang Merah,Bawang Merah,kategori,2025-07-21 00:00:00,54500
Bawang Merah,Bawang Merah,kategori,2025-07-22 00:00:00,53750
Bawang Merah,Bawang Merah,kategori,2025-07-23 00:00:00,55750
Bawang Merah,Bawang Merah,kategori,2025-07-24 00:00:00,54750
Bawang Merah,Bawang Merah,kategori,2025-07-25 00:00:00,57000
Bawang Merah,Bawang Merah,kategori,2025-07-28 00:00:00,59000
Bawang Merah,Bawang Merah,kategori,2025-07-29 00:00:00,61250
Bawang Merah,Bawang Merah,kategori,2025-07-30 00:00:00,66000
Bawang Merah,Bawang Merah,kategori,2025-07-31 00:00:00,67500
Bawang Merah,Bawang Merah,kategori,2025-08-01 00:00:00,68500
Bawang Merah,Bawang Merah,kategori,2025-08-04 00:00:00,68000
Bawang Merah,Bawang Merah,kategori,2025-08-05 00:00:00,66250
Bawang Merah,Bawang Merah,kategori,2025-08-06 00:00:00,66750
Bawang Merah,Bawang Merah,kategori,2025-08-07 00:00:00,67500
Bawang Merah,Bawang Merah,kategori,2025-08-08 00:00:00,66750
Bawang Merah,Bawang Merah,kategori,2025-08-11 00:00:00,65750
Bawang Merah,Bawang Merah,kategori,2025-08-12 00:00:00,65000
Bawang Merah,Bawang Merah,kategori,2025-08-13 00:00:00,68250
Bawang Merah,Bawang Merah,kategori,2025-08-14 00:00:00,68250
Bawang Merah,Bawang Merah,kategori,2025-08-15 00:00:00,67250
Bawang Merah,Bawang Merah,kategori,2025-08-18 00:00:00,67250
Bawang Merah,Bawang Merah,kategori,2025-08-19 00:00:00,64500
Bawang Merah,Bawang Merah,kategori,2025-08-20 00:00:00,65500
Bawang Merah,Bawang Merah,kategori,2025-08-21 00:00:00,63000
Bawang Merah,Bawang Merah,kategori,2025-08-22 00:00:00,61000
Bawang Merah,Bawang Merah,kategori,2025-08-25 00:00:00,47500
Bawang Merah,Bawang Merah,kategori,2025-08-26 00:00:00,46500
Bawang Merah,Bawang Merah,kategori,2025-08-27 00:00:00,51750
Bawang Merah,Bawang Merah,kategori,2025-08-28 00:00:00,54250
Bawang Merah,Bawang Merah,kategori,2025-08-29 00:00:00,52250
Bawang Merah,Bawang Merah,kategori,2025-09-01 00:00:00,51000
Bawang Merah,Bawang Merah,kategori,2025-09-02 00:00:00,48250
Bawang Merah,Bawang Merah,kategori,2025-09-03 00:00:00,49250
Bawang Merah,Bawang Merah,kategori,2025-09-04 00:00:00,49000
Bawang Merah,Bawang Merah,kategori,2025-09-05 00:00:00,49000
Bawang Merah,Bawang Merah,kategori,2025-09-08 00:00:00,46500
Bawang Merah,Bawang Merah,kategori,2025-09-09 00:00:00,45500
Bawang Merah,Bawang Merah,kategori,2025-09-10 00:00:00,47000
Bawang Merah,Bawang Merah,kategori,2025-09-11 00:00:00,45750
Bawang Merah,Bawang Merah,kategori,2025-09-12 00:00:00,45750
Bawang Merah,Bawang Merah,kategori,2025-09-15 00:00:00,44750
Bawang Merah,Bawang Merah,kategori,2025-09-16 00:00:00,47250
Bawang Merah,Bawang Merah,kategori,2025-09-17 00:00:00,45250
Bawang Merah,Bawang Merah,kategori,2025-09-18 00:00:00,44250
Bawang Merah,Bawang Merah,kategori,2025-09-19 00:00:00,44250
Bawang Merah,Bawang Merah,kategori,2025-09-22 00:00:00,42750
Bawang Merah,Bawang Merah,kategori,2025-09-23 00:00:00,42250
Bawang Merah,Bawang Merah,kategori,2025-09-24 00:00:00,42250
Bawang Merah,Bawang Merah,kategori,2025-09-25 00:00:00,42750
Bawang Merah,Bawang Merah,kategori,2025-09-26 00:00:00,42750
Bawang Merah,Bawang Merah,kategori,2025-09-29 00:00:00,40250
Bawang Merah,Bawang Merah,kategori,2025-09-30 00:00:00,40250
Bawang Merah,Bawang Merah,kategori,2025-10-01 00:00:00,39000
Bawang Merah,Bawang Merah,kategori,2025-10-02 00:00:00,39000
Bawang Merah,Bawang Merah,kategori,2025-10-03 00:00:00,39000
Bawang Merah,Bawang Merah,kategori,2025-10-06 00:00:00,40000
Bawang Merah,Bawang Merah,kategori,2025-10-07 00:00:00,40000
Bawang Merah,Bawang Merah,kategori,2025-10-08 00:00:00,41500
Bawang Merah,Bawang Merah,kategori,2025-10-09 00:00:00,46750
Bawang Merah,Bawang Merah,kategori,2025-10-10 00:00:00,47750
Bawang Merah,Bawang Merah,kategori,2025-10-13 00:00:00,47250
Bawang Merah,Bawang Merah,kategori,2025-10-14 00:00:00,47250
Bawang Merah,Bawang Merah,kategori,2025-10-15 00:00:00,46500
Bawang Merah,Bawang Merah,kategori,2025-10-16 00:00:00,46500
Bawang Merah,Bawang Merah,kategori,2025-10-17 00:00:00,46500
Bawang Merah,Bawang Merah,kategori,2025-10-20 00:00:00,43750
Bawang Merah,Bawang Merah,kategori,2025-10-21 00:00:00,43500
Bawang Merah,Bawang Merah,kategori,2025-10-22 00:00:00,43500
Bawang Merah,Bawang Merah,kategori,2025-10-23 00:00:00,43000
Bawang Merah,Bawang Merah,kategori,2025-10-24 00:00:00,43000
Bawang Merah,Bawang Merah,kategori,2025-10-27 00:00:00,41000
Bawang Merah,Bawang Merah,kategori,2025-10-28 00:00:00,41000
Bawang Merah,Bawang Merah,kategori,2025-10-29 00:00:00,41000
Bawang Merah,Bawang Merah,kategori,2025-10-30 00:00:00,42000
Bawang Merah,Bawang Merah,kategori,2025-10-31 00:00:00,41000
Bawang Merah,Bawang Merah,kategori,2025-11-03 00:00:00,40000
Bawang Merah,Bawang Merah,kategori,2025-11-04 00:00:00,41000
Bawang Merah,Bawang Merah,kategori,2025-11-05 00:00:00,42250
Bawang Merah,Bawang Merah,kategori,2025-11-06 00:00:00,42250
Bawang Merah,Bawang Merah,kategori,2025-11-07 00:00:00,42250
Bawang Merah,Bawang Merah,kategori,2025-11-10 00:00:00,42250
Bawang Merah,Bawang Merah,kategori,2025-11-11 00:00:00,42250
Bawang Merah,Bawang Merah,kategori,2025-11-12 00:00:00,40000
Bawang Merah,Bawang Merah,kategori,2025-11-13 00:00:00,40000
Bawang Merah,Bawang Merah,kategori,2025-11-14 00:00:00,40000
Bawang Merah,Bawang Merah,kategori,2025-11-17 00:00:00,40000
Bawang Merah,Bawang Merah,kategori,2025-11-18 00:00:00,40000
Bawang Merah,Bawang Merah,kategori,2025-11-19 00:00:00,40000
Bawang Merah,Bawang Merah,kategori,2025-11-20 00:00:00,41250
Bawang Merah,Bawang Merah,kategori,2025-11-21 00:00:00,41250
Bawang Merah,Bawang Merah,kategori,2025-11-24 00:00:00,44250
Bawang Merah,Bawang Merah,kategori,2025-11-25 00:00:00,46250
Bawang Merah,Bawang Merah,kategori,2025-11-26 00:00:00,46250
Bawang Merah,Bawang Merah,kategori,2025-11-27 00:00:00,47750
Bawang Merah,Bawang Merah,kategori,2025-11-28 00:00:00,50000
Bawang Merah,Bawang Merah,kategori,2025-12-01 00:00:00,52500
Bawang Merah,Bawang Merah,kategori,2025-12-02 00:00:00,52500
Bawang Merah,Bawang Merah,kategori,2025-12-03 00:00:00,52500
Bawang Merah,Bawang Merah,kategori,2025-12-04 00:00:00,54250
Bawang Merah,Bawang Merah,kategori,2025-12-05 00:00:00,54250
Bawang Merah,Bawang Merah,kategori,2025-12-08 00:00:00,54250
Bawang Merah,Bawang Merah,kategori,2025-12-09 00:00:00,54250
Bawang Merah,Bawang Merah,kategori,2025-12-10 00:00:00,54250
Bawang Merah,Bawang Merah,kategori,2025-12-11 00:00:00,54250
Bawang Merah,Bawang Merah,kategori,2025-12-12 00:00:00,56250
Bawang Merah,Bawang Merah,kategori,2025-12-15 00:00:00,57500
Bawang Merah,Bawang Merah,kategori,2025-12-16 00:00:00,58750
Bawang Merah,Bawang Merah,kategori,2025-12-17 00:00:00,58750
Bawang Merah,Bawang Merah,kategori,2025-12-18 00:00:00,59500
Bawang Merah,Bawang Merah,kategori,2025-12-19 00:00:00,59500
Bawang Merah,Bawang Merah,kategori,2025-12-22 00:00:00,62000
Bawang Merah,Bawang Merah,kategori,2025-12-23 00:00:00,63000
Bawang Merah,Bawang Merah,kategori,2025-12-24 00:00:00,62750
Bawang Merah,Bawang Merah,kategori,2025-12-25 00:00:00,62750
Bawang Merah,Bawang Merah,kategori,2025-12-26 00:00:00,62750
Bawang Merah,Bawang Merah,kategori,2025-12-29 00:00:00,61500
Bawang Merah,Bawang Merah,kategori,2025-12-30 00:00:00,58750
Bawang Merah,Bawang Merah,kategori,2025-12-31 00:00:00,58750
Bawang Merah,Bawang Merah,kategori,2026-01-01 00:00:00,58750
Bawang Merah,Bawang Merah,kategori,2026-01-02 00:00:00,58750
Bawang Merah,Bawang Merah,kategori,2026-01-05 00:00:00,60750
Bawang Merah,Bawang Merah,kategori,2026-01-06 00:00:00,60750
Bawang Merah,Bawang Merah,kategori,2026-01-07 00:00:00,57500
Bawang Merah,Bawang Merah,kategori,2026-01-08 00:00:00,56250
Bawang Merah,Bawang Merah,kategori,2026-01-09 00:00:00,53750
Bawang Merah,Bawang Merah,kategori,2026-01-12 00:00:00,49500
Bawang Merah,Bawang Merah,kategori,2026-01-13 00:00:00,49500
Bawang Merah,Bawang Merah,kategori,2026-01-14 00:00:00,48250
Bawang Merah,Bawang Merah,kategori,2026-01-15 00:00:00,48250
Bawang Merah,Bawang Merah,kategori,2026-01-16 00:00:00,48250
Bawang Merah,Bawang Merah,kategori,2026-01-19 00:00:00,45000
Bawang Merah,Bawang Merah,kategori,2026-01-20 00:00:00,44250
Bawang Merah,Bawang Merah,kategori,2026-01-21 00:00:00,44250
Bawang Merah,Bawang Merah,kategori,2026-01-22 00:00:00,44000
Bawang Merah,Bawang Merah,kategori,2026-01-23 00:00:00,44000
Bawang Merah,Bawang Merah,kategori,2026-01-26 00:00:00,41250
Bawang Merah,Bawang Merah,kategori,2026-01-27 00:00:00,40000
Bawang Merah,Bawang Merah,kategori,2026-01-28 00:00:00,40000
Bawang Merah,Bawang Merah,kategori,2026-01-29 00:00:00,40000
Bawang Merah,Bawang Merah,kategori,2026-01-30 00:00:00,40000
Bawang Merah,Bawang Merah,kategori,2026-02-02 00:00:00,40000
Bawang Merah,Bawang Merah,kategori,2026-02-03 00:00:00,40000
Bawang Merah,Bawang Merah,kategori,2026-02-04 00:00:00,41250
Bawang Merah,Bawang Merah,kategori,2026-02-05 00:00:00,41250
Bawang Merah,Bawang Merah,kategori,2026-02-06 00:00:00,40000
Bawang Merah,Bawang Merah,kategori,2026-02-09 00:00:00,40000
Bawang Merah,Bawang Merah,kategori,2026-02-10 00:00:00,40000
Bawang Merah,Bawang Merah,kategori,2026-02-11 00:00:00,40000
Bawang Merah,Bawang Merah,kategori,2026-02-12 00:00:00,40000
Bawang Merah,Bawang Merah,kategori,2026-02-13 00:00:00,40000
Bawang Merah,Bawang Merah,kategori,2026-02-16 00:00:00,40000
Bawang Merah,Bawang Merah,kategori,2026-02-17 00:00:00,40000
Bawang Merah,Bawang Merah,kategori,2026-02-18 00:00:00,41250
Bawang Merah,Bawang Merah,kategori,2026-02-19 00:00:00,41250
Bawang Merah,Bawang Merah,kategori,2026-02-20 00:00:00,41250
Bawang Merah,Bawang Merah,kategori,2026-02-23 00:00:00,42250
Bawang Merah,Bawang Merah,kategori,2026-02-24 00:00:00,41000
Bawang Merah,Bawang Merah,kategori,2026-02-25 00:00:00,41000
Bawang Merah,Bawang Merah,kategori,2026-02-26 00:00:00,41000
Bawang Merah,Bawang Merah,kategori,2026-02-27 00:00:00,41500
Bawang Merah,Bawang Merah,kategori,2026-03-02 00:00:00,42000
Bawang Merah,Bawang Merah,kategori,2026-03-03 00:00:00,43250
Bawang Merah,Bawang Merah,kategori,2026-03-04 00:00:00,44500
Bawang Merah,Bawang Merah,kategori,2026-03-05 00:00:00,44500
Bawang Merah,Bawang Merah,kategori,2026-03-06 00:00:00,43500
Bawang Merah,Bawang Merah,kategori,2026-03-09 00:00:00,42500
Bawang Merah,Bawang Merah,kategori,2026-03-10 00:00:00,42500
Bawang Merah,Bawang Merah,kategori,2026-03-11 00:00:00,43500
Bawang Merah,Bawang Merah,kategori,2026-03-12 00:00:00,43750
Bawang Merah,Bawang Merah,kategori,2026-03-13 00:00:00,43750
Bawang Merah,Bawang Merah,kategori,2026-03-16 00:00:00,45000
Bawang Merah,Bawang Merah,kategori,2026-03-17 00:00:00,46250
Bawang Merah,Bawang Merah,kategori,2026-03-18 00:00:00,46250
Bawang Merah,Bawang Merah,kategori,2026-03-19 00:00:00,46250
Bawang Merah,Bawang Merah,kategori,2026-03-20 00:00:00,46250
Bawang Merah,Bawang Merah,kategori,2026-03-23 00:00:00,46250
Bawang Merah,Bawang Merah,kategori,2026-03-24 00:00:00,46250
Bawang Merah,Bawang Merah,kategori,2026-03-25 00:00:00,48750
Bawang Merah,Bawang Merah,kategori,2026-03-26 00:00:00,48750
Bawang Merah,Bawang Merah,kategori,2026-03-27 00:00:00,47500
Bawang Merah,Bawang Merah,kategori,2026-03-30 00:00:00,47500
Bawang Merah,Bawang Merah,kategori,2026-03-31 00:00:00,54000
Bawang Merah,Bawang Merah,kategori,2026-04-01 00:00:00,52750
Bawang Merah,Bawang Merah,kategori,2026-04-02 00:00:00,54000
Bawang Merah,Bawang Merah,kategori,2026-04-03 00:00:00,54000
Bawang Merah,Bawang Merah,kategori,2026-04-06 00:00:00,52750
Bawang Merah,Bawang Merah,kategori,2026-04-07 00:00:00,52750
Bawang Merah,Bawang Merah,kategori,2026-04-08 00:00:00,52750
Bawang Merah,Bawang Merah,kategori,2026-04-09 00:00:00,52750
Bawang Merah,Bawang Merah,kategori,2026-04-10 00:00:00,52750
Bawang Merah,Bawang Merah,kategori,2026-04-13 00:00:00,51000
Bawang Merah,Bawang Merah,kategori,2026-04-14 00:00:00,50250
Bawang Merah,Bawang Merah,kategori,2026-04-15 00:00:00,47250
Bawang Merah,Bawang Merah,kategori,2026-04-16 00:00:00,46750
Bawang Merah,Bawang Merah,kategori,2026-04-17 00:00:00,45000
Bawang Merah,Bawang Merah,kategori,2026-04-20 00:00:00,46250
Bawang Merah,Bawang Merah,kategori,2026-04-21 00:00:00,46250
Bawang Merah,Bawang Merah,kategori,2026-04-22 00:00:00,46250
Bawang Merah,Bawang Merah,kategori,2026-04-23 00:00:00,42750
Bawang Merah,Bawang Merah,kategori,2026-04-24 00:00:00,42250
Bawang Merah,Bawang Merah,kategori,2026-04-27 00:00:00,43250
Bawang Merah,Bawang Merah,kategori,2026-04-28 00:00:00,43250
Bawang Merah,Bawang Merah,kategori,2026-04-29 00:00:00,43250
Bawang Merah,Bawang Merah,kategori,2026-04-30 00:00:00,43250
Bawang Merah,Bawang Merah,kategori,2026-05-01 00:00:00,43250
Bawang Merah,Bawang Merah,kategori,2026-05-04 00:00:00,43250
Bawang Merah,Bawang Merah,kategori,2026-05-05 00:00:00,43250
Bawang Merah,Bawang Merah,kategori,2026-05-06 00:00:00,43750
Bawang Merah,Bawang Merah,kategori,2026-05-07 00:00:00,43750
Bawang Merah,Bawang Merah,kategori,2026-05-08 00:00:00,43750
Bawang Merah,Bawang Merah,kategori,2026-05-11 00:00:00,43750
Bawang Merah,Bawang Merah,kategori,2026-05-12 00:00:00,43750
Bawang Merah,Bawang Merah,kategori,2026-05-13 00:00:00,43750
Bawang Merah,Bawang Merah,kategori,2026-05-14 00:00:00,43750
Bawang Merah,Bawang Merah,kategori,2026-05-15 00:00:00,43750
Bawang Merah,Bawang Merah,kategori,2026-05-18 00:00:00,46000
Bawang Merah,Bawang Merah,kategori,2026-05-19 00:00:00,45000
Bawang Merah,Bawang Merah,kategori,2026-05-20 00:00:00,45000
Bawang Merah,Bawang Merah,kategori,2026-05-21 00:00:00,45000
Bawang Merah,Bawang Merah,kategori,2026-05-22 00:00:00,45000
Bawang Merah,Bawang Merah,kategori,2026-05-25 00:00:00,45000
Bawang Merah,Bawang Merah,kategori,2026-05-26 00:00:00,45000
Bawang Merah,Bawang Merah,kategori,2026-05-27 00:00:00,45000
Bawang Merah,Bawang Merah,kategori,2026-05-28 00:00:00,45000
Bawang Merah,Bawang Merah,kategori,2026-05-29 00:00:00,49000
Bawang Merah,Bawang Merah,kategori,2026-06-01 00:00:00,49000
Bawang Merah,Bawang Merah,kategori,2026-06-02 00:00:00,49000
Bawang Merah,Bawang Merah,kategori,2026-06-03 00:00:00,52500
Bawang Merah,Bawang Merah,kategori,2026-06-04 00:00:00,68750
Bawang Merah,Bawang Merah,kategori,2026-06-05 00:00:00,77500
Bawang Merah,Bawang Merah,kategori,2026-06-08 00:00:00,101250
Bawang Merah,Bawang Merah,kategori,2026-06-09 00:00:00,95000
Bawang Merah,Bawang Merah,kategori,2026-06-10 00:00:00,81250
Bawang Merah,Bawang Merah,kategori,2026-06-11 00:00:00,75000
Bawang Merah,Bawang Merah,kategori,2026-06-12 00:00:00,75000
Bawang Merah,Bawang Merah,kategori,2026-06-15 00:00:00,69500
Bawang Merah,Bawang Merah,kategori,2026-06-16 00:00:00,69500
Bawang Merah,Bawang Merah,kategori,2026-06-17 00:00:00,66250
Bawang Merah,Bawang Merah,kategori,2026-06-18 00:00:00,66000
Bawang Merah,Bawang Merah,kategori,2026-06-19 00:00:00,58750
Bawang Merah,Bawang Merah,kategori,2026-06-22 00:00:00,51250
Bawang Merah,Bawang Merah,kategori,2026-06-23 00:00:00,51250
Bawang Merah,Bawang Merah,kategori,2026-06-24 00:00:00,50250
Bawang Merah,Bawang Merah,kategori,2026-06-25 00:00:00,48000
Bawang Merah,Bawang Merah,kategori,2026-06-26 00:00:00,48000
Bawang Merah,Bawang Merah,kategori,2026-06-29 00:00:00,47500
Bawang Merah,Bawang Merah,kategori,2026-06-30 00:00:00,47500
Bawang Merah,Bawang Merah,kategori,2026-07-01 00:00:00,47000
Bawang Merah,Bawang Merah,kategori,2026-07-02 00:00:00,46500
Bawang Merah,Bawang Merah,kategori,2026-07-03 00:00:00,46500
Bawang Merah,Bawang Merah,kategori,2026-07-06 00:00:00,46500
Bawang Merah,Bawang Merah,kategori,2026-07-07 00:00:00,46500
Bawang Merah,Bawang Merah,kategori,2026-07-08 00:00:00,46500
Bawang Merah,Bawang Merah,kategori,2026-07-09 00:00:00,46500
Bawang Merah,Bawang Merah,kategori,2026-07-10 00:00:00,45500
Bawang Merah,Bawang Merah,kategori,2026-07-13 00:00:00,44500
Bawang Merah,Bawang Merah,kategori,2026-07-14 00:00:00,43250
Bawang Merah,Bawang Merah,kategori,2026-07-15 00:00:00,43500
Bawang Merah,Bawang Merah,kategori,2026-07-16 00:00:00,44250
Bawang Merah,Bawang Merah,kategori,2026-07-17 00:00:00,43000
Bawang Merah,Bawang Merah,kategori,2026-07-20 00:00:00,43500
Bawang Merah,Bawang Merah,kategori,2026-07-21 00:00:00,43500
Bawang Merah,Bawang Merah,kategori,2026-07-22 00:00:00,43500
Bawang Merah,Bawang Merah,kategori,2026-07-23 00:00:00,41750
Bawang Merah,Bawang Merah,kategori,2026-07-24 00:00:00,41000
Bawang Merah,Bawang Merah,kategori,2026-07-27 00:00:00,40750
Bawang Merah,Bawang Merah,kategori,2026-07-28 00:00:00,38750
Bawang Merah,Bawang Merah,kategori,2026-07-29 00:00:00,37750
Bawang Merah,Bawang Merah,kategori,2026-07-30 00:00:00,37500
Bawang Merah,Bawang Merah,kategori,2026-07-31 00:00:00,37500
Bawang Merah,Bawang Merah,kategori,2026-08-03 00:00:00,36250
Bawang Merah,Bawang Merah,kategori,2026-08-04 00:00:00,36250
Bawang Merah,Bawang Merah,kategori,2026-08-05 00:00:00,39750
Bawang Merah,Bawang Merah,kategori,2026-08-06 00:00:00,39750
Bawang Merah,Bawang Merah,kategori,2026-08-07 00:00:00,38750
Bawang Merah,Bawang Merah,kategori,2026-08-10 00:00:00,38750
Bawang Merah,Bawang Merah,kategori,2026-08-11 00:00:00,38750
Bawang Merah,Bawang Merah,kategori,2026-08-12 00:00:00,38750
Bawang Merah,Bawang Merah,kategori,2026-08-13 00:00:00,38750
Bawang Merah,Bawang Merah,kategori,2026-08-14 00:00:00,38750
Bawang Merah,Bawang Merah,kategori,2026-08-17 00:00:00,38750
Bawang Merah,Bawang Merah,kategori,2026-08-18 00:00:00,38750
Bawang Merah,Bawang Merah,kategori,2026-08-19 00:00:00,38750
Bawang Merah,Bawang Merah,kategori,2026-08-20 00:00:00,38750
Bawang Merah,Bawang Merah,kategori,2026-08-21 00:00:00,38750
Bawang Merah,Bawang Merah,kategori,2026-08-24 00:00:00,38750
Bawang Merah,Bawang Merah,kategori,2026-08-25 00:00:00,38750
Bawang Merah,Bawang Merah,kategori,2026-08-26 00:00:00,38750
Bawang Merah,Bawang Merah,kategori,2026-08-27 00:00:00,38750
Bawang Merah,Bawang Merah,kategori,2026-08-28 00:00:00,38750
Bawang Merah,Bawang Merah,kategori,2026-08-31 00:00:00,42750
Bawang Merah,Bawang Merah,kategori,2026-09-01 00:00:00,42750
Bawang Merah,Bawang Merah,kategori,2026-09-02 00:00:00,42750
Bawang Merah,Bawang Merah,kategori,2026-09-03 00:00:00,42750
Bawang Merah,Bawang Merah,kategori,2026-09-04 00:00:00,42750
Bawang Merah,Bawang Merah,kategori,2026-09-07 00:00:00,42750
Bawang Merah,Bawang Merah,kategori,2026-09-08 00:00:00,
Bawang Merah Ukuran Sedang,Bawang Merah,varian,2025-01-01 00:00:00,47500
Bawang Merah Ukuran Sedang,Bawang Merah,varian,2025-01-02 00:00:00,46500
Bawang Merah Ukuran Sedang,Bawang Merah,varian,2025-01-03 00:00:00,46500
Bawang Merah Ukuran Sedang,Bawang Merah,varian,2025-01-06 00:00:00,46250
Bawang Merah Ukuran Sedang,Bawang Merah,varian,2025-01-07 00:00:00,45750
Bawang Merah Ukuran Sedang,Bawang Merah,varian,2025-01-08 00:00:00,45750
Bawang Merah Ukuran Sedang,Bawang Merah,varian,2025-01-09 00:00:00,45750
Bawang Merah Ukuran Sedang,Bawang Merah,varian,2025-01-10 00:00:00,45750
Bawang Merah Ukuran Sedang,Bawang Merah,varian,2025-01-13 00:00:00,44750
Bawang Merah Ukuran Sedang,Bawang Merah,varian,2025-01-14 00:00:00,44250
Bawang Merah Ukuran Sedang,Bawang Merah,varian,2025-01-15 00:00:00,43000
Bawang Merah Ukuran Sedang,Bawang Merah,varian,2025-01-16 00:00:00,43000
Bawang Merah Ukuran Sedang,Bawang Merah,varian,2025-01-17 00:00:00,43000
Bawang Merah Ukuran Sedang,Bawang Merah,varian,2025-01-20 00:00:00,41000
Bawang Merah Ukuran Sedang,Bawang Merah,varian,2025-01-21 00:00:00,42000
Bawang Merah Ukuran Sedang,Bawang Merah,varian,2025-01-22 00:00:00,41000
Bawang Merah Ukuran Sedang,Bawang Merah,varian,2025-01-23 00:00:00,41000
Bawang Merah Ukuran Sedang,Bawang Merah,varian,2025-01-24 00:00:00,40500
Bawang Merah Ukuran Sedang,Bawang Merah,varian,2025-01-27 00:00:00,40500
Bawang Merah Ukuran Sedang,Bawang Merah,varian,2025-01-28 00:00:00,40500
Bawang Merah Ukuran Sedang,Bawang Merah,varian,2025-01-29 00:00:00,40500
Bawang Merah Ukuran Sedang,Bawang Merah,varian,2025-01-30 00:00:00,40500
Bawang Merah Ukuran Sedang,Bawang Merah,varian,2025-01-31 00:00:00,40500
Bawang Merah Ukuran Sedang,Bawang Merah,varian,2025-02-03 00:00:00,39000
Bawang Merah Ukuran Sedang,Bawang Merah,varian,2025-02-04 00:00:00,38500
Bawang Merah Ukuran Sedang,Bawang Merah,varian,2025-02-05 00:00:00,38500
Bawang Merah Ukuran Sedang,Bawang Merah,varian,2025-02-06 00:00:00,39000
Bawang Merah Ukuran Sedang,Bawang Merah,varian,2025-02-07 00:00:00,39000
Bawang Merah Ukuran Sedang,Bawang Merah,varian,2025-02-10 00:00:00,40000
Bawang Merah Ukuran Sedang,Bawang Merah,varian,2025-02-11 00:00:00,40000
Bawang Merah Ukuran Sedang,Bawang Merah,varian,2025-02-12 00:00:00,40000
Bawang Merah Ukuran Sedang,Bawang Merah,varian,2025-02-13 00:00:00,40000
Bawang Merah Ukuran Sedang,Bawang Merah,varian,2025-02-14 00:00:00,40000
Bawang Merah Ukuran Sedang,Bawang Merah,varian,2025-02-17 00:00:00,41000
Bawang Merah Ukuran Sedang,Bawang Merah,varian,2025-02-18 00:00:00,41000
Bawang Merah Ukuran Sedang,Bawang Merah,varian,2025-02-19 00:00:00,41000
Bawang Merah Ukuran Sedang,Bawang Merah,varian,2025-02-20 00:00:00,41000
Bawang Merah Ukuran Sedang,Bawang Merah,varian,2025-02-21 00:00:00,40000
Bawang Merah Ukuran Sedang,Bawang Merah,varian,2025-02-24 00:00:00,43000
Bawang Merah Ukuran Sedang,Bawang Merah,varian,2025-02-25 00:00:00,45500
Bawang Merah Ukuran Sedang,Bawang Merah,varian,2025-02-26 00:00:00,46750
Bawang Merah Ukuran Sedang,Bawang Merah,varian,2025-02-27 00:00:00,46750
Bawang Merah Ukuran Sedang,Bawang Merah,varian,2025-02-28 00:00:00,49000
Bawang Merah Ukuran Sedang,Bawang Merah,varian,2025-03-03 00:00:00,50000
Bawang Merah Ukuran Sedang,Bawang Merah,varian,2025-03-04 00:00:00,50000
Bawang Merah Ukuran Sedang,Bawang Merah,varian,2025-03-05 00:00:00,50500
Bawang Merah Ukuran Sedang,Bawang Merah,varian,2025-03-06 00:00:00,49000
Bawang Merah Ukuran Sedang,Bawang Merah,varian,2025-03-07 00:00:00,49000
Bawang Merah Ukuran Sedang,Bawang Merah,varian,2025-03-10 00:00:00,50000
Bawang Merah Ukuran Sedang,Bawang Merah,varian,2025-03-11 00:00:00,48500
Bawang Merah Ukuran Sedang,Bawang Merah,varian,2025-03-12 00:00:00,48500
Bawang Merah Ukuran Sedang,Bawang Merah,varian,2025-03-13 00:00:00,49000
Bawang Merah Ukuran Sedang,Bawang Merah,varian,2025-03-14 00:00:00,48500
Bawang Merah Ukuran Sedang,Bawang Merah,varian,2025-03-17 00:00:00,48000
Bawang Merah Ukuran Sedang,Bawang Merah,varian,2025-03-18 00:00:00,48000
Bawang Merah Ukuran Sedang,Bawang Merah,varian,2025-03-19 00:00:00,48000
Bawang Merah Ukuran Sedang,Bawang Merah,varian,2025-03-20 00:00:00,48000
Bawang Merah Ukuran Sedang,Bawang Merah,varian,2025-03-21 00:00:00,48000
Bawang Merah Ukuran Sedang,Bawang Merah,varian,2025-03-24 00:00:00,51500
Bawang Merah Ukuran Sedang,Bawang Merah,varian,2025-03-25 00:00:00,51500
Bawang Merah Ukuran Sedang,Bawang Merah,varian,2025-03-26 00:00:00,51500
Bawang Merah Ukuran Sedang,Bawang Merah,varian,2025-03-27 00:00:00,51500
Bawang Merah Ukuran Sedang,Bawang Merah,varian,2025-03-28 00:00:00,51500
Bawang Merah Ukuran Sedang,Bawang Merah,varian,2025-03-31 00:00:00,51500
Bawang Merah Ukuran Sedang,Bawang Merah,varian,2025-04-01 00:00:00,51500
Bawang Merah Ukuran Sedang,Bawang Merah,varian,2025-04-02 00:00:00,51500
Bawang Merah Ukuran Sedang,Bawang Merah,varian,2025-04-03 00:00:00,51500
Bawang Merah Ukuran Sedang,Bawang Merah,varian,2025-04-04 00:00:00,51500
Bawang Merah Ukuran Sedang,Bawang Merah,varian,2025-04-07 00:00:00,51500
Bawang Merah Ukuran Sedang,Bawang Merah,varian,2025-04-08 00:00:00,54000
Bawang Merah Ukuran Sedang,Bawang Merah,varian,2025-04-09 00:00:00,52500
Bawang Merah Ukuran Sedang,Bawang Merah,varian,2025-04-10 00:00:00,51000
Bawang Merah Ukuran Sedang,Bawang Merah,varian,2025-04-11 00:00:00,48000
Bawang Merah Ukuran Sedang,Bawang Merah,varian,2025-04-14 00:00:00,47250
Bawang Merah Ukuran Sedang,Bawang Merah,varian,2025-04-15 00:00:00,47250
Bawang Merah Ukuran Sedang,Bawang Merah,varian,2025-04-16 00:00:00,47250
Bawang Merah Ukuran Sedang,Bawang Merah,varian,2025-04-17 00:00:00,46750
Bawang Merah Ukuran Sedang,Bawang Merah,varian,2025-04-18 00:00:00,46750
Bawang Merah Ukuran Sedang,Bawang Merah,varian,2025-04-21 00:00:00,46250
Bawang Merah Ukuran Sedang,Bawang Merah,varian,2025-04-22 00:00:00,46250
Bawang Merah Ukuran Sedang,Bawang Merah,varian,2025-04-23 00:00:00,46250
Bawang Merah Ukuran Sedang,Bawang Merah,varian,2025-04-24 00:00:00,46250
Bawang Merah Ukuran Sedang,Bawang Merah,varian,2025-04-25 00:00:00,46250
Bawang Merah Ukuran Sedang,Bawang Merah,varian,2025-04-28 00:00:00,43750
Bawang Merah Ukuran Sedang,Bawang Merah,varian,2025-04-29 00:00:00,43250
Bawang Merah Ukuran Sedang,Bawang Merah,varian,2025-04-30 00:00:00,43250
Bawang Merah Ukuran Sedang,Bawang Merah,varian,2025-05-01 00:00:00,43250
Bawang Merah Ukuran Sedang,Bawang Merah,varian,2025-05-02 00:00:00,42250
Bawang Merah Ukuran Sedang,Bawang Merah,varian,2025-05-05 00:00:00,39750
Bawang Merah Ukuran Sedang,Bawang Merah,varian,2025-05-06 00:00:00,39750
Bawang Merah Ukuran Sedang,Bawang Merah,varian,2025-05-07 00:00:00,39750
Bawang Merah Ukuran Sedang,Bawang Merah,varian,2025-05-08 00:00:00,39750
Bawang Merah Ukuran Sedang,Bawang Merah,varian,2025-05-09 00:00:00,40000
Bawang Merah Ukuran Sedang,Bawang Merah,varian,2025-05-12 00:00:00,40000
Bawang Merah Ukuran Sedang,Bawang Merah,varian,2025-05-13 00:00:00,41250
Bawang Merah Ukuran Sedang,Bawang Merah,varian,2025-05-14 00:00:00,42250
Bawang Merah Ukuran Sedang,Bawang Merah,varian,2025-05-15 00:00:00,43250
Bawang Merah Ukuran Sedang,Bawang Merah,varian,2025-05-16 00:00:00,42750
Bawang Merah Ukuran Sedang,Bawang Merah,varian,2025-05-19 00:00:00,44000
Bawang Merah Ukuran Sedang,Bawang Merah,varian,2025-05-20 00:00:00,43500
Bawang Merah Ukuran Sedang,Bawang Merah,varian,2025-05-21 00:00:00,43500
Bawang Merah Ukuran Sedang,Bawang Merah,varian,2025-05-22 00:00:00,44250
Bawang Merah Ukuran Sedang,Bawang Merah,varian,2025-05-23 00:00:00,43750
Bawang Merah Ukuran Sedang,Bawang Merah,varian,2025-05-26 00:00:00,44750
Bawang Merah Ukuran Sedang,Bawang Merah,varian,2025-05-27 00:00:00,44750
Bawang Merah Ukuran Sedang,Bawang Merah,varian,2025-05-28 00:00:00,44750
Bawang Merah Ukuran Sedang,Bawang Merah,varian,2025-05-29 00:00:00,44750
Bawang Merah Ukuran Sedang,Bawang Merah,varian,2025-05-30 00:00:00,44750
Bawang Merah Ukuran Sedang,Bawang Merah,varian,2025-06-02 00:00:00,49500
Bawang Merah Ukuran Sedang,Bawang Merah,varian,2025-06-03 00:00:00,49000
Bawang Merah Ukuran Sedang,Bawang Merah,varian,2025-06-04 00:00:00,50500
Bawang Merah Ukuran Sedang,Bawang Merah,varian,2025-06-05 00:00:00,50500
Bawang Merah Ukuran Sedang,Bawang Merah,varian,2025-06-06 00:00:00,50500
Bawang Merah Ukuran Sedang,Bawang Merah,varian,2025-06-09 00:00:00,50500
Bawang Merah Ukuran Sedang,Bawang Merah,varian,2025-06-10 00:00:00,50500
Bawang Merah Ukuran Sedang,Bawang Merah,varian,2025-06-11 00:00:00,49000
Bawang Merah Ukuran Sedang,Bawang Merah,varian,2025-06-12 00:00:00,49500
Bawang Merah Ukuran Sedang,Bawang Merah,varian,2025-06-13 00:00:00,51500
Bawang Merah Ukuran Sedang,Bawang Merah,varian,2025-06-16 00:00:00,57000
Bawang Merah Ukuran Sedang,Bawang Merah,varian,2025-06-17 00:00:00,58000
Bawang Merah Ukuran Sedang,Bawang Merah,varian,2025-06-18 00:00:00,58000
Bawang Merah Ukuran Sedang,Bawang Merah,varian,2025-06-19 00:00:00,58000
Bawang Merah Ukuran Sedang,Bawang Merah,varian,2025-06-20 00:00:00,58750
Bawang Merah Ukuran Sedang,Bawang Merah,varian,2025-06-23 00:00:00,60000
Bawang Merah Ukuran Sedang,Bawang Merah,varian,2025-06-24 00:00:00,59000
Bawang Merah Ukuran Sedang,Bawang Merah,varian,2025-06-25 00:00:00,59000
Bawang Merah Ukuran Sedang,Bawang Merah,varian,2025-06-26 00:00:00,59000
Bawang Merah Ukuran Sedang,Bawang Merah,varian,2025-06-27 00:00:00,59000
Bawang Merah Ukuran Sedang,Bawang Merah,varian,2025-06-30 00:00:00,55000
Bawang Merah Ukuran Sedang,Bawang Merah,varian,2025-07-01 00:00:00,52750
Bawang Merah Ukuran Sedang,Bawang Merah,varian,2025-07-02 00:00:00,52750
Bawang Merah Ukuran Sedang,Bawang Merah,varian,2025-07-03 00:00:00,52750
Bawang Merah Ukuran Sedang,Bawang Merah,varian,2025-07-04 00:00:00,52750
Bawang Merah Ukuran Sedang,Bawang Merah,varian,2025-07-07 00:00:00,50250
Bawang Merah Ukuran Sedang,Bawang Merah,varian,2025-07-08 00:00:00,50250
Bawang Merah Ukuran Sedang,Bawang Merah,varian,2025-07-09 00:00:00,50250
Bawang Merah Ukuran Sedang,Bawang Merah,varian,2025-07-10 00:00:00,52750
Bawang Merah Ukuran Sedang,Bawang Merah,varian,2025-07-11 00:00:00,52750
Bawang Merah Ukuran Sedang,Bawang Merah,varian,2025-07-14 00:00:00,54250
Bawang Merah Ukuran Sedang,Bawang Merah,varian,2025-07-15 00:00:00,51750
Bawang Merah Ukuran Sedang,Bawang Merah,varian,2025-07-16 00:00:00,53000
Bawang Merah Ukuran Sedang,Bawang Merah,varian,2025-07-17 00:00:00,53000
Bawang Merah Ukuran Sedang,Bawang Merah,varian,2025-07-18 00:00:00,53000
Bawang Merah Ukuran Sedang,Bawang Merah,varian,2025-07-21 00:00:00,54500
Bawang Merah Ukuran Sedang,Bawang Merah,varian,2025-07-22 00:00:00,53750
Bawang Merah Ukuran Sedang,Bawang Merah,varian,2025-07-23 00:00:00,55750
Bawang Merah Ukuran Sedang,Bawang Merah,varian,2025-07-24 00:00:00,54750
Bawang Merah Ukuran Sedang,Bawang Merah,varian,2025-07-25 00:00:00,57000
Bawang Merah Ukuran Sedang,Bawang Merah,varian,2025-07-28 00:00:00,59000
Bawang Merah Ukuran Sedang,Bawang Merah,varian,2025-07-29 00:00:00,61250
Bawang Merah Ukuran Sedang,Bawang Merah,varian,2025-07-30 00:00:00,66000
Bawang Merah Ukuran Sedang,Bawang Merah,varian,2025-07-31 00:00:00,67500
Bawang Merah Ukuran Sedang,Bawang Merah,varian,2025-08-01 00:00:00,68500
Bawang Merah Ukuran Sedang,Bawang Merah,varian,2025-08-04 00:00:00,68000
Bawang Merah Ukuran Sedang,Bawang Merah,varian,2025-08-05 00:00:00,66250
Bawang Merah Ukuran Sedang,Bawang Merah,varian,2025-08-06 00:00:00,66750
Bawang Merah Ukuran Sedang,Bawang Merah,varian,2025-08-07 00:00:00,67500
Bawang Merah Ukuran Sedang,Bawang Merah,varian,2025-08-08 00:00:00,66750
Bawang Merah Ukuran Sedang,Bawang Merah,varian,2025-08-11 00:00:00,65750
Bawang Merah Ukuran Sedang,Bawang Merah,varian,2025-08-12 00:00:00,65000
Bawang Merah Ukuran Sedang,Bawang Merah,varian,2025-08-13 00:00:00,68250
Bawang Merah Ukuran Sedang,Bawang Merah,varian,2025-08-14 00:00:00,68250
Bawang Merah Ukuran Sedang,Bawang Merah,varian,2025-08-15 00:00:00,67250
Bawang Merah Ukuran Sedang,Bawang Merah,varian,2025-08-18 00:00:00,67250
Bawang Merah Ukuran Sedang,Bawang Merah,varian,2025-08-19 00:00:00,64500
Bawang Merah Ukuran Sedang,Bawang Merah,varian,2025-08-20 00:00:00,65500
Bawang Merah Ukuran Sedang,Bawang Merah,varian,2025-08-21 00:00:00,63000
Bawang Merah Ukuran Sedang,Bawang Merah,varian,2025-08-22 00:00:00,61000
Bawang Merah Ukuran Sedang,Bawang Merah,varian,2025-08-25 00:00:00,47500
Bawang Merah Ukuran Sedang,Bawang Merah,varian,2025-08-26 00:00:00,46500
Bawang Merah Ukuran Sedang,Bawang Merah,varian,2025-08-27 00:00:00,51750
Bawang Merah Ukuran Sedang,Bawang Merah,varian,2025-08-28 00:00:00,54250
Bawang Merah Ukuran Sedang,Bawang Merah,varian,2025-08-29 00:00:00,52250
Bawang Merah Ukuran Sedang,Bawang Merah,varian,2025-09-01 00:00:00,51000
Bawang Merah Ukuran Sedang,Bawang Merah,varian,2025-09-02 00:00:00,48250
Bawang Merah Ukuran Sedang,Bawang Merah,varian,2025-09-03 00:00:00,49250
Bawang Merah Ukuran Sedang,Bawang Merah,varian,2025-09-04 00:00:00,49000
Bawang Merah Ukuran Sedang,Bawang Merah,varian,2025-09-05 00:00:00,49000
Bawang Merah Ukuran Sedang,Bawang Merah,varian,2025-09-08 00:00:00,46500
Bawang Merah Ukuran Sedang,Bawang Merah,varian,2025-09-09 00:00:00,45500
Bawang Merah Ukuran Sedang,Bawang Merah,varian,2025-09-10 00:00:00,47000
Bawang Merah Ukuran Sedang,Bawang Merah,varian,2025-09-11 00:00:00,45750
Bawang Merah Ukuran Sedang,Bawang Merah,varian,2025-09-12 00:00:00,45750
Bawang Merah Ukuran Sedang,Bawang Merah,varian,2025-09-15 00:00:00,44750
Bawang Merah Ukuran Sedang,Bawang Merah,varian,2025-09-16 00:00:00,47250
Bawang Merah Ukuran Sedang,Bawang Merah,varian,2025-09-17 00:00:00,45250
Bawang Merah Ukuran Sedang,Bawang Merah,varian,2025-09-18 00:00:00,44250
Bawang Merah Ukuran Sedang,Bawang Merah,varian,2025-09-19 00:00:00,44250
Bawang Merah Ukuran Sedang,Bawang Merah,varian,2025-09-22 00:00:00,42750
Bawang Merah Ukuran Sedang,Bawang Merah,varian,2025-09-23 00:00:00,42250
Bawang Merah Ukuran Sedang,Bawang Merah,varian,2025-09-24 00:00:00,42250
Bawang Merah Ukuran Sedang,Bawang Merah,varian,2025-09-25 00:00:00,42750
Bawang Merah Ukuran Sedang,Bawang Merah,varian,2025-09-26 00:00:00,42750
Bawang Merah Ukuran Sedang,Bawang Merah,varian,2025-09-29 00:00:00,40250
Bawang Merah Ukuran Sedang,Bawang Merah,varian,2025-09-30 00:00:00,40250
Bawang Merah Ukuran Sedang,Bawang Merah,varian,2025-10-01 00:00:00,39000
Bawang Merah Ukuran Sedang,Bawang Merah,varian,2025-10-02 00:00:00,39000
Bawang Merah Ukuran Sedang,Bawang Merah,varian,2025-10-03 00:00:00,39000
Bawang Merah Ukuran Sedang,Bawang Merah,varian,2025-10-06 00:00:00,40000
Bawang Merah Ukuran Sedang,Bawang Merah,varian,2025-10-07 00:00:00,40000
Bawang Merah Ukuran Sedang,Bawang Merah,varian,2025-10-08 00:00:00,41500
Bawang Merah Ukuran Sedang,Bawang Merah,varian,2025-10-09 00:00:00,46750
Bawang Merah Ukuran Sedang,Bawang Merah,varian,2025-10-10 00:00:00,47750
Bawang Merah Ukuran Sedang,Bawang Merah,varian,2025-10-13 00:00:00,47250
Bawang Merah Ukuran Sedang,Bawang Merah,varian,2025-10-14 00:00:00,47250
Bawang Merah Ukuran Sedang,Bawang Merah,varian,2025-10-15 00:00:00,46500
Bawang Merah Ukuran Sedang,Bawang Merah,varian,2025-10-16 00:00:00,46500
Bawang Merah Ukuran Sedang,Bawang Merah,varian,2025-10-17 00:00:00,46500
Bawang Merah Ukuran Sedang,Bawang Merah,varian,2025-10-20 00:00:00,43750
Bawang Merah Ukuran Sedang,Bawang Merah,varian,2025-10-21 00:00:00,43500
Bawang Merah Ukuran Sedang,Bawang Merah,varian,2025-10-22 00:00:00,43500
Bawang Merah Ukuran Sedang,Bawang Merah,varian,2025-10-23 00:00:00,43000
Bawang Merah Ukuran Sedang,Bawang Merah,varian,2025-10-24 00:00:00,43000
Bawang Merah Ukuran Sedang,Bawang Merah,varian,2025-10-27 00:00:00,41000
Bawang Merah Ukuran Sedang,Bawang Merah,varian,2025-10-28 00:00:00,41000
Bawang Merah Ukuran Sedang,Bawang Merah,varian,2025-10-29 00:00:00,41000
Bawang Merah Ukuran Sedang,Bawang Merah,varian,2025-10-30 00:00:00,42000
Bawang Merah Ukuran Sedang,Bawang Merah,varian,2025-10-31 00:00:00,41000
Bawang Merah Ukuran Sedang,Bawang Merah,varian,2025-11-03 00:00:00,40000
Bawang Merah Ukuran Sedang,Bawang Merah,varian,2025-11-04 00:00:00,41000
Bawang Merah Ukuran Sedang,Bawang Merah,varian,2025-11-05 00:00:00,42250
Bawang Merah Ukuran Sedang,Bawang Merah,varian,2025-11-06 00:00:00,42250
Bawang Merah Ukuran Sedang,Bawang Merah,varian,2025-11-07 00:00:00,42250
Bawang Merah Ukuran Sedang,Bawang Merah,varian,2025-11-10 00:00:00,42250
Bawang Merah Ukuran Sedang,Bawang Merah,varian,2025-11-11 00:00:00,42250
Bawang Merah Ukuran Sedang,Bawang Merah,varian,2025-11-12 00:00:00,40000
Bawang Merah Ukuran Sedang,Bawang Merah,varian,2025-11-13 00:00:00,40000
Bawang Merah Ukuran Sedang,Bawang Merah,varian,2025-11-14 00:00:00,40000
Bawang Merah Ukuran Sedang,Bawang Merah,varian,2025-11-17 00:00:00,40000
Bawang Merah Ukuran Sedang,Bawang Merah,varian,2025-11-18 00:00:00,40000
Bawang Merah Ukuran Sedang,Bawang Merah,varian,2025-11-19 00:00:00,40000
Bawang Merah Ukuran Sedang,Bawang Merah,varian,2025-11-20 00:00:00,41250
Bawang Merah Ukuran Sedang,Bawang Merah,varian,2025-11-21 00:00:00,41250
Bawang Merah Ukuran Sedang,Bawang Merah,varian,2025-11-24 00:00:00,44250
Bawang Merah Ukuran Sedang,Bawang Merah,varian,2025-11-25 00:00:00,46250
Bawang Merah Ukuran Sedang,Bawang Merah,varian,2025-11-26 00:00:00,46250
Bawang Merah Ukuran Sedang,Bawang Merah,varian,2025-11-27 00:00:00,47750
Bawang Merah Ukuran Sedang,Bawang Merah,varian,2025-11-28 00:00:00,50000
Bawang Merah Ukuran Sedang,Bawang Merah,varian,2025-12-01 00:00:00,52500
Bawang Merah Ukuran Sedang,Bawang Merah,varian,2025-12-02 00:00:00,52500
Bawang Merah Ukuran Sedang,Bawang Merah,varian,2025-12-03 00:00:00,52500
Bawang Merah Ukuran Sedang,Bawang Merah,varian,2025-12-04 00:00:00,54250
Bawang Merah Ukuran Sedang,Bawang Merah,varian,2025-12-05 00:00:00,54250
Bawang Merah Ukuran Sedang,Bawang Merah,varian,2025-12-08 00:00:00,54250
Bawang Merah Ukuran Sedang,Bawang Merah,varian,2025-12-09 00:00:00,54250
Bawang Merah Ukuran Sedang,Bawang Merah,varian,2025-12-10 00:00:00,54250
Bawang Merah Ukuran Sedang,Bawang Merah,varian,2025-12-11 00:00:00,54250
Bawang Merah Ukuran Sedang,Bawang Merah,varian,2025-12-12 00:00:00,56250
Bawang Merah Ukuran Sedang,Bawang Merah,varian,2025-12-15 00:00:00,57500
Bawang Merah Ukuran Sedang,Bawang Merah,varian,2025-12-16 00:00:00,58750
Bawang Merah Ukuran Sedang,Bawang Merah,varian,2025-12-17 00:00:00,58750
Bawang Merah Ukuran Sedang,Bawang Merah,varian,2025-12-18 00:00:00,59500
Bawang Merah Ukuran Sedang,Bawang Merah,varian,2025-12-19 00:00:00,59500
Bawang Merah Ukuran Sedang,Bawang Merah,varian,2025-12-22 00:00:00,62000
Bawang Merah Ukuran Sedang,Bawang Merah,varian,2025-12-23 00:00:00,63000
Bawang Merah Ukuran Sedang,Bawang Merah,varian,2025-12-24 00:00:00,62750
Bawang Merah Ukuran Sedang,Bawang Merah,varian,2025-12-25 00:00:00,62750
Bawang Merah Ukuran Sedang,Bawang Merah,varian,2025-12-26 00:00:00,62750
Bawang Merah Ukuran Sedang,Bawang Merah,varian,2025-12-29 00:00:00,61500
Bawang Merah Ukuran Sedang,Bawang Merah,varian,2025-12-30 00:00:00,58750
Bawang Merah Ukuran Sedang,Bawang Merah,varian,2025-12-31 00:00:00,58750
Bawang Merah Ukuran Sedang,Bawang Merah,varian,2026-01-01 00:00:00,58750
Bawang Merah Ukuran Sedang,Bawang Merah,varian,2026-01-02 00:00:00,58750
Bawang Merah Ukuran Sedang,Bawang Merah,varian,2026-01-05 00:00:00,60750
Bawang Merah Ukuran Sedang,Bawang Merah,varian,2026-01-06 00:00:00,60750
Bawang Merah Ukuran Sedang,Bawang Merah,varian,2026-01-07 00:00:00,57500
Bawang Merah Ukuran Sedang,Bawang Merah,varian,2026-01-08 00:00:00,56250
Bawang Merah Ukuran Sedang,Bawang Merah,varian,2026-01-09 00:00:00,53750
Bawang Merah Ukuran Sedang,Bawang Merah,varian,2026-01-12 00:00:00,49500
Bawang Merah Ukuran Sedang,Bawang Merah,varian,2026-01-13 00:00:00,49500
Bawang Merah Ukuran Sedang,Bawang Merah,varian,2026-01-14 00:00:00,48250
Bawang Merah Ukuran Sedang,Bawang Merah,varian,2026-01-15 00:00:00,48250
Bawang Merah Ukuran Sedang,Bawang Merah,varian,2026-01-16 00:00:00,48250
Bawang Merah Ukuran Sedang,Bawang Merah,varian,2026-01-19 00:00:00,45000
Bawang Merah Ukuran Sedang,Bawang Merah,varian,2026-01-20 00:00:00,44250
Bawang Merah Ukuran Sedang,Bawang Merah,varian,2026-01-21 00:00:00,44250
Bawang Merah Ukuran Sedang,Bawang Merah,varian,2026-01-22 00:00:00,44000
Bawang Merah Ukuran Sedang,Bawang Merah,varian,2026-01-23 00:00:00,44000
Bawang Merah Ukuran Sedang,Bawang Merah,varian,2026-01-26 00:00:00,41250
Bawang Merah Ukuran Sedang,Bawang Merah,varian,2026-01-27 00:00:00,40000
Bawang Merah Ukuran Sedang,Bawang Merah,varian,2026-01-28 00:00:00,40000
Bawang Merah Ukuran Sedang,Bawang Merah,varian,2026-01-29 00:00:00,40000
Bawang Merah Ukuran Sedang,Bawang Merah,varian,2026-01-30 00:00:00,40000
Bawang Merah Ukuran Sedang,Bawang Merah,varian,2026-02-02 00:00:00,40000
Bawang Merah Ukuran Sedang,Bawang Merah,varian,2026-02-03 00:00:00,40000
Bawang Merah Ukuran Sedang,Bawang Merah,varian,2026-02-04 00:00:00,41250
Bawang Merah Ukuran Sedang,Bawang Merah,varian,2026-02-05 00:00:00,41250
Bawang Merah Ukuran Sedang,Bawang Merah,varian,2026-02-06 00:00:00,40000
Bawang Merah Ukuran Sedang,Bawang Merah,varian,2026-02-09 00:00:00,40000
Bawang Merah Ukuran Sedang,Bawang Merah,varian,2026-02-10 00:00:00,40000
Bawang Merah Ukuran Sedang,Bawang Merah,varian,2026-02-11 00:00:00,40000
Bawang Merah Ukuran Sedang,Bawang Merah,varian,2026-02-12 00:00:00,40000
Bawang Merah Ukuran Sedang,Bawang Merah,varian,2026-02-13 00:00:00,40000
Bawang Merah Ukuran Sedang,Bawang Merah,varian,2026-02-16 00:00:00,40000
Bawang Merah Ukuran Sedang,Bawang Merah,varian,2026-02-17 00:00:00,40000
Bawang Merah Ukuran Sedang,Bawang Merah,varian,2026-02-18 00:00:00,41250
Bawang Merah Ukuran Sedang,Bawang Merah,varian,2026-02-19 00:00:00,41250
Bawang Merah Ukuran Sedang,Bawang Merah,varian,2026-02-20 00:00:00,41250
Bawang Merah Ukuran Sedang,Bawang Merah,varian,2026-02-23 00:00:00,42250
Bawang Merah Ukuran Sedang,Bawang Merah,varian,2026-02-24 00:00:00,41000
Bawang Merah Ukuran Sedang,Bawang Merah,varian,2026-02-25 00:00:00,41000
Bawang Merah Ukuran Sedang,Bawang Merah,varian,2026-02-26 00:00:00,41000
Bawang Merah Ukuran Sedang,Bawang Merah,varian,2026-02-27 00:00:00,41500
Bawang Merah Ukuran Sedang,Bawang Merah,varian,2026-03-02 00:00:00,42000
Bawang Merah Ukuran Sedang,Bawang Merah,varian,2026-03-03 00:00:00,43250
Bawang Merah Ukuran Sedang,Bawang Merah,varian,2026-03-04 00:00:00,44500
Bawang Merah Ukuran Sedang,Bawang Merah,varian,2026-03-05 00:00:00,44500
Bawang Merah Ukuran Sedang,Bawang Merah,varian,2026-03-06 00:00:00,43500
Bawang Merah Ukuran Sedang,Bawang Merah,varian,2026-03-09 00:00:00,42500
Bawang Merah Ukuran Sedang,Bawang Merah,varian,2026-03-10 00:00:00,42500
Bawang Merah Ukuran Sedang,Bawang Merah,varian,2026-03-11 00:00:00,43500
Bawang Merah Ukuran Sedang,Bawang Merah,varian,2026-03-12 00:00:00,43750
Bawang Merah Ukuran Sedang,Bawang Merah,varian,2026-03-13 00:00:00,43750
Bawang Merah Ukuran Sedang,Bawang Merah,varian,2026-03-16 00:00:00,45000
Bawang Merah Ukuran Sedang,Bawang Merah,varian,2026-03-17 00:00:00,46250
Bawang Merah Ukuran Sedang,Bawang Merah,varian,2026-03-18 00:00:00,46250
Bawang Merah Ukuran Sedang,Bawang Merah,varian,2026-03-19 00:00:00,46250
Bawang Merah Ukuran Sedang,Bawang Merah,varian,2026-03-20 00:00:00,46250
Bawang Merah Ukuran Sedang,Bawang Merah,varian,2026-03-23 00:00:00,46250
Bawang Merah Ukuran Sedang,Bawang Merah,varian,2026-03-24 00:00:00,46250
Bawang Merah Ukuran Sedang,Bawang Merah,varian,2026-03-25 00:00:00,48750
Bawang Merah Ukuran Sedang,Bawang Merah,varian,2026-03-26 00:00:00,48750
Bawang Merah Ukuran Sedang,Bawang Merah,varian,2026-03-27 00:00:00,47500
Bawang Merah Ukuran Sedang,Bawang Merah,varian,2026-03-30 00:00:00,47500
Bawang Merah Ukuran Sedang,Bawang Merah,varian,2026-03-31 00:00:00,54000
Bawang Merah Ukuran Sedang,Bawang Merah,varian,2026-04-01 00:00:00,52750
Bawang Merah Ukuran Sedang,Bawang Merah,varian,2026-04-02 00:00:00,54000
Bawang Merah Ukuran Sedang,Bawang Merah,varian,2026-04-03 00:00:00,54000
Bawang Merah Ukuran Sedang,Bawang Merah,varian,2026-04-06 00:00:00,52750
Bawang Merah Ukuran Sedang,Bawang Merah,varian,2026-04-07 00:00:00,52750
Bawang Merah Ukuran Sedang,Bawang Merah,varian,2026-04-08 00:00:00,52750
Bawang Merah Ukuran Sedang,Bawang Merah,varian,2026-04-09 00:00:00,52750
Bawang Merah Ukuran Sedang,Bawang Merah,varian,2026-04-10 00:00:00,52750
Bawang Merah Ukuran Sedang,Bawang Merah,varian,2026-04-13 00:00:00,51000
Bawang Merah Ukuran Sedang,Bawang Merah,varian,2026-04-14 00:00:00,50250
Bawang Merah Ukuran Sedang,Bawang Merah,varian,2026-04-15 00:00:00,47250
Bawang Merah Ukuran Sedang,Bawang Merah,varian,2026-04-16 00:00:00,46750
Bawang Merah Ukuran Sedang,Bawang Merah,varian,2026-04-17 00:00:00,45000
Bawang Merah Ukuran Sedang,Bawang Merah,varian,2026-04-20 00:00:00,46250
Bawang Merah Ukuran Sedang,Bawang Merah,varian,2026-04-21 00:00:00,46250
Bawang Merah Ukuran Sedang,Bawang Merah,varian,2026-04-22 00:00:00,46250
Bawang Merah Ukuran Sedang,Bawang Merah,varian,2026-04-23 00:00:00,42750
Bawang Merah Ukuran Sedang,Bawang Merah,varian,2026-04-24 00:00:00,42250
Bawang Merah Ukuran Sedang,Bawang Merah,varian,2026-04-27 00:00:00,43250
Bawang Merah Ukuran Sedang,Bawang Merah,varian,2026-04-28 00:00:00,43250
Bawang Merah Ukuran Sedang,Bawang Merah,varian,2026-04-29 00:00:00,43250
Bawang Merah Ukuran Sedang,Bawang Merah,varian,2026-04-30 00:00:00,43250
Bawang Merah Ukuran Sedang,Bawang Merah,varian,2026-05-01 00:00:00,43250
Bawang Merah Ukuran Sedang,Bawang Merah,varian,2026-05-04 00:00:00,43250
Bawang Merah Ukuran Sedang,Bawang Merah,varian,2026-05-05 00:00:00,43250
Bawang Merah Ukuran Sedang,Bawang Merah,varian,2026-05-06 00:00:00,43750
Bawang Merah Ukuran Sedang,Bawang Merah,varian,2026-05-07 00:00:00,43750
Bawang Merah Ukuran Sedang,Bawang Merah,varian,2026-05-08 00:00:00,43750
Bawang Merah Ukuran Sedang,Bawang Merah,varian,2026-05-11 00:00:00,43750
Bawang Merah Ukuran Sedang,Bawang Merah,varian,2026-05-12 00:00:00,43750
Bawang Merah Ukuran Sedang,Bawang Merah,varian,2026-05-13 00:00:00,43750
Bawang Merah Ukuran Sedang,Bawang Merah,varian,2026-05-14 00:00:00,43750
Bawang Merah Ukuran Sedang,Bawang Merah,varian,2026-05-15 00:00:00,43750
Bawang Merah Ukuran Sedang,Bawang Merah,varian,2026-05-18 00:00:00,46000
Bawang Merah Ukuran Sedang,Bawang Merah,varian,2026-05-19 00:00:00,45000
Bawang Merah Ukuran Sedang,Bawang Merah,varian,2026-05-20 00:00:00,45000
Bawang Merah Ukuran Sedang,Bawang Merah,varian,2026-05-21 00:00:00,45000
Bawang Merah Ukuran Sedang,Bawang Merah,varian,2026-05-22 00:00:00,45000
Bawang Merah Ukuran Sedang,Bawang Merah,varian,2026-05-25 00:00:00,45000
Bawang Merah Ukuran Sedang,Bawang Merah,varian,2026-05-26 00:00:00,45000
Bawang Merah Ukuran Sedang,Bawang Merah,varian,2026-05-27 00:00:00,45000
Bawang Merah Ukuran Sedang,Bawang Merah,varian,2026-05-28 00:00:00,45000
Bawang Merah Ukuran Sedang,Bawang Merah,varian,2026-05-29 00:00:00,49000
Bawang Merah Ukuran Sedang,Bawang Merah,varian,2026-06-01 00:00:00,49000
Bawang Merah Ukuran Sedang,Bawang Merah,varian,2026-06-02 00:00:00,49000
Bawang Merah Ukuran Sedang,Bawang Merah,varian,2026-06-03 00:00:00,52500
Bawang Merah Ukuran Sedang,Bawang Merah,varian,2026-06-04 00:00:00,68750
Bawang Merah Ukuran Sedang,Bawang Merah,varian,2026-06-05 00:00:00,77500
Bawang Merah Ukuran Sedang,Bawang Merah,varian,2026-06-08 00:00:00,101250
Bawang Merah Ukuran Sedang,Bawang Merah,varian,2026-06-09 00:00:00,95000
Bawang Merah Ukuran Sedang,Bawang Merah,varian,2026-06-10 00:00:00,81250
Bawang Merah Ukuran Sedang,Bawang Merah,varian,2026-06-11 00:00:00,75000
Bawang Merah Ukuran Sedang,Bawang Merah,varian,2026-06-12 00:00:00,75000
Bawang Merah Ukuran Sedang,Bawang Merah,varian,2026-06-15 00:00:00,69500
Bawang Merah Ukuran Sedang,Bawang Merah,varian,2026-06-16 00:00:00,69500
Bawang Merah Ukuran Sedang,Bawang Merah,varian,2026-06-17 00:00:00,66250
Bawang Merah Ukuran Sedang,Bawang Merah,varian,2026-06-18 00:00:00,66000
Bawang Merah Ukuran Sedang,Bawang Merah,varian,2026-06-19 00:00:00,58750
Bawang Merah Ukuran Sedang,Bawang Merah,varian,2026-06-22 00:00:00,51250
Bawang Merah Ukuran Sedang,Bawang Merah,varian,2026-06-23 00:00:00,51250
Bawang Merah Ukuran Sedang,Bawang Merah,varian,2026-06-24 00:00:00,50250
Bawang Merah Ukuran Sedang,Bawang Merah,varian,2026-06-25 00:00:00,48000
Bawang Merah Ukuran Sedang,Bawang Merah,varian,2026-06-26 00:00:00,48000
Bawang Merah Ukuran Sedang,Bawang Merah,varian,2026-06-29 00:00:00,47500
Bawang Merah Ukuran Sedang,Bawang Merah,varian,2026-06-30 00:00:00,47500
Bawang Merah Ukuran Sedang,Bawang Merah,varian,2026-07-01 00:00:00,47000
Bawang Merah Ukuran Sedang,Bawang Merah,varian,2026-07-02 00:00:00,46500
Bawang Merah Ukuran Sedang,Bawang Merah,varian,2026-07-03 00:00:00,46500
Bawang Merah Ukuran Sedang,Bawang Merah,varian,2026-07-06 00:00:00,46500
Bawang Merah Ukuran Sedang,Bawang Merah,varian,2026-07-07 00:00:00,46500
Bawang Merah Ukuran Sedang,Bawang Merah,varian,2026-07-08 00:00:00,46500
Bawang Merah Ukuran Sedang,Bawang Merah,varian,2026-07-09 00:00:00,46500
Bawang Merah Ukuran Sedang,Bawang Merah,varian,2026-07-10 00:00:00,45500
Bawang Merah Ukuran Sedang,Bawang Merah,varian,2026-07-13 00:00:00,44500
Bawang Merah Ukuran Sedang,Bawang Merah,varian,2026-07-14 00:00:00,43250
Bawang Merah Ukuran Sedang,Bawang Merah,varian,2026-07-15 00:00:00,43500
Bawang Merah Ukuran Sedang,Bawang Merah,varian,2026-07-16 00:00:00,44250
Bawang Merah Ukuran Sedang,Bawang Merah,varian,2026-07-17 00:00:00,43000
Bawang Merah Ukuran Sedang,Bawang Merah,varian,2026-07-20 00:00:00,43500
Bawang Merah Ukuran Sedang,Bawang Merah,varian,2026-07-21 00:00:00,43500
Bawang Merah Ukuran Sedang,Bawang Merah,varian,2026-07-22 00:00:00,43500
Bawang Merah Ukuran Sedang,Bawang Merah,varian,2026-07-23 00:00:00,41750
Bawang Merah Ukuran Sedang,Bawang Merah,varian,2026-07-24 00:00:00,41000
Bawang Merah Ukuran Sedang,Bawang Merah,varian,2026-07-27 00:00:00,40750
Bawang Merah Ukuran Sedang,Bawang Merah,varian,2026-07-28 00:00:00,38750
Bawang Merah Ukuran Sedang,Bawang Merah,varian,2026-07-29 00:00:00,37750
Bawang Merah Ukuran Sedang,Bawang Merah,varian,2026-07-30 00:00:00,37500
Bawang Merah Ukuran Sedang,Bawang Merah,varian,2026-07-31 00:00:00,37500
Bawang Merah Ukuran Sedang,Bawang Merah,varian,2026-08-03 00:00:00,36250
Bawang Merah Ukuran Sedang,Bawang Merah,varian,2026-08-04 00:00:00,36250
Bawang Merah Ukuran Sedang,Bawang Merah,varian,2026-08-05 00:00:00,39750
Bawang Merah Ukuran Sedang,Bawang Merah,varian,2026-08-06 00:00:00,39750
Bawang Merah Ukuran Sedang,Bawang Merah,varian,2026-08-07 00:00:00,38750
Bawang Merah Ukuran Sedang,Bawang Merah,varian,2026-08-10 00:00:00,38750
Bawang Merah Ukuran Sedang,Bawang Merah,varian,2026-08-11 00:00:00,38750
Bawang Merah Ukuran Sedang,Bawang Merah,varian,2026-08-12 00:00:00,38750
Bawang Merah Ukuran Sedang,Bawang Merah,varian,2026-08-13 00:00:00,38750
Bawang Merah Ukuran Sedang,Bawang Merah,varian,2026-08-14 00:00:00,38750
Bawang Merah Ukuran Sedang,Bawang Merah,varian,2026-08-17 00:00:00,38750
Bawang Merah Ukuran Sedang,Bawang Merah,varian,2026-08-18 00:00:00,38750
Bawang Merah Ukuran Sedang,Bawang Merah,varian,2026-08-19 00:00:00,38750
Bawang Merah Ukuran Sedang,Bawang Merah,varian,2026-08-20 00:00:00,38750
Bawang Merah Ukuran Sedang,Bawang Merah,varian,2026-08-21 00:00:00,38750
Bawang Merah Ukuran Sedang,Bawang Merah,varian,2026-08-24 00:00:00,38750
Bawang Merah Ukuran Sedang,Bawang Merah,varian,2026-08-25 00:00:00,38750
Bawang Merah Ukuran Sedang,Bawang Merah,varian,2026-08-26 00:00:00,38750
Bawang Merah Ukuran Sedang,Bawang Merah,varian,2026-08-27 00:00:00,38750
Bawang Merah Ukuran Sedang,Bawang Merah,varian,2026-08-28 00:00:00,38750
Bawang Merah Ukuran Sedang,Bawang Merah,varian,2026-08-31 00:00:00,42750
Bawang Merah Ukuran Sedang,Bawang Merah,varian,2026-09-01 00:00:00,42750
Bawang Merah Ukuran Sedang,Bawang Merah,varian,2026-09-02 00:00:00,42750
Bawang Merah Ukuran Sedang,Bawang Merah,varian,2026-09-03 00:00:00,42750
Bawang Merah Ukuran Sedang,Bawang Merah,varian,2026-09-04 00:00:00,42750
Bawang Merah Ukuran Sedang,Bawang Merah,varian,2026-09-07 00:00:00,42750
Bawang Merah Ukuran Sedang,Bawang Merah,varian,2026-09-08 00:00:00,42750
Bawang Putih,Bawang Putih,kategori,2025-01-01 00:00:00,46250
Bawang Putih,Bawang Putih,kategori,2025-01-02 00:00:00,45250
Bawang Putih,Bawang Putih,kategori,2025-01-03 00:00:00,45250
Bawang Putih,Bawang Putih,kategori,2025-01-06 00:00:00,45250
Bawang Putih,Bawang Putih,kategori,2025-01-07 00:00:00,45250
Bawang Putih,Bawang Putih,kategori,2025-01-08 00:00:00,45250
Bawang Putih,Bawang Putih,kategori,2025-01-09 00:00:00,45250
Bawang Putih,Bawang Putih,kategori,2025-01-10 00:00:00,45250
Bawang Putih,Bawang Putih,kategori,2025-01-13 00:00:00,45250
Bawang Putih,Bawang Putih,kategori,2025-01-14 00:00:00,45250
Bawang Putih,Bawang Putih,kategori,2025-01-15 00:00:00,45250
Bawang Putih,Bawang Putih,kategori,2025-01-16 00:00:00,45250
Bawang Putih,Bawang Putih,kategori,2025-01-17 00:00:00,45250
Bawang Putih,Bawang Putih,kategori,2025-01-20 00:00:00,45000
Bawang Putih,Bawang Putih,kategori,2025-01-21 00:00:00,44750
Bawang Putih,Bawang Putih,kategori,2025-01-22 00:00:00,44750
Bawang Putih,Bawang Putih,kategori,2025-01-23 00:00:00,44750
Bawang Putih,Bawang Putih,kategori,2025-01-24 00:00:00,44750
Bawang Putih,Bawang Putih,kategori,2025-01-27 00:00:00,44750
Bawang Putih,Bawang Putih,kategori,2025-01-28 00:00:00,44750
Bawang Putih,Bawang Putih,kategori,2025-01-29 00:00:00,44750
Bawang Putih,Bawang Putih,kategori,2025-01-30 00:00:00,44750
Bawang Putih,Bawang Putih,kategori,2025-01-31 00:00:00,44750
Bawang Putih,Bawang Putih,kategori,2025-02-03 00:00:00,43750
Bawang Putih,Bawang Putih,kategori,2025-02-04 00:00:00,44750
Bawang Putih,Bawang Putih,kategori,2025-02-05 00:00:00,44750
Bawang Putih,Bawang Putih,kategori,2025-02-06 00:00:00,44750
Bawang Putih,Bawang Putih,kategori,2025-02-07 00:00:00,44750
Bawang Putih,Bawang Putih,kategori,2025-02-10 00:00:00,44750
Bawang Putih,Bawang Putih,kategori,2025-02-11 00:00:00,44750
Bawang Putih,Bawang Putih,kategori,2025-02-12 00:00:00,44750
Bawang Putih,Bawang Putih,kategori,2025-02-13 00:00:00,44750
Bawang Putih,Bawang Putih,kategori,2025-02-14 00:00:00,44750
Bawang Putih,Bawang Putih,kategori,2025-02-17 00:00:00,45250
Bawang Putih,Bawang Putih,kategori,2025-02-18 00:00:00,45250
Bawang Putih,Bawang Putih,kategori,2025-02-19 00:00:00,45250
Bawang Putih,Bawang Putih,kategori,2025-02-20 00:00:00,45250
Bawang Putih,Bawang Putih,kategori,2025-02-21 00:00:00,45500
Bawang Putih,Bawang Putih,kategori,2025-02-24 00:00:00,46000
Bawang Putih,Bawang Putih,kategori,2025-02-25 00:00:00,46500
Bawang Putih,Bawang Putih,kategori,2025-02-26 00:00:00,46500
Bawang Putih,Bawang Putih,kategori,2025-02-27 00:00:00,46500
Bawang Putih,Bawang Putih,kategori,2025-02-28 00:00:00,46500
Bawang Putih,Bawang Putih,kategori,2025-03-03 00:00:00,46500
Bawang Putih,Bawang Putih,kategori,2025-03-04 00:00:00,46500
Bawang Putih,Bawang Putih,kategori,2025-03-05 00:00:00,46500
Bawang Putih,Bawang Putih,kategori,2025-03-06 00:00:00,46500
Bawang Putih,Bawang Putih,kategori,2025-03-07 00:00:00,46500
Bawang Putih,Bawang Putih,kategori,2025-03-10 00:00:00,47000
Bawang Putih,Bawang Putih,kategori,2025-03-11 00:00:00,46000
Bawang Putih,Bawang Putih,kategori,2025-03-12 00:00:00,46000
Bawang Putih,Bawang Putih,kategori,2025-03-13 00:00:00,46000
Bawang Putih,Bawang Putih,kategori,2025-03-14 00:00:00,46000
Bawang Putih,Bawang Putih,kategori,2025-03-17 00:00:00,46000
Bawang Putih,Bawang Putih,kategori,2025-03-18 00:00:00,45500
Bawang Putih,Bawang Putih,kategori,2025-03-19 00:00:00,45500
Bawang Putih,Bawang Putih,kategori,2025-03-20 00:00:00,45500
Bawang Putih,Bawang Putih,kategori,2025-03-21 00:00:00,45500
Bawang Putih,Bawang Putih,kategori,2025-03-24 00:00:00,45500
Bawang Putih,Bawang Putih,kategori,2025-03-25 00:00:00,45500
Bawang Putih,Bawang Putih,kategori,2025-03-26 00:00:00,45500
Bawang Putih,Bawang Putih,kategori,2025-03-27 00:00:00,45500
Bawang Putih,Bawang Putih,kategori,2025-03-28 00:00:00,45500
Bawang Putih,Bawang Putih,kategori,2025-03-31 00:00:00,45500
Bawang Putih,Bawang Putih,kategori,2025-04-01 00:00:00,45500
Bawang Putih,Bawang Putih,kategori,2025-04-02 00:00:00,45500
Bawang Putih,Bawang Putih,kategori,2025-04-03 00:00:00,45500
Bawang Putih,Bawang Putih,kategori,2025-04-04 00:00:00,45500
Bawang Putih,Bawang Putih,kategori,2025-04-07 00:00:00,45500
Bawang Putih,Bawang Putih,kategori,2025-04-08 00:00:00,51500
Bawang Putih,Bawang Putih,kategori,2025-04-09 00:00:00,51000
Bawang Putih,Bawang Putih,kategori,2025-04-10 00:00:00,51000
Bawang Putih,Bawang Putih,kategori,2025-04-11 00:00:00,51000
Bawang Putih,Bawang Putih,kategori,2025-04-14 00:00:00,50500
Bawang Putih,Bawang Putih,kategori,2025-04-15 00:00:00,50500
Bawang Putih,Bawang Putih,kategori,2025-04-16 00:00:00,50500
Bawang Putih,Bawang Putih,kategori,2025-04-17 00:00:00,50500
Bawang Putih,Bawang Putih,kategori,2025-04-18 00:00:00,50500
Bawang Putih,Bawang Putih,kategori,2025-04-21 00:00:00,49500
Bawang Putih,Bawang Putih,kategori,2025-04-22 00:00:00,49500
Bawang Putih,Bawang Putih,kategori,2025-04-23 00:00:00,49500
Bawang Putih,Bawang Putih,kategori,2025-04-24 00:00:00,49500
Bawang Putih,Bawang Putih,kategori,2025-04-25 00:00:00,49500
Bawang Putih,Bawang Putih,kategori,2025-04-28 00:00:00,46500
Bawang Putih,Bawang Putih,kategori,2025-04-29 00:00:00,46500
Bawang Putih,Bawang Putih,kategori,2025-04-30 00:00:00,46000
Bawang Putih,Bawang Putih,kategori,2025-05-01 00:00:00,46000
Bawang Putih,Bawang Putih,kategori,2025-05-02 00:00:00,46000
Bawang Putih,Bawang Putih,kategori,2025-05-05 00:00:00,44000
Bawang Putih,Bawang Putih,kategori,2025-05-06 00:00:00,44000
Bawang Putih,Bawang Putih,kategori,2025-05-07 00:00:00,44000
Bawang Putih,Bawang Putih,kategori,2025-05-08 00:00:00,44000
Bawang Putih,Bawang Putih,kategori,2025-05-09 00:00:00,43500
Bawang Putih,Bawang Putih,kategori,2025-05-12 00:00:00,43500
Bawang Putih,Bawang Putih,kategori,2025-05-13 00:00:00,44750
Bawang Putih,Bawang Putih,kategori,2025-05-14 00:00:00,44750
Bawang Putih,Bawang Putih,kategori,2025-05-15 00:00:00,44750
Bawang Putih,Bawang Putih,kategori,2025-05-16 00:00:00,43750
Bawang Putih,Bawang Putih,kategori,2025-05-19 00:00:00,43750
Bawang Putih,Bawang Putih,kategori,2025-05-20 00:00:00,43750
Bawang Putih,Bawang Putih,kategori,2025-05-21 00:00:00,43750
Bawang Putih,Bawang Putih,kategori,2025-05-22 00:00:00,43750
Bawang Putih,Bawang Putih,kategori,2025-05-23 00:00:00,43750
Bawang Putih,Bawang Putih,kategori,2025-05-26 00:00:00,43750
Bawang Putih,Bawang Putih,kategori,2025-05-27 00:00:00,43750
Bawang Putih,Bawang Putih,kategori,2025-05-28 00:00:00,43750
Bawang Putih,Bawang Putih,kategori,2025-05-29 00:00:00,43750
Bawang Putih,Bawang Putih,kategori,2025-05-30 00:00:00,43750
Bawang Putih,Bawang Putih,kategori,2025-06-02 00:00:00,40000
Bawang Putih,Bawang Putih,kategori,2025-06-03 00:00:00,40000
Bawang Putih,Bawang Putih,kategori,2025-06-04 00:00:00,40000
Bawang Putih,Bawang Putih,kategori,2025-06-05 00:00:00,40000
Bawang Putih,Bawang Putih,kategori,2025-06-06 00:00:00,40000
Bawang Putih,Bawang Putih,kategori,2025-06-09 00:00:00,40000
Bawang Putih,Bawang Putih,kategori,2025-06-10 00:00:00,40000
Bawang Putih,Bawang Putih,kategori,2025-06-11 00:00:00,41000
Bawang Putih,Bawang Putih,kategori,2025-06-12 00:00:00,41000
Bawang Putih,Bawang Putih,kategori,2025-06-13 00:00:00,41000
Bawang Putih,Bawang Putih,kategori,2025-06-16 00:00:00,43250
Bawang Putih,Bawang Putih,kategori,2025-06-17 00:00:00,43250
Bawang Putih,Bawang Putih,kategori,2025-06-18 00:00:00,43250
Bawang Putih,Bawang Putih,kategori,2025-06-19 00:00:00,42250
Bawang Putih,Bawang Putih,kategori,2025-06-20 00:00:00,42250
Bawang Putih,Bawang Putih,kategori,2025-06-23 00:00:00,42250
Bawang Putih,Bawang Putih,kategori,2025-06-24 00:00:00,42250
Bawang Putih,Bawang Putih,kategori,2025-06-25 00:00:00,41000
Bawang Putih,Bawang Putih,kategori,2025-06-26 00:00:00,42000
Bawang Putih,Bawang Putih,kategori,2025-06-27 00:00:00,42000
Bawang Putih,Bawang Putih,kategori,2025-06-30 00:00:00,40000
Bawang Putih,Bawang Putih,kategori,2025-07-01 00:00:00,40000
Bawang Putih,Bawang Putih,kategori,2025-07-02 00:00:00,40000
Bawang Putih,Bawang Putih,kategori,2025-07-03 00:00:00,40000
Bawang Putih,Bawang Putih,kategori,2025-07-04 00:00:00,40000
Bawang Putih,Bawang Putih,kategori,2025-07-07 00:00:00,40000
Bawang Putih,Bawang Putih,kategori,2025-07-08 00:00:00,40000
Bawang Putih,Bawang Putih,kategori,2025-07-09 00:00:00,40000
Bawang Putih,Bawang Putih,kategori,2025-07-10 00:00:00,40000
Bawang Putih,Bawang Putih,kategori,2025-07-11 00:00:00,40000
Bawang Putih,Bawang Putih,kategori,2025-07-14 00:00:00,40000
Bawang Putih,Bawang Putih,kategori,2025-07-15 00:00:00,40000
Bawang Putih,Bawang Putih,kategori,2025-07-16 00:00:00,40000
Bawang Putih,Bawang Putih,kategori,2025-07-17 00:00:00,40000
Bawang Putih,Bawang Putih,kategori,2025-07-18 00:00:00,40000
Bawang Putih,Bawang Putih,kategori,2025-07-21 00:00:00,40000
Bawang Putih,Bawang Putih,kategori,2025-07-22 00:00:00,40000
Bawang Putih,Bawang Putih,kategori,2025-07-23 00:00:00,40000
Bawang Putih,Bawang Putih,kategori,2025-07-24 00:00:00,40000
Bawang Putih,Bawang Putih,kategori,2025-07-25 00:00:00,40000
Bawang Putih,Bawang Putih,kategori,2025-07-28 00:00:00,40000
Bawang Putih,Bawang Putih,kategori,2025-07-29 00:00:00,40000
Bawang Putih,Bawang Putih,kategori,2025-07-30 00:00:00,39500
Bawang Putih,Bawang Putih,kategori,2025-07-31 00:00:00,39500
Bawang Putih,Bawang Putih,kategori,2025-08-01 00:00:00,40000
Bawang Putih,Bawang Putih,kategori,2025-08-04 00:00:00,39500
Bawang Putih,Bawang Putih,kategori,2025-08-05 00:00:00,40000
Bawang Putih,Bawang Putih,kategori,2025-08-06 00:00:00,40000
Bawang Putih,Bawang Putih,kategori,2025-08-07 00:00:00,40000
Bawang Putih,Bawang Putih,kategori,2025-08-08 00:00:00,39500
Bawang Putih,Bawang Putih,kategori,2025-08-11 00:00:00,39500
Bawang Putih,Bawang Putih,kategori,2025-08-12 00:00:00,39500
Bawang Putih,Bawang Putih,kategori,2025-08-13 00:00:00,39000
Bawang Putih,Bawang Putih,kategori,2025-08-14 00:00:00,39000
Bawang Putih,Bawang Putih,kategori,2025-08-15 00:00:00,39500
Bawang Putih,Bawang Putih,kategori,2025-08-18 00:00:00,39500
Bawang Putih,Bawang Putih,kategori,2025-08-19 00:00:00,39500
Bawang Putih,Bawang Putih,kategori,2025-08-20 00:00:00,39500
Bawang Putih,Bawang Putih,kategori,2025-08-21 00:00:00,39500
Bawang Putih,Bawang Putih,kategori,2025-08-22 00:00:00,38500
Bawang Putih,Bawang Putih,kategori,2025-08-25 00:00:00,37250
Bawang Putih,Bawang Putih,kategori,2025-08-26 00:00:00,38000
Bawang Putih,Bawang Putih,kategori,2025-08-27 00:00:00,39000
Bawang Putih,Bawang Putih,kategori,2025-08-28 00:00:00,39500
Bawang Putih,Bawang Putih,kategori,2025-08-29 00:00:00,38500
Bawang Putih,Bawang Putih,kategori,2025-09-01 00:00:00,38500
Bawang Putih,Bawang Putih,kategori,2025-09-02 00:00:00,38000
Bawang Putih,Bawang Putih,kategori,2025-09-03 00:00:00,38500
Bawang Putih,Bawang Putih,kategori,2025-09-04 00:00:00,38500
Bawang Putih,Bawang Putih,kategori,2025-09-05 00:00:00,38500
Bawang Putih,Bawang Putih,kategori,2025-09-08 00:00:00,36750
Bawang Putih,Bawang Putih,kategori,2025-09-09 00:00:00,36250
Bawang Putih,Bawang Putih,kategori,2025-09-10 00:00:00,37500
Bawang Putih,Bawang Putih,kategori,2025-09-11 00:00:00,37500
Bawang Putih,Bawang Putih,kategori,2025-09-12 00:00:00,37500
Bawang Putih,Bawang Putih,kategori,2025-09-15 00:00:00,36500
Bawang Putih,Bawang Putih,kategori,2025-09-16 00:00:00,36500
Bawang Putih,Bawang Putih,kategori,2025-09-17 00:00:00,37500
Bawang Putih,Bawang Putih,kategori,2025-09-18 00:00:00,37500
Bawang Putih,Bawang Putih,kategori,2025-09-19 00:00:00,37500
Bawang Putih,Bawang Putih,kategori,2025-09-22 00:00:00,37500
Bawang Putih,Bawang Putih,kategori,2025-09-23 00:00:00,37000
Bawang Putih,Bawang Putih,kategori,2025-09-24 00:00:00,37000
Bawang Putih,Bawang Putih,kategori,2025-09-25 00:00:00,37500
Bawang Putih,Bawang Putih,kategori,2025-09-26 00:00:00,37500
Bawang Putih,Bawang Putih,kategori,2025-09-29 00:00:00,37000
Bawang Putih,Bawang Putih,kategori,2025-09-30 00:00:00,37000
Bawang Putih,Bawang Putih,kategori,2025-10-01 00:00:00,37000
Bawang Putih,Bawang Putih,kategori,2025-10-02 00:00:00,37000
Bawang Putih,Bawang Putih,kategori,2025-10-03 00:00:00,37000
Bawang Putih,Bawang Putih,kategori,2025-10-06 00:00:00,37000
Bawang Putih,Bawang Putih,kategori,2025-10-07 00:00:00,37000
Bawang Putih,Bawang Putih,kategori,2025-10-08 00:00:00,37000
Bawang Putih,Bawang Putih,kategori,2025-10-09 00:00:00,37500
Bawang Putih,Bawang Putih,kategori,2025-10-10 00:00:00,38500
Bawang Putih,Bawang Putih,kategori,2025-10-13 00:00:00,38500
Bawang Putih,Bawang Putih,kategori,2025-10-14 00:00:00,38500
Bawang Putih,Bawang Putih,kategori,2025-10-15 00:00:00,38500
Bawang Putih,Bawang Putih,kategori,2025-10-16 00:00:00,37500
Bawang Putih,Bawang Putih,kategori,2025-10-17 00:00:00,37500
Bawang Putih,Bawang Putih,kategori,2025-10-20 00:00:00,37500
Bawang Putih,Bawang Putih,kategori,2025-10-21 00:00:00,37500
Bawang Putih,Bawang Putih,kategori,2025-10-22 00:00:00,37500
Bawang Putih,Bawang Putih,kategori,2025-10-23 00:00:00,37500
Bawang Putih,Bawang Putih,kategori,2025-10-24 00:00:00,37500
Bawang Putih,Bawang Putih,kategori,2025-10-27 00:00:00,37000
Bawang Putih,Bawang Putih,kategori,2025-10-28 00:00:00,37000
Bawang Putih,Bawang Putih,kategori,2025-10-29 00:00:00,37000
Bawang Putih,Bawang Putih,kategori,2025-10-30 00:00:00,37000
Bawang Putih,Bawang Putih,kategori,2025-10-31 00:00:00,36750
Bawang Putih,Bawang Putih,kategori,2025-11-03 00:00:00,36750
Bawang Putih,Bawang Putih,kategori,2025-11-04 00:00:00,36750
Bawang Putih,Bawang Putih,kategori,2025-11-05 00:00:00,36750
Bawang Putih,Bawang Putih,kategori,2025-11-06 00:00:00,36750
Bawang Putih,Bawang Putih,kategori,2025-11-07 00:00:00,36750
Bawang Putih,Bawang Putih,kategori,2025-11-10 00:00:00,36750
Bawang Putih,Bawang Putih,kategori,2025-11-11 00:00:00,36750
Bawang Putih,Bawang Putih,kategori,2025-11-12 00:00:00,36750
Bawang Putih,Bawang Putih,kategori,2025-11-13 00:00:00,36750
Bawang Putih,Bawang Putih,kategori,2025-11-14 00:00:00,36750
Bawang Putih,Bawang Putih,kategori,2025-11-17 00:00:00,36750
Bawang Putih,Bawang Putih,kategori,2025-11-18 00:00:00,36750
Bawang Putih,Bawang Putih,kategori,2025-11-19 00:00:00,36750
Bawang Putih,Bawang Putih,kategori,2025-11-20 00:00:00,36750
Bawang Putih,Bawang Putih,kategori,2025-11-21 00:00:00,36750
Bawang Putih,Bawang Putih,kategori,2025-11-24 00:00:00,36750
Bawang Putih,Bawang Putih,kategori,2025-11-25 00:00:00,36750
Bawang Putih,Bawang Putih,kategori,2025-11-26 00:00:00,36750
Bawang Putih,Bawang Putih,kategori,2025-11-27 00:00:00,36750
Bawang Putih,Bawang Putih,kategori,2025-11-28 00:00:00,36750
Bawang Putih,Bawang Putih,kategori,2025-12-01 00:00:00,36750
Bawang Putih,Bawang Putih,kategori,2025-12-02 00:00:00,36750
Bawang Putih,Bawang Putih,kategori,2025-12-03 00:00:00,36750
Bawang Putih,Bawang Putih,kategori,2025-12-04 00:00:00,36750
Bawang Putih,Bawang Putih,kategori,2025-12-05 00:00:00,36750
Bawang Putih,Bawang Putih,kategori,2025-12-08 00:00:00,36750
Bawang Putih,Bawang Putih,kategori,2025-12-09 00:00:00,37750
Bawang Putih,Bawang Putih,kategori,2025-12-10 00:00:00,37750
Bawang Putih,Bawang Putih,kategori,2025-12-11 00:00:00,37750
Bawang Putih,Bawang Putih,kategori,2025-12-12 00:00:00,37750
Bawang Putih,Bawang Putih,kategori,2025-12-15 00:00:00,39000
Bawang Putih,Bawang Putih,kategori,2025-12-16 00:00:00,39000
Bawang Putih,Bawang Putih,kategori,2025-12-17 00:00:00,39000
Bawang Putih,Bawang Putih,kategori,2025-12-18 00:00:00,39000
Bawang Putih,Bawang Putih,kategori,2025-12-19 00:00:00,39000
Bawang Putih,Bawang Putih,kategori,2025-12-22 00:00:00,39000
Bawang Putih,Bawang Putih,kategori,2025-12-23 00:00:00,39000
Bawang Putih,Bawang Putih,kategori,2025-12-24 00:00:00,39000
Bawang Putih,Bawang Putih,kategori,2025-12-25 00:00:00,39000
Bawang Putih,Bawang Putih,kategori,2025-12-26 00:00:00,39000
Bawang Putih,Bawang Putih,kategori,2025-12-29 00:00:00,39000
Bawang Putih,Bawang Putih,kategori,2025-12-30 00:00:00,39000
Bawang Putih,Bawang Putih,kategori,2025-12-31 00:00:00,39000
Bawang Putih,Bawang Putih,kategori,2026-01-01 00:00:00,39000
Bawang Putih,Bawang Putih,kategori,2026-01-02 00:00:00,39000
Bawang Putih,Bawang Putih,kategori,2026-01-05 00:00:00,39000
Bawang Putih,Bawang Putih,kategori,2026-01-06 00:00:00,39000
Bawang Putih,Bawang Putih,kategori,2026-01-07 00:00:00,39000
Bawang Putih,Bawang Putih,kategori,2026-01-08 00:00:00,39000
Bawang Putih,Bawang Putih,kategori,2026-01-09 00:00:00,39000
Bawang Putih,Bawang Putih,kategori,2026-01-12 00:00:00,39000
Bawang Putih,Bawang Putih,kategori,2026-01-13 00:00:00,39000
Bawang Putih,Bawang Putih,kategori,2026-01-14 00:00:00,38750
Bawang Putih,Bawang Putih,kategori,2026-01-15 00:00:00,38750
Bawang Putih,Bawang Putih,kategori,2026-01-16 00:00:00,38750
Bawang Putih,Bawang Putih,kategori,2026-01-19 00:00:00,38750
Bawang Putih,Bawang Putih,kategori,2026-01-20 00:00:00,38750
Bawang Putih,Bawang Putih,kategori,2026-01-21 00:00:00,38750
Bawang Putih,Bawang Putih,kategori,2026-01-22 00:00:00,38750
Bawang Putih,Bawang Putih,kategori,2026-01-23 00:00:00,38750
Bawang Putih,Bawang Putih,kategori,2026-01-26 00:00:00,38750
Bawang Putih,Bawang Putih,kategori,2026-01-27 00:00:00,38750
Bawang Putih,Bawang Putih,kategori,2026-01-28 00:00:00,38750
Bawang Putih,Bawang Putih,kategori,2026-01-29 00:00:00,38750
Bawang Putih,Bawang Putih,kategori,2026-01-30 00:00:00,38750
Bawang Putih,Bawang Putih,kategori,2026-02-02 00:00:00,38750
Bawang Putih,Bawang Putih,kategori,2026-02-03 00:00:00,38750
Bawang Putih,Bawang Putih,kategori,2026-02-04 00:00:00,38750
Bawang Putih,Bawang Putih,kategori,2026-02-05 00:00:00,38750
Bawang Putih,Bawang Putih,kategori,2026-02-06 00:00:00,38750
Bawang Putih,Bawang Putih,kategori,2026-02-09 00:00:00,38750
Bawang Putih,Bawang Putih,kategori,2026-02-10 00:00:00,38750
Bawang Putih,Bawang Putih,kategori,2026-02-11 00:00:00,38750
Bawang Putih,Bawang Putih,kategori,2026-02-12 00:00:00,38750
Bawang Putih,Bawang Putih,kategori,2026-02-13 00:00:00,38750
Bawang Putih,Bawang Putih,kategori,2026-02-16 00:00:00,38750
Bawang Putih,Bawang Putih,kategori,2026-02-17 00:00:00,38750
Bawang Putih,Bawang Putih,kategori,2026-02-18 00:00:00,38750
Bawang Putih,Bawang Putih,kategori,2026-02-19 00:00:00,38750
Bawang Putih,Bawang Putih,kategori,2026-02-20 00:00:00,38750
Bawang Putih,Bawang Putih,kategori,2026-02-23 00:00:00,38750
Bawang Putih,Bawang Putih,kategori,2026-02-24 00:00:00,38750
Bawang Putih,Bawang Putih,kategori,2026-02-25 00:00:00,38750
Bawang Putih,Bawang Putih,kategori,2026-02-26 00:00:00,38750
Bawang Putih,Bawang Putih,kategori,2026-02-27 00:00:00,38750
Bawang Putih,Bawang Putih,kategori,2026-03-02 00:00:00,38750
Bawang Putih,Bawang Putih,kategori,2026-03-03 00:00:00,38750
Bawang Putih,Bawang Putih,kategori,2026-03-04 00:00:00,38750
Bawang Putih,Bawang Putih,kategori,2026-03-05 00:00:00,38750
Bawang Putih,Bawang Putih,kategori,2026-03-06 00:00:00,38750
Bawang Putih,Bawang Putih,kategori,2026-03-09 00:00:00,38750
Bawang Putih,Bawang Putih,kategori,2026-03-10 00:00:00,38750
Bawang Putih,Bawang Putih,kategori,2026-03-11 00:00:00,38750
Bawang Putih,Bawang Putih,kategori,2026-03-12 00:00:00,38750
Bawang Putih,Bawang Putih,kategori,2026-03-13 00:00:00,38750
Bawang Putih,Bawang Putih,kategori,2026-03-16 00:00:00,38750
Bawang Putih,Bawang Putih,kategori,2026-03-17 00:00:00,38750
Bawang Putih,Bawang Putih,kategori,2026-03-18 00:00:00,38750
Bawang Putih,Bawang Putih,kategori,2026-03-19 00:00:00,38750
Bawang Putih,Bawang Putih,kategori,2026-03-20 00:00:00,38750
Bawang Putih,Bawang Putih,kategori,2026-03-23 00:00:00,38750
Bawang Putih,Bawang Putih,kategori,2026-03-24 00:00:00,38750
Bawang Putih,Bawang Putih,kategori,2026-03-25 00:00:00,38750
Bawang Putih,Bawang Putih,kategori,2026-03-26 00:00:00,38750
Bawang Putih,Bawang Putih,kategori,2026-03-27 00:00:00,38750
Bawang Putih,Bawang Putih,kategori,2026-03-30 00:00:00,38750
Bawang Putih,Bawang Putih,kategori,2026-03-31 00:00:00,38750
Bawang Putih,Bawang Putih,kategori,2026-04-01 00:00:00,38750
Bawang Putih,Bawang Putih,kategori,2026-04-02 00:00:00,38750
Bawang Putih,Bawang Putih,kategori,2026-04-03 00:00:00,38750
Bawang Putih,Bawang Putih,kategori,2026-04-06 00:00:00,38750
Bawang Putih,Bawang Putih,kategori,2026-04-07 00:00:00,37750
Bawang Putih,Bawang Putih,kategori,2026-04-08 00:00:00,37500
Bawang Putih,Bawang Putih,kategori,2026-04-09 00:00:00,37500
Bawang Putih,Bawang Putih,kategori,2026-04-10 00:00:00,37500
Bawang Putih,Bawang Putih,kategori,2026-04-13 00:00:00,37500
Bawang Putih,Bawang Putih,kategori,2026-04-14 00:00:00,37500
Bawang Putih,Bawang Putih,kategori,2026-04-15 00:00:00,37500
Bawang Putih,Bawang Putih,kategori,2026-04-16 00:00:00,37500
Bawang Putih,Bawang Putih,kategori,2026-04-17 00:00:00,37500
Bawang Putih,Bawang Putih,kategori,2026-04-20 00:00:00,36250
Bawang Putih,Bawang Putih,kategori,2026-04-21 00:00:00,36250
Bawang Putih,Bawang Putih,kategori,2026-04-22 00:00:00,36250
Bawang Putih,Bawang Putih,kategori,2026-04-23 00:00:00,36250
Bawang Putih,Bawang Putih,kategori,2026-04-24 00:00:00,36250
Bawang Putih,Bawang Putih,kategori,2026-04-27 00:00:00,36250
Bawang Putih,Bawang Putih,kategori,2026-04-28 00:00:00,36250
Bawang Putih,Bawang Putih,kategori,2026-04-29 00:00:00,35250
Bawang Putih,Bawang Putih,kategori,2026-04-30 00:00:00,35000
Bawang Putih,Bawang Putih,kategori,2026-05-01 00:00:00,35000
Bawang Putih,Bawang Putih,kategori,2026-05-04 00:00:00,35000
Bawang Putih,Bawang Putih,kategori,2026-05-05 00:00:00,35000
Bawang Putih,Bawang Putih,kategori,2026-05-06 00:00:00,35000
Bawang Putih,Bawang Putih,kategori,2026-05-07 00:00:00,35000
Bawang Putih,Bawang Putih,kategori,2026-05-08 00:00:00,35000
Bawang Putih,Bawang Putih,kategori,2026-05-11 00:00:00,35000
Bawang Putih,Bawang Putih,kategori,2026-05-12 00:00:00,35000
Bawang Putih,Bawang Putih,kategori,2026-05-13 00:00:00,35000
Bawang Putih,Bawang Putih,kategori,2026-05-14 00:00:00,35000
Bawang Putih,Bawang Putih,kategori,2026-05-15 00:00:00,35000
Bawang Putih,Bawang Putih,kategori,2026-05-18 00:00:00,35000
Bawang Putih,Bawang Putih,kategori,2026-05-19 00:00:00,35000
Bawang Putih,Bawang Putih,kategori,2026-05-20 00:00:00,35000
Bawang Putih,Bawang Putih,kategori,2026-05-21 00:00:00,35000
Bawang Putih,Bawang Putih,kategori,2026-05-22 00:00:00,35000
Bawang Putih,Bawang Putih,kategori,2026-05-25 00:00:00,35000
Bawang Putih,Bawang Putih,kategori,2026-05-26 00:00:00,35000
Bawang Putih,Bawang Putih,kategori,2026-05-27 00:00:00,35000
Bawang Putih,Bawang Putih,kategori,2026-05-28 00:00:00,35000
Bawang Putih,Bawang Putih,kategori,2026-05-29 00:00:00,34500
Bawang Putih,Bawang Putih,kategori,2026-06-01 00:00:00,34500
Bawang Putih,Bawang Putih,kategori,2026-06-02 00:00:00,34500
Bawang Putih,Bawang Putih,kategori,2026-06-03 00:00:00,34500
Bawang Putih,Bawang Putih,kategori,2026-06-04 00:00:00,34500
Bawang Putih,Bawang Putih,kategori,2026-06-05 00:00:00,34500
Bawang Putih,Bawang Putih,kategori,2026-06-08 00:00:00,37000
Bawang Putih,Bawang Putih,kategori,2026-06-09 00:00:00,37000
Bawang Putih,Bawang Putih,kategori,2026-06-10 00:00:00,37000
Bawang Putih,Bawang Putih,kategori,2026-06-11 00:00:00,40000
Bawang Putih,Bawang Putih,kategori,2026-06-12 00:00:00,40000
Bawang Putih,Bawang Putih,kategori,2026-06-15 00:00:00,41250
Bawang Putih,Bawang Putih,kategori,2026-06-16 00:00:00,41250
Bawang Putih,Bawang Putih,kategori,2026-06-17 00:00:00,41250
Bawang Putih,Bawang Putih,kategori,2026-06-18 00:00:00,43500
Bawang Putih,Bawang Putih,kategori,2026-06-19 00:00:00,43500
Bawang Putih,Bawang Putih,kategori,2026-06-22 00:00:00,43500
Bawang Putih,Bawang Putih,kategori,2026-06-23 00:00:00,43500
Bawang Putih,Bawang Putih,kategori,2026-06-24 00:00:00,43500
Bawang Putih,Bawang Putih,kategori,2026-06-25 00:00:00,43500
Bawang Putih,Bawang Putih,kategori,2026-06-26 00:00:00,43500
Bawang Putih,Bawang Putih,kategori,2026-06-29 00:00:00,43500
Bawang Putih,Bawang Putih,kategori,2026-06-30 00:00:00,44750
Bawang Putih,Bawang Putih,kategori,2026-07-01 00:00:00,44750
Bawang Putih,Bawang Putih,kategori,2026-07-02 00:00:00,44750
Bawang Putih,Bawang Putih,kategori,2026-07-03 00:00:00,44750
Bawang Putih,Bawang Putih,kategori,2026-07-06 00:00:00,44750
Bawang Putih,Bawang Putih,kategori,2026-07-07 00:00:00,44750
Bawang Putih,Bawang Putih,kategori,2026-07-08 00:00:00,44750
Bawang Putih,Bawang Putih,kategori,2026-07-09 00:00:00,63500
Bawang Putih,Bawang Putih,kategori,2026-07-10 00:00:00,67500
Bawang Putih,Bawang Putih,kategori,2026-07-13 00:00:00,53500
Bawang Putih,Bawang Putih,kategori,2026-07-14 00:00:00,47000
Bawang Putih,Bawang Putih,kategori,2026-07-15 00:00:00,47500
Bawang Putih,Bawang Putih,kategori,2026-07-16 00:00:00,48750
Bawang Putih,Bawang Putih,kategori,2026-07-17 00:00:00,43750
Bawang Putih,Bawang Putih,kategori,2026-07-20 00:00:00,41000
Bawang Putih,Bawang Putih,kategori,2026-07-21 00:00:00,39750
Bawang Putih,Bawang Putih,kategori,2026-07-22 00:00:00,40750
Bawang Putih,Bawang Putih,kategori,2026-07-23 00:00:00,40750
Bawang Putih,Bawang Putih,kategori,2026-07-24 00:00:00,40750
Bawang Putih,Bawang Putih,kategori,2026-07-27 00:00:00,39750
Bawang Putih,Bawang Putih,kategori,2026-07-28 00:00:00,38750
Bawang Putih,Bawang Putih,kategori,2026-07-29 00:00:00,38750
Bawang Putih,Bawang Putih,kategori,2026-07-30 00:00:00,38250
Bawang Putih,Bawang Putih,kategori,2026-07-31 00:00:00,38250
Bawang Putih,Bawang Putih,kategori,2026-08-03 00:00:00,35250
Bawang Putih,Bawang Putih,kategori,2026-08-04 00:00:00,35000
Bawang Putih,Bawang Putih,kategori,2026-08-05 00:00:00,35000
Bawang Putih,Bawang Putih,kategori,2026-08-06 00:00:00,34000
Bawang Putih,Bawang Putih,kategori,2026-08-07 00:00:00,34000
Bawang Putih,Bawang Putih,kategori,2026-08-10 00:00:00,33750
Bawang Putih,Bawang Putih,kategori,2026-08-11 00:00:00,33750
Bawang Putih,Bawang Putih,kategori,2026-08-12 00:00:00,33750
Bawang Putih,Bawang Putih,kategori,2026-08-13 00:00:00,33750
Bawang Putih,Bawang Putih,kategori,2026-08-14 00:00:00,33750
Bawang Putih,Bawang Putih,kategori,2026-08-17 00:00:00,33750
Bawang Putih,Bawang Putih,kategori,2026-08-18 00:00:00,33750
Bawang Putih,Bawang Putih,kategori,2026-08-19 00:00:00,33750
Bawang Putih,Bawang Putih,kategori,2026-08-20 00:00:00,33750
Bawang Putih,Bawang Putih,kategori,2026-08-21 00:00:00,33750
Bawang Putih,Bawang Putih,kategori,2026-08-24 00:00:00,33750
Bawang Putih,Bawang Putih,kategori,2026-08-25 00:00:00,33750
Bawang Putih,Bawang Putih,kategori,2026-08-26 00:00:00,33750
Bawang Putih,Bawang Putih,kategori,2026-08-27 00:00:00,33750
Bawang Putih,Bawang Putih,kategori,2026-08-28 00:00:00,33750
Bawang Putih,Bawang Putih,kategori,2026-08-31 00:00:00,35000
Bawang Putih,Bawang Putih,kategori,2026-09-01 00:00:00,35000
Bawang Putih,Bawang Putih,kategori,2026-09-02 00:00:00,35000
Bawang Putih,Bawang Putih,kategori,2026-09-03 00:00:00,35000
Bawang Putih,Bawang Putih,kategori,2026-09-04 00:00:00,35000
Bawang Putih,Bawang Putih,kategori,2026-09-07 00:00:00,35000
Bawang Putih,Bawang Putih,kategori,2026-09-08 00:00:00,
Bawang Putih Ukuran Sedang,Bawang Putih,varian,2025-01-01 00:00:00,46250
Bawang Putih Ukuran Sedang,Bawang Putih,varian,2025-01-02 00:00:00,45250
Bawang Putih Ukuran Sedang,Bawang Putih,varian,2025-01-03 00:00:00,45250
Bawang Putih Ukuran Sedang,Bawang Putih,varian,2025-01-06 00:00:00,45250
Bawang Putih Ukuran Sedang,Bawang Putih,varian,2025-01-07 00:00:00,45250
Bawang Putih Ukuran Sedang,Bawang Putih,varian,2025-01-08 00:00:00,45250
Bawang Putih Ukuran Sedang,Bawang Putih,varian,2025-01-09 00:00:00,45250
Bawang Putih Ukuran Sedang,Bawang Putih,varian,2025-01-10 00:00:00,45250
Bawang Putih Ukuran Sedang,Bawang Putih,varian,2025-01-13 00:00:00,45250
Bawang Putih Ukuran Sedang,Bawang Putih,varian,2025-01-14 00:00:00,45250
Bawang Putih Ukuran Sedang,Bawang Putih,varian,2025-01-15 00:00:00,45250
Bawang Putih Ukuran Sedang,Bawang Putih,varian,2025-01-16 00:00:00,45250
Bawang Putih Ukuran Sedang,Bawang Putih,varian,2025-01-17 00:00:00,45250
Bawang Putih Ukuran Sedang,Bawang Putih,varian,2025-01-20 00:00:00,45000
Bawang Putih Ukuran Sedang,Bawang Putih,varian,2025-01-21 00:00:00,44750
Bawang Putih Ukuran Sedang,Bawang Putih,varian,2025-01-22 00:00:00,44750
Bawang Putih Ukuran Sedang,Bawang Putih,varian,2025-01-23 00:00:00,44750
Bawang Putih Ukuran Sedang,Bawang Putih,varian,2025-01-24 00:00:00,44750
Bawang Putih Ukuran Sedang,Bawang Putih,varian,2025-01-27 00:00:00,44750
Bawang Putih Ukuran Sedang,Bawang Putih,varian,2025-01-28 00:00:00,44750
Bawang Putih Ukuran Sedang,Bawang Putih,varian,2025-01-29 00:00:00,44750
Bawang Putih Ukuran Sedang,Bawang Putih,varian,2025-01-30 00:00:00,44750
Bawang Putih Ukuran Sedang,Bawang Putih,varian,2025-01-31 00:00:00,44750
Bawang Putih Ukuran Sedang,Bawang Putih,varian,2025-02-03 00:00:00,43750
Bawang Putih Ukuran Sedang,Bawang Putih,varian,2025-02-04 00:00:00,44750
Bawang Putih Ukuran Sedang,Bawang Putih,varian,2025-02-05 00:00:00,44750
Bawang Putih Ukuran Sedang,Bawang Putih,varian,2025-02-06 00:00:00,44750
Bawang Putih Ukuran Sedang,Bawang Putih,varian,2025-02-07 00:00:00,44750
Bawang Putih Ukuran Sedang,Bawang Putih,varian,2025-02-10 00:00:00,44750
Bawang Putih Ukuran Sedang,Bawang Putih,varian,2025-02-11 00:00:00,44750
Bawang Putih Ukuran Sedang,Bawang Putih,varian,2025-02-12 00:00:00,44750
Bawang Putih Ukuran Sedang,Bawang Putih,varian,2025-02-13 00:00:00,44750
Bawang Putih Ukuran Sedang,Bawang Putih,varian,2025-02-14 00:00:00,44750
Bawang Putih Ukuran Sedang,Bawang Putih,varian,2025-02-17 00:00:00,45250
Bawang Putih Ukuran Sedang,Bawang Putih,varian,2025-02-18 00:00:00,45250
Bawang Putih Ukuran Sedang,Bawang Putih,varian,2025-02-19 00:00:00,45250
Bawang Putih Ukuran Sedang,Bawang Putih,varian,2025-02-20 00:00:00,45250
Bawang Putih Ukuran Sedang,Bawang Putih,varian,2025-02-21 00:00:00,45500
Bawang Putih Ukuran Sedang,Bawang Putih,varian,2025-02-24 00:00:00,46000
Bawang Putih Ukuran Sedang,Bawang Putih,varian,2025-02-25 00:00:00,46500
Bawang Putih Ukuran Sedang,Bawang Putih,varian,2025-02-26 00:00:00,46500
Bawang Putih Ukuran Sedang,Bawang Putih,varian,2025-02-27 00:00:00,46500
Bawang Putih Ukuran Sedang,Bawang Putih,varian,2025-02-28 00:00:00,46500
Bawang Putih Ukuran Sedang,Bawang Putih,varian,2025-03-03 00:00:00,46500
Bawang Putih Ukuran Sedang,Bawang Putih,varian,2025-03-04 00:00:00,46500
Bawang Putih Ukuran Sedang,Bawang Putih,varian,2025-03-05 00:00:00,46500
Bawang Putih Ukuran Sedang,Bawang Putih,varian,2025-03-06 00:00:00,46500
Bawang Putih Ukuran Sedang,Bawang Putih,varian,2025-03-07 00:00:00,46500
Bawang Putih Ukuran Sedang,Bawang Putih,varian,2025-03-10 00:00:00,47000
Bawang Putih Ukuran Sedang,Bawang Putih,varian,2025-03-11 00:00:00,46000
Bawang Putih Ukuran Sedang,Bawang Putih,varian,2025-03-12 00:00:00,46000
Bawang Putih Ukuran Sedang,Bawang Putih,varian,2025-03-13 00:00:00,46000
Bawang Putih Ukuran Sedang,Bawang Putih,varian,2025-03-14 00:00:00,46000
Bawang Putih Ukuran Sedang,Bawang Putih,varian,2025-03-17 00:00:00,46000
Bawang Putih Ukuran Sedang,Bawang Putih,varian,2025-03-18 00:00:00,45500
Bawang Putih Ukuran Sedang,Bawang Putih,varian,2025-03-19 00:00:00,45500
Bawang Putih Ukuran Sedang,Bawang Putih,varian,2025-03-20 00:00:00,45500
Bawang Putih Ukuran Sedang,Bawang Putih,varian,2025-03-21 00:00:00,45500
Bawang Putih Ukuran Sedang,Bawang Putih,varian,2025-03-24 00:00:00,45500
Bawang Putih Ukuran Sedang,Bawang Putih,varian,2025-03-25 00:00:00,45500
Bawang Putih Ukuran Sedang,Bawang Putih,varian,2025-03-26 00:00:00,45500
Bawang Putih Ukuran Sedang,Bawang Putih,varian,2025-03-27 00:00:00,45500
Bawang Putih Ukuran Sedang,Bawang Putih,varian,2025-03-28 00:00:00,45500
Bawang Putih Ukuran Sedang,Bawang Putih,varian,2025-03-31 00:00:00,45500
Bawang Putih Ukuran Sedang,Bawang Putih,varian,2025-04-01 00:00:00,45500
Bawang Putih Ukuran Sedang,Bawang Putih,varian,2025-04-02 00:00:00,45500
Bawang Putih Ukuran Sedang,Bawang Putih,varian,2025-04-03 00:00:00,45500
Bawang Putih Ukuran Sedang,Bawang Putih,varian,2025-04-04 00:00:00,45500
Bawang Putih Ukuran Sedang,Bawang Putih,varian,2025-04-07 00:00:00,45500
Bawang Putih Ukuran Sedang,Bawang Putih,varian,2025-04-08 00:00:00,51500
Bawang Putih Ukuran Sedang,Bawang Putih,varian,2025-04-09 00:00:00,51000
Bawang Putih Ukuran Sedang,Bawang Putih,varian,2025-04-10 00:00:00,51000
Bawang Putih Ukuran Sedang,Bawang Putih,varian,2025-04-11 00:00:00,51000
Bawang Putih Ukuran Sedang,Bawang Putih,varian,2025-04-14 00:00:00,50500
Bawang Putih Ukuran Sedang,Bawang Putih,varian,2025-04-15 00:00:00,50500
Bawang Putih Ukuran Sedang,Bawang Putih,varian,2025-04-16 00:00:00,50500
Bawang Putih Ukuran Sedang,Bawang Putih,varian,2025-04-17 00:00:00,50500
Bawang Putih Ukuran Sedang,Bawang Putih,varian,2025-04-18 00:00:00,50500
Bawang Putih Ukuran Sedang,Bawang Putih,varian,2025-04-21 00:00:00,49500
Bawang Putih Ukuran Sedang,Bawang Putih,varian,2025-04-22 00:00:00,49500
Bawang Putih Ukuran Sedang,Bawang Putih,varian,2025-04-23 00:00:00,49500
Bawang Putih Ukuran Sedang,Bawang Putih,varian,2025-04-24 00:00:00,49500
Bawang Putih Ukuran Sedang,Bawang Putih,varian,2025-04-25 00:00:00,49500
Bawang Putih Ukuran Sedang,Bawang Putih,varian,2025-04-28 00:00:00,46500
Bawang Putih Ukuran Sedang,Bawang Putih,varian,2025-04-29 00:00:00,46500
Bawang Putih Ukuran Sedang,Bawang Putih,varian,2025-04-30 00:00:00,46000
Bawang Putih Ukuran Sedang,Bawang Putih,varian,2025-05-01 00:00:00,46000
Bawang Putih Ukuran Sedang,Bawang Putih,varian,2025-05-02 00:00:00,46000
Bawang Putih Ukuran Sedang,Bawang Putih,varian,2025-05-05 00:00:00,44000
Bawang Putih Ukuran Sedang,Bawang Putih,varian,2025-05-06 00:00:00,44000
Bawang Putih Ukuran Sedang,Bawang Putih,varian,2025-05-07 00:00:00,44000
Bawang Putih Ukuran Sedang,Bawang Putih,varian,2025-05-08 00:00:00,44000
Bawang Putih Ukuran Sedang,Bawang Putih,varian,2025-05-09 00:00:00,43500
Bawang Putih Ukuran Sedang,Bawang Putih,varian,2025-05-12 00:00:00,43500
Bawang Putih Ukuran Sedang,Bawang Putih,varian,2025-05-13 00:00:00,44750
Bawang Putih Ukuran Sedang,Bawang Putih,varian,2025-05-14 00:00:00,44750
Bawang Putih Ukuran Sedang,Bawang Putih,varian,2025-05-15 00:00:00,44750
Bawang Putih Ukuran Sedang,Bawang Putih,varian,2025-05-16 00:00:00,43750
Bawang Putih Ukuran Sedang,Bawang Putih,varian,2025-05-19 00:00:00,43750
Bawang Putih Ukuran Sedang,Bawang Putih,varian,2025-05-20 00:00:00,43750
Bawang Putih Ukuran Sedang,Bawang Putih,varian,2025-05-21 00:00:00,43750
Bawang Putih Ukuran Sedang,Bawang Putih,varian,2025-05-22 00:00:00,43750
Bawang Putih Ukuran Sedang,Bawang Putih,varian,2025-05-23 00:00:00,43750
Bawang Putih Ukuran Sedang,Bawang Putih,varian,2025-05-26 00:00:00,43750
Bawang Putih Ukuran Sedang,Bawang Putih,varian,2025-05-27 00:00:00,43750
Bawang Putih Ukuran Sedang,Bawang Putih,varian,2025-05-28 00:00:00,43750
Bawang Putih Ukuran Sedang,Bawang Putih,varian,2025-05-29 00:00:00,43750
Bawang Putih Ukuran Sedang,Bawang Putih,varian,2025-05-30 00:00:00,43750
Bawang Putih Ukuran Sedang,Bawang Putih,varian,2025-06-02 00:00:00,40000
Bawang Putih Ukuran Sedang,Bawang Putih,varian,2025-06-03 00:00:00,40000
Bawang Putih Ukuran Sedang,Bawang Putih,varian,2025-06-04 00:00:00,40000
Bawang Putih Ukuran Sedang,Bawang Putih,varian,2025-06-05 00:00:00,40000
Bawang Putih Ukuran Sedang,Bawang Putih,varian,2025-06-06 00:00:00,40000
Bawang Putih Ukuran Sedang,Bawang Putih,varian,2025-06-09 00:00:00,40000
Bawang Putih Ukuran Sedang,Bawang Putih,varian,2025-06-10 00:00:00,40000
Bawang Putih Ukuran Sedang,Bawang Putih,varian,2025-06-11 00:00:00,41000
Bawang Putih Ukuran Sedang,Bawang Putih,varian,2025-06-12 00:00:00,41000
Bawang Putih Ukuran Sedang,Bawang Putih,varian,2025-06-13 00:00:00,41000
Bawang Putih Ukuran Sedang,Bawang Putih,varian,2025-06-16 00:00:00,43250
Bawang Putih Ukuran Sedang,Bawang Putih,varian,2025-06-17 00:00:00,43250
Bawang Putih Ukuran Sedang,Bawang Putih,varian,2025-06-18 00:00:00,43250
Bawang Putih Ukuran Sedang,Bawang Putih,varian,2025-06-19 00:00:00,42250
Bawang Putih Ukuran Sedang,Bawang Putih,varian,2025-06-20 00:00:00,42250
Bawang Putih Ukuran Sedang,Bawang Putih,varian,2025-06-23 00:00:00,42250
Bawang Putih Ukuran Sedang,Bawang Putih,varian,2025-06-24 00:00:00,42250
Bawang Putih Ukuran Sedang,Bawang Putih,varian,2025-06-25 00:00:00,41000
Bawang Putih Ukuran Sedang,Bawang Putih,varian,2025-06-26 00:00:00,42000
Bawang Putih Ukuran Sedang,Bawang Putih,varian,2025-06-27 00:00:00,42000
Bawang Putih Ukuran Sedang,Bawang Putih,varian,2025-06-30 00:00:00,40000
Bawang Putih Ukuran Sedang,Bawang Putih,varian,2025-07-01 00:00:00,40000
Bawang Putih Ukuran Sedang,Bawang Putih,varian,2025-07-02 00:00:00,40000
Bawang Putih Ukuran Sedang,Bawang Putih,varian,2025-07-03 00:00:00,40000
Bawang Putih Ukuran Sedang,Bawang Putih,varian,2025-07-04 00:00:00,40000
Bawang Putih Ukuran Sedang,Bawang Putih,varian,2025-07-07 00:00:00,40000
Bawang Putih Ukuran Sedang,Bawang Putih,varian,2025-07-08 00:00:00,40000
Bawang Putih Ukuran Sedang,Bawang Putih,varian,2025-07-09 00:00:00,40000
Bawang Putih Ukuran Sedang,Bawang Putih,varian,2025-07-10 00:00:00,40000
Bawang Putih Ukuran Sedang,Bawang Putih,varian,2025-07-11 00:00:00,40000
Bawang Putih Ukuran Sedang,Bawang Putih,varian,2025-07-14 00:00:00,40000
Bawang Putih Ukuran Sedang,Bawang Putih,varian,2025-07-15 00:00:00,40000
Bawang Putih Ukuran Sedang,Bawang Putih,varian,2025-07-16 00:00:00,40000
Bawang Putih Ukuran Sedang,Bawang Putih,varian,2025-07-17 00:00:00,40000
Bawang Putih Ukuran Sedang,Bawang Putih,varian,2025-07-18 00:00:00,40000
Bawang Putih Ukuran Sedang,Bawang Putih,varian,2025-07-21 00:00:00,40000
Bawang Putih Ukuran Sedang,Bawang Putih,varian,2025-07-22 00:00:00,40000
Bawang Putih Ukuran Sedang,Bawang Putih,varian,2025-07-23 00:00:00,40000
Bawang Putih Ukuran Sedang,Bawang Putih,varian,2025-07-24 00:00:00,40000
Bawang Putih Ukuran Sedang,Bawang Putih,varian,2025-07-25 00:00:00,40000
Bawang Putih Ukuran Sedang,Bawang Putih,varian,2025-07-28 00:00:00,40000
Bawang Putih Ukuran Sedang,Bawang Putih,varian,2025-07-29 00:00:00,40000
Bawang Putih Ukuran Sedang,Bawang Putih,varian,2025-07-30 00:00:00,39500
Bawang Putih Ukuran Sedang,Bawang Putih,varian,2025-07-31 00:00:00,39500
Bawang Putih Ukuran Sedang,Bawang Putih,varian,2025-08-01 00:00:00,40000
Bawang Putih Ukuran Sedang,Bawang Putih,varian,2025-08-04 00:00:00,39500
Bawang Putih Ukuran Sedang,Bawang Putih,varian,2025-08-05 00:00:00,40000
Bawang Putih Ukuran Sedang,Bawang Putih,varian,2025-08-06 00:00:00,40000
Bawang Putih Ukuran Sedang,Bawang Putih,varian,2025-08-07 00:00:00,40000
Bawang Putih Ukuran Sedang,Bawang Putih,varian,2025-08-08 00:00:00,39500
Bawang Putih Ukuran Sedang,Bawang Putih,varian,2025-08-11 00:00:00,39500
Bawang Putih Ukuran Sedang,Bawang Putih,varian,2025-08-12 00:00:00,39500
Bawang Putih Ukuran Sedang,Bawang Putih,varian,2025-08-13 00:00:00,39000
Bawang Putih Ukuran Sedang,Bawang Putih,varian,2025-08-14 00:00:00,39000
Bawang Putih Ukuran Sedang,Bawang Putih,varian,2025-08-15 00:00:00,39500
Bawang Putih Ukuran Sedang,Bawang Putih,varian,2025-08-18 00:00:00,39500
Bawang Putih Ukuran Sedang,Bawang Putih,varian,2025-08-19 00:00:00,39500
Bawang Putih Ukuran Sedang,Bawang Putih,varian,2025-08-20 00:00:00,39500
Bawang Putih Ukuran Sedang,Bawang Putih,varian,2025-08-21 00:00:00,39500
Bawang Putih Ukuran Sedang,Bawang Putih,varian,2025-08-22 00:00:00,38500
Bawang Putih Ukuran Sedang,Bawang Putih,varian,2025-08-25 00:00:00,37250
Bawang Putih Ukuran Sedang,Bawang Putih,varian,2025-08-26 00:00:00,38000
Bawang Putih Ukuran Sedang,Bawang Putih,varian,2025-08-27 00:00:00,39000
Bawang Putih Ukuran Sedang,Bawang Putih,varian,2025-08-28 00:00:00,39500
Bawang Putih Ukuran Sedang,Bawang Putih,varian,2025-08-29 00:00:00,38500
Bawang Putih Ukuran Sedang,Bawang Putih,varian,2025-09-01 00:00:00,38500
Bawang Putih Ukuran Sedang,Bawang Putih,varian,2025-09-02 00:00:00,38000
Bawang Putih Ukuran Sedang,Bawang Putih,varian,2025-09-03 00:00:00,38500
Bawang Putih Ukuran Sedang,Bawang Putih,varian,2025-09-04 00:00:00,38500
Bawang Putih Ukuran Sedang,Bawang Putih,varian,2025-09-05 00:00:00,38500
Bawang Putih Ukuran Sedang,Bawang Putih,varian,2025-09-08 00:00:00,36750
Bawang Putih Ukuran Sedang,Bawang Putih,varian,2025-09-09 00:00:00,36250
Bawang Putih Ukuran Sedang,Bawang Putih,varian,2025-09-10 00:00:00,37500
Bawang Putih Ukuran Sedang,Bawang Putih,varian,2025-09-11 00:00:00,37500
Bawang Putih Ukuran Sedang,Bawang Putih,varian,2025-09-12 00:00:00,37500
Bawang Putih Ukuran Sedang,Bawang Putih,varian,2025-09-15 00:00:00,36500
Bawang Putih Ukuran Sedang,Bawang Putih,varian,2025-09-16 00:00:00,36500
Bawang Putih Ukuran Sedang,Bawang Putih,varian,2025-09-17 00:00:00,37500
Bawang Putih Ukuran Sedang,Bawang Putih,varian,2025-09-18 00:00:00,37500
Bawang Putih Ukuran Sedang,Bawang Putih,varian,2025-09-19 00:00:00,37500
Bawang Putih Ukuran Sedang,Bawang Putih,varian,2025-09-22 00:00:00,37500
Bawang Putih Ukuran Sedang,Bawang Putih,varian,2025-09-23 00:00:00,37000
Bawang Putih Ukuran Sedang,Bawang Putih,varian,2025-09-24 00:00:00,37000
Bawang Putih Ukuran Sedang,Bawang Putih,varian,2025-09-25 00:00:00,37500
Bawang Putih Ukuran Sedang,Bawang Putih,varian,2025-09-26 00:00:00,37500
Bawang Putih Ukuran Sedang,Bawang Putih,varian,2025-09-29 00:00:00,37000
Bawang Putih Ukuran Sedang,Bawang Putih,varian,2025-09-30 00:00:00,37000
Bawang Putih Ukuran Sedang,Bawang Putih,varian,2025-10-01 00:00:00,37000
Bawang Putih Ukuran Sedang,Bawang Putih,varian,2025-10-02 00:00:00,37000
Bawang Putih Ukuran Sedang,Bawang Putih,varian,2025-10-03 00:00:00,37000
Bawang Putih Ukuran Sedang,Bawang Putih,varian,2025-10-06 00:00:00,37000
Bawang Putih Ukuran Sedang,Bawang Putih,varian,2025-10-07 00:00:00,37000
Bawang Putih Ukuran Sedang,Bawang Putih,varian,2025-10-08 00:00:00,37000
Bawang Putih Ukuran Sedang,Bawang Putih,varian,2025-10-09 00:00:00,37500
Bawang Putih Ukuran Sedang,Bawang Putih,varian,2025-10-10 00:00:00,38500
Bawang Putih Ukuran Sedang,Bawang Putih,varian,2025-10-13 00:00:00,38500
Bawang Putih Ukuran Sedang,Bawang Putih,varian,2025-10-14 00:00:00,38500
Bawang Putih Ukuran Sedang,Bawang Putih,varian,2025-10-15 00:00:00,38500
Bawang Putih Ukuran Sedang,Bawang Putih,varian,2025-10-16 00:00:00,37500
Bawang Putih Ukuran Sedang,Bawang Putih,varian,2025-10-17 00:00:00,37500
Bawang Putih Ukuran Sedang,Bawang Putih,varian,2025-10-20 00:00:00,37500
Bawang Putih Ukuran Sedang,Bawang Putih,varian,2025-10-21 00:00:00,37500
Bawang Putih Ukuran Sedang,Bawang Putih,varian,2025-10-22 00:00:00,37500
Bawang Putih Ukuran Sedang,Bawang Putih,varian,2025-10-23 00:00:00,37500
Bawang Putih Ukuran Sedang,Bawang Putih,varian,2025-10-24 00:00:00,37500
Bawang Putih Ukuran Sedang,Bawang Putih,varian,2025-10-27 00:00:00,37000
Bawang Putih Ukuran Sedang,Bawang Putih,varian,2025-10-28 00:00:00,37000
Bawang Putih Ukuran Sedang,Bawang Putih,varian,2025-10-29 00:00:00,37000
Bawang Putih Ukuran Sedang,Bawang Putih,varian,2025-10-30 00:00:00,37000
Bawang Putih Ukuran Sedang,Bawang Putih,varian,2025-10-31 00:00:00,36750
Bawang Putih Ukuran Sedang,Bawang Putih,varian,2025-11-03 00:00:00,36750
Bawang Putih Ukuran Sedang,Bawang Putih,varian,2025-11-04 00:00:00,36750
Bawang Putih Ukuran Sedang,Bawang Putih,varian,2025-11-05 00:00:00,36750
Bawang Putih Ukuran Sedang,Bawang Putih,varian,2025-11-06 00:00:00,36750
Bawang Putih Ukuran Sedang,Bawang Putih,varian,2025-11-07 00:00:00,36750
Bawang Putih Ukuran Sedang,Bawang Putih,varian,2025-11-10 00:00:00,36750
Bawang Putih Ukuran Sedang,Bawang Putih,varian,2025-11-11 00:00:00,36750
Bawang Putih Ukuran Sedang,Bawang Putih,varian,2025-11-12 00:00:00,36750
Bawang Putih Ukuran Sedang,Bawang Putih,varian,2025-11-13 00:00:00,36750
Bawang Putih Ukuran Sedang,Bawang Putih,varian,2025-11-14 00:00:00,36750
Bawang Putih Ukuran Sedang,Bawang Putih,varian,2025-11-17 00:00:00,36750
Bawang Putih Ukuran Sedang,Bawang Putih,varian,2025-11-18 00:00:00,36750
Bawang Putih Ukuran Sedang,Bawang Putih,varian,2025-11-19 00:00:00,36750
Bawang Putih Ukuran Sedang,Bawang Putih,varian,2025-11-20 00:00:00,36750
Bawang Putih Ukuran Sedang,Bawang Putih,varian,2025-11-21 00:00:00,36750
Bawang Putih Ukuran Sedang,Bawang Putih,varian,2025-11-24 00:00:00,36750
Bawang Putih Ukuran Sedang,Bawang Putih,varian,2025-11-25 00:00:00,36750
Bawang Putih Ukuran Sedang,Bawang Putih,varian,2025-11-26 00:00:00,36750
Bawang Putih Ukuran Sedang,Bawang Putih,varian,2025-11-27 00:00:00,36750
Bawang Putih Ukuran Sedang,Bawang Putih,varian,2025-11-28 00:00:00,36750
Bawang Putih Ukuran Sedang,Bawang Putih,varian,2025-12-01 00:00:00,36750
Bawang Putih Ukuran Sedang,Bawang Putih,varian,2025-12-02 00:00:00,36750
Bawang Putih Ukuran Sedang,Bawang Putih,varian,2025-12-03 00:00:00,36750
Bawang Putih Ukuran Sedang,Bawang Putih,varian,2025-12-04 00:00:00,36750
Bawang Putih Ukuran Sedang,Bawang Putih,varian,2025-12-05 00:00:00,36750
Bawang Putih Ukuran Sedang,Bawang Putih,varian,2025-12-08 00:00:00,36750
Bawang Putih Ukuran Sedang,Bawang Putih,varian,2025-12-09 00:00:00,37750
Bawang Putih Ukuran Sedang,Bawang Putih,varian,2025-12-10 00:00:00,37750
Bawang Putih Ukuran Sedang,Bawang Putih,varian,2025-12-11 00:00:00,37750
Bawang Putih Ukuran Sedang,Bawang Putih,varian,2025-12-12 00:00:00,37750
Bawang Putih Ukuran Sedang,Bawang Putih,varian,2025-12-15 00:00:00,39000
Bawang Putih Ukuran Sedang,Bawang Putih,varian,2025-12-16 00:00:00,39000
Bawang Putih Ukuran Sedang,Bawang Putih,varian,2025-12-17 00:00:00,39000
Bawang Putih Ukuran Sedang,Bawang Putih,varian,2025-12-18 00:00:00,39000
Bawang Putih Ukuran Sedang,Bawang Putih,varian,2025-12-19 00:00:00,39000
Bawang Putih Ukuran Sedang,Bawang Putih,varian,2025-12-22 00:00:00,39000
Bawang Putih Ukuran Sedang,Bawang Putih,varian,2025-12-23 00:00:00,39000
Bawang Putih Ukuran Sedang,Bawang Putih,varian,2025-12-24 00:00:00,39000
Bawang Putih Ukuran Sedang,Bawang Putih,varian,2025-12-25 00:00:00,39000
Bawang Putih Ukuran Sedang,Bawang Putih,varian,2025-12-26 00:00:00,39000
Bawang Putih Ukuran Sedang,Bawang Putih,varian,2025-12-29 00:00:00,39000
Bawang Putih Ukuran Sedang,Bawang Putih,varian,2025-12-30 00:00:00,39000
Bawang Putih Ukuran Sedang,Bawang Putih,varian,2025-12-31 00:00:00,39000
Bawang Putih Ukuran Sedang,Bawang Putih,varian,2026-01-01 00:00:00,39000
Bawang Putih Ukuran Sedang,Bawang Putih,varian,2026-01-02 00:00:00,39000
Bawang Putih Ukuran Sedang,Bawang Putih,varian,2026-01-05 00:00:00,39000
Bawang Putih Ukuran Sedang,Bawang Putih,varian,2026-01-06 00:00:00,39000
Bawang Putih Ukuran Sedang,Bawang Putih,varian,2026-01-07 00:00:00,39000
Bawang Putih Ukuran Sedang,Bawang Putih,varian,2026-01-08 00:00:00,39000
Bawang Putih Ukuran Sedang,Bawang Putih,varian,2026-01-09 00:00:00,39000
Bawang Putih Ukuran Sedang,Bawang Putih,varian,2026-01-12 00:00:00,39000
Bawang Putih Ukuran Sedang,Bawang Putih,varian,2026-01-13 00:00:00,39000
Bawang Putih Ukuran Sedang,Bawang Putih,varian,2026-01-14 00:00:00,38750
Bawang Putih Ukuran Sedang,Bawang Putih,varian,2026-01-15 00:00:00,38750
Bawang Putih Ukuran Sedang,Bawang Putih,varian,2026-01-16 00:00:00,38750
Bawang Putih Ukuran Sedang,Bawang Putih,varian,2026-01-19 00:00:00,38750
Bawang Putih Ukuran Sedang,Bawang Putih,varian,2026-01-20 00:00:00,38750
Bawang Putih Ukuran Sedang,Bawang Putih,varian,2026-01-21 00:00:00,38750
Bawang Putih Ukuran Sedang,Bawang Putih,varian,2026-01-22 00:00:00,38750
Bawang Putih Ukuran Sedang,Bawang Putih,varian,2026-01-23 00:00:00,38750
Bawang Putih Ukuran Sedang,Bawang Putih,varian,2026-01-26 00:00:00,38750
Bawang Putih Ukuran Sedang,Bawang Putih,varian,2026-01-27 00:00:00,38750
Bawang Putih Ukuran Sedang,Bawang Putih,varian,2026-01-28 00:00:00,38750
Bawang Putih Ukuran Sedang,Bawang Putih,varian,2026-01-29 00:00:00,38750
Bawang Putih Ukuran Sedang,Bawang Putih,varian,2026-01-30 00:00:00,38750
Bawang Putih Ukuran Sedang,Bawang Putih,varian,2026-02-02 00:00:00,38750
Bawang Putih Ukuran Sedang,Bawang Putih,varian,2026-02-03 00:00:00,38750
Bawang Putih Ukuran Sedang,Bawang Putih,varian,2026-02-04 00:00:00,38750
Bawang Putih Ukuran Sedang,Bawang Putih,varian,2026-02-05 00:00:00,38750
Bawang Putih Ukuran Sedang,Bawang Putih,varian,2026-02-06 00:00:00,38750
Bawang Putih Ukuran Sedang,Bawang Putih,varian,2026-02-09 00:00:00,38750
Bawang Putih Ukuran Sedang,Bawang Putih,varian,2026-02-10 00:00:00,38750
Bawang Putih Ukuran Sedang,Bawang Putih,varian,2026-02-11 00:00:00,38750
Bawang Putih Ukuran Sedang,Bawang Putih,varian,2026-02-12 00:00:00,38750
Bawang Putih Ukuran Sedang,Bawang Putih,varian,2026-02-13 00:00:00,38750
Bawang Putih Ukuran Sedang,Bawang Putih,varian,2026-02-16 00:00:00,38750
Bawang Putih Ukuran Sedang,Bawang Putih,varian,2026-02-17 00:00:00,38750
Bawang Putih Ukuran Sedang,Bawang Putih,varian,2026-02-18 00:00:00,38750
Bawang Putih Ukuran Sedang,Bawang Putih,varian,2026-02-19 00:00:00,38750
Bawang Putih Ukuran Sedang,Bawang Putih,varian,2026-02-20 00:00:00,38750
Bawang Putih Ukuran Sedang,Bawang Putih,varian,2026-02-23 00:00:00,38750
Bawang Putih Ukuran Sedang,Bawang Putih,varian,2026-02-24 00:00:00,38750
Bawang Putih Ukuran Sedang,Bawang Putih,varian,2026-02-25 00:00:00,38750
Bawang Putih Ukuran Sedang,Bawang Putih,varian,2026-02-26 00:00:00,38750
Bawang Putih Ukuran Sedang,Bawang Putih,varian,2026-02-27 00:00:00,38750
Bawang Putih Ukuran Sedang,Bawang Putih,varian,2026-03-02 00:00:00,38750
Bawang Putih Ukuran Sedang,Bawang Putih,varian,2026-03-03 00:00:00,38750
Bawang Putih Ukuran Sedang,Bawang Putih,varian,2026-03-04 00:00:00,38750
Bawang Putih Ukuran Sedang,Bawang Putih,varian,2026-03-05 00:00:00,38750
Bawang Putih Ukuran Sedang,Bawang Putih,varian,2026-03-06 00:00:00,38750
Bawang Putih Ukuran Sedang,Bawang Putih,varian,2026-03-09 00:00:00,38750
Bawang Putih Ukuran Sedang,Bawang Putih,varian,2026-03-10 00:00:00,38750
Bawang Putih Ukuran Sedang,Bawang Putih,varian,2026-03-11 00:00:00,38750
Bawang Putih Ukuran Sedang,Bawang Putih,varian,2026-03-12 00:00:00,38750
Bawang Putih Ukuran Sedang,Bawang Putih,varian,2026-03-13 00:00:00,38750
Bawang Putih Ukuran Sedang,Bawang Putih,varian,2026-03-16 00:00:00,38750
Bawang Putih Ukuran Sedang,Bawang Putih,varian,2026-03-17 00:00:00,38750
Bawang Putih Ukuran Sedang,Bawang Putih,varian,2026-03-18 00:00:00,38750
Bawang Putih Ukuran Sedang,Bawang Putih,varian,2026-03-19 00:00:00,38750
Bawang Putih Ukuran Sedang,Bawang Putih,varian,2026-03-20 00:00:00,38750
Bawang Putih Ukuran Sedang,Bawang Putih,varian,2026-03-23 00:00:00,38750
Bawang Putih Ukuran Sedang,Bawang Putih,varian,2026-03-24 00:00:00,38750
Bawang Putih Ukuran Sedang,Bawang Putih,varian,2026-03-25 00:00:00,38750
Bawang Putih Ukuran Sedang,Bawang Putih,varian,2026-03-26 00:00:00,38750
Bawang Putih Ukuran Sedang,Bawang Putih,varian,2026-03-27 00:00:00,38750
Bawang Putih Ukuran Sedang,Bawang Putih,varian,2026-03-30 00:00:00,38750
Bawang Putih Ukuran Sedang,Bawang Putih,varian,2026-03-31 00:00:00,38750
Bawang Putih Ukuran Sedang,Bawang Putih,varian,2026-04-01 00:00:00,38750
Bawang Putih Ukuran Sedang,Bawang Putih,varian,2026-04-02 00:00:00,38750
Bawang Putih Ukuran Sedang,Bawang Putih,varian,2026-04-03 00:00:00,38750
Bawang Putih Ukuran Sedang,Bawang Putih,varian,2026-04-06 00:00:00,38750
Bawang Putih Ukuran Sedang,Bawang Putih,varian,2026-04-07 00:00:00,37750
Bawang Putih Ukuran Sedang,Bawang Putih,varian,2026-04-08 00:00:00,37500
Bawang Putih Ukuran Sedang,Bawang Putih,varian,2026-04-09 00:00:00,37500
Bawang Putih Ukuran Sedang,Bawang Putih,varian,2026-04-10 00:00:00,37500
Bawang Putih Ukuran Sedang,Bawang Putih,varian,2026-04-13 00:00:00,37500
Bawang Putih Ukuran Sedang,Bawang Putih,varian,2026-04-14 00:00:00,37500
Bawang Putih Ukuran Sedang,Bawang Putih,varian,2026-04-15 00:00:00,37500
Bawang Putih Ukuran Sedang,Bawang Putih,varian,2026-04-16 00:00:00,37500
Bawang Putih Ukuran Sedang,Bawang Putih,varian,2026-04-17 00:00:00,37500
Bawang Putih Ukuran Sedang,Bawang Putih,varian,2026-04-20 00:00:00,36250
Bawang Putih Ukuran Sedang,Bawang Putih,varian,2026-04-21 00:00:00,36250
Bawang Putih Ukuran Sedang,Bawang Putih,varian,2026-04-22 00:00:00,36250
Bawang Putih Ukuran Sedang,Bawang Putih,varian,2026-04-23 00:00:00,36250
Bawang Putih Ukuran Sedang,Bawang Putih,varian,2026-04-24 00:00:00,36250
Bawang Putih Ukuran Sedang,Bawang Putih,varian,2026-04-27 00:00:00,36250
Bawang Putih Ukuran Sedang,Bawang Putih,varian,2026-04-28 00:00:00,36250
Bawang Putih Ukuran Sedang,Bawang Putih,varian,2026-04-29 00:00:00,35250
Bawang Putih Ukuran Sedang,Bawang Putih,varian,2026-04-30 00:00:00,35000
Bawang Putih Ukuran Sedang,Bawang Putih,varian,2026-05-01 00:00:00,35000
Bawang Putih Ukuran Sedang,Bawang Putih,varian,2026-05-04 00:00:00,35000
Bawang Putih Ukuran Sedang,Bawang Putih,varian,2026-05-05 00:00:00,35000
Bawang Putih Ukuran Sedang,Bawang Putih,varian,2026-05-06 00:00:00,35000
Bawang Putih Ukuran Sedang,Bawang Putih,varian,2026-05-07 00:00:00,35000
Bawang Putih Ukuran Sedang,Bawang Putih,varian,2026-05-08 00:00:00,35000
Bawang Putih Ukuran Sedang,Bawang Putih,varian,2026-05-11 00:00:00,35000
Bawang Putih Ukuran Sedang,Bawang Putih,varian,2026-05-12 00:00:00,35000
Bawang Putih Ukuran Sedang,Bawang Putih,varian,2026-05-13 00:00:00,35000
Bawang Putih Ukuran Sedang,Bawang Putih,varian,2026-05-14 00:00:00,35000
Bawang Putih Ukuran Sedang,Bawang Putih,varian,2026-05-15 00:00:00,35000
Bawang Putih Ukuran Sedang,Bawang Putih,varian,2026-05-18 00:00:00,35000
Bawang Putih Ukuran Sedang,Bawang Putih,varian,2026-05-19 00:00:00,35000
Bawang Putih Ukuran Sedang,Bawang Putih,varian,2026-05-20 00:00:00,35000
Bawang Putih Ukuran Sedang,Bawang Putih,varian,2026-05-21 00:00:00,35000
Bawang Putih Ukuran Sedang,Bawang Putih,varian,2026-05-22 00:00:00,35000
Bawang Putih Ukuran Sedang,Bawang Putih,varian,2026-05-25 00:00:00,35000
Bawang Putih Ukuran Sedang,Bawang Putih,varian,2026-05-26 00:00:00,35000
Bawang Putih Ukuran Sedang,Bawang Putih,varian,2026-05-27 00:00:00,35000
Bawang Putih Ukuran Sedang,Bawang Putih,varian,2026-05-28 00:00:00,35000
Bawang Putih Ukuran Sedang,Bawang Putih,varian,2026-05-29 00:00:00,34500
Bawang Putih Ukuran Sedang,Bawang Putih,varian,2026-06-01 00:00:00,34500
Bawang Putih Ukuran Sedang,Bawang Putih,varian,2026-06-02 00:00:00,34500
Bawang Putih Ukuran Sedang,Bawang Putih,varian,2026-06-03 00:00:00,34500
Bawang Putih Ukuran Sedang,Bawang Putih,varian,2026-06-04 00:00:00,34500
Bawang Putih Ukuran Sedang,Bawang Putih,varian,2026-06-05 00:00:00,34500
Bawang Putih Ukuran Sedang,Bawang Putih,varian,2026-06-08 00:00:00,37000
Bawang Putih Ukuran Sedang,Bawang Putih,varian,2026-06-09 00:00:00,37000
Bawang Putih Ukuran Sedang,Bawang Putih,varian,2026-06-10 00:00:00,37000
Bawang Putih Ukuran Sedang,Bawang Putih,varian,2026-06-11 00:00:00,40000
Bawang Putih Ukuran Sedang,Bawang Putih,varian,2026-06-12 00:00:00,40000
Bawang Putih Ukuran Sedang,Bawang Putih,varian,2026-06-15 00:00:00,41250
Bawang Putih Ukuran Sedang,Bawang Putih,varian,2026-06-16 00:00:00,41250
Bawang Putih Ukuran Sedang,Bawang Putih,varian,2026-06-17 00:00:00,41250
Bawang Putih Ukuran Sedang,Bawang Putih,varian,2026-06-18 00:00:00,43500
Bawang Putih Ukuran Sedang,Bawang Putih,varian,2026-06-19 00:00:00,43500
Bawang Putih Ukuran Sedang,Bawang Putih,varian,2026-06-22 00:00:00,43500
Bawang Putih Ukuran Sedang,Bawang Putih,varian,2026-06-23 00:00:00,43500
Bawang Putih Ukuran Sedang,Bawang Putih,varian,2026-06-24 00:00:00,43500
Bawang Putih Ukuran Sedang,Bawang Putih,varian,2026-06-25 00:00:00,43500
Bawang Putih Ukuran Sedang,Bawang Putih,varian,2026-06-26 00:00:00,43500
Bawang Putih Ukuran Sedang,Bawang Putih,varian,2026-06-29 00:00:00,43500
Bawang Putih Ukuran Sedang,Bawang Putih,varian,2026-06-30 00:00:00,44750
Bawang Putih Ukuran Sedang,Bawang Putih,varian,2026-07-01 00:00:00,44750
Bawang Putih Ukuran Sedang,Bawang Putih,varian,2026-07-02 00:00:00,44750
Bawang Putih Ukuran Sedang,Bawang Putih,varian,2026-07-03 00:00:00,44750
Bawang Putih Ukuran Sedang,Bawang Putih,varian,2026-07-06 00:00:00,44750
Bawang Putih Ukuran Sedang,Bawang Putih,varian,2026-07-07 00:00:00,44750
Bawang Putih Ukuran Sedang,Bawang Putih,varian,2026-07-08 00:00:00,44750
Bawang Putih Ukuran Sedang,Bawang Putih,varian,2026-07-09 00:00:00,63500
Bawang Putih Ukuran Sedang,Bawang Putih,varian,2026-07-10 00:00:00,67500
Bawang Putih Ukuran Sedang,Bawang Putih,varian,2026-07-13 00:00:00,53500
Bawang Putih Ukuran Sedang,Bawang Putih,varian,2026-07-14 00:00:00,47000
Bawang Putih Ukuran Sedang,Bawang Putih,varian,2026-07-15 00:00:00,47500
Bawang Putih Ukuran Sedang,Bawang Putih,varian,2026-07-16 00:00:00,48750
Bawang Putih Ukuran Sedang,Bawang Putih,varian,2026-07-17 00:00:00,43750
Bawang Putih Ukuran Sedang,Bawang Putih,varian,2026-07-20 00:00:00,41000
Bawang Putih Ukuran Sedang,Bawang Putih,varian,2026-07-21 00:00:00,39750
Bawang Putih Ukuran Sedang,Bawang Putih,varian,2026-07-22 00:00:00,40750
Bawang Putih Ukuran Sedang,Bawang Putih,varian,2026-07-23 00:00:00,40750
Bawang Putih Ukuran Sedang,Bawang Putih,varian,2026-07-24 00:00:00,40750
Bawang Putih Ukuran Sedang,Bawang Putih,varian,2026-07-27 00:00:00,39750
Bawang Putih Ukuran Sedang,Bawang Putih,varian,2026-07-28 00:00:00,38750
Bawang Putih Ukuran Sedang,Bawang Putih,varian,2026-07-29 00:00:00,38750
Bawang Putih Ukuran Sedang,Bawang Putih,varian,2026-07-30 00:00:00,38250
Bawang Putih Ukuran Sedang,Bawang Putih,varian,2026-07-31 00:00:00,38250
Bawang Putih Ukuran Sedang,Bawang Putih,varian,2026-08-03 00:00:00,35250
Bawang Putih Ukuran Sedang,Bawang Putih,varian,2026-08-04 00:00:00,35000
Bawang Putih Ukuran Sedang,Bawang Putih,varian,2026-08-05 00:00:00,35000
Bawang Putih Ukuran Sedang,Bawang Putih,varian,2026-08-06 00:00:00,34000
Bawang Putih Ukuran Sedang,Bawang Putih,varian,2026-08-07 00:00:00,34000
Bawang Putih Ukuran Sedang,Bawang Putih,varian,2026-08-10 00:00:00,33750
Bawang Putih Ukuran Sedang,Bawang Putih,varian,2026-08-11 00:00:00,33750
Bawang Putih Ukuran Sedang,Bawang Putih,varian,2026-08-12 00:00:00,33750
Bawang Putih Ukuran Sedang,Bawang Putih,varian,2026-08-13 00:00:00,33750
Bawang Putih Ukuran Sedang,Bawang Putih,varian,2026-08-14 00:00:00,33750
Bawang Putih Ukuran Sedang,Bawang Putih,varian,2026-08-17 00:00:00,33750
Bawang Putih Ukuran Sedang,Bawang Putih,varian,2026-08-18 00:00:00,33750
Bawang Putih Ukuran Sedang,Bawang Putih,varian,2026-08-19 00:00:00,33750
Bawang Putih Ukuran Sedang,Bawang Putih,varian,2026-08-20 00:00:00,33750
Bawang Putih Ukuran Sedang,Bawang Putih,varian,2026-08-21 00:00:00,33750
Bawang Putih Ukuran Sedang,Bawang Putih,varian,2026-08-24 00:00:00,33750
Bawang Putih Ukuran Sedang,Bawang Putih,varian,2026-08-25 00:00:00,33750
Bawang Putih Ukuran Sedang,Bawang Putih,varian,2026-08-26 00:00:00,33750
Bawang Putih Ukuran Sedang,Bawang Putih,varian,2026-08-27 00:00:00,33750
Bawang Putih Ukuran Sedang,Bawang Putih,varian,2026-08-28 00:00:00,33750
Bawang Putih Ukuran Sedang,Bawang Putih,varian,2026-08-31 00:00:00,35000
Bawang Putih Ukuran Sedang,Bawang Putih,varian,2026-09-01 00:00:00,35000
Bawang Putih Ukuran Sedang,Bawang Putih,varian,2026-09-02 00:00:00,35000
Bawang Putih Ukuran Sedang,Bawang Putih,varian,2026-09-03 00:00:00,35000
Bawang Putih Ukuran Sedang,Bawang Putih,varian,2026-09-04 00:00:00,35000
Bawang Putih Ukuran Sedang,Bawang Putih,varian,2026-09-07 00:00:00,35000
Bawang Putih Ukuran Sedang,Bawang Putih,varian,2026-09-08 00:00:00,35000
Beras,Beras,kategori,2025-01-01 00:00:00,14250
Beras,Beras,kategori,2025-01-02 00:00:00,14250
Beras,Beras,kategori,2025-01-03 00:00:00,14250
Beras,Beras,kategori,2025-01-06 00:00:00,14350
Beras,Beras,kategori,2025-01-07 00:00:00,14350
Beras,Beras,kategori,2025-01-08 00:00:00,14350
Beras,Beras,kategori,2025-01-09 00:00:00,14350
Beras,Beras,kategori,2025-01-10 00:00:00,14350
Beras,Beras,kategori,2025-01-13 00:00:00,14350
Beras,Beras,kategori,2025-01-14 00:00:00,14350
Beras,Beras,kategori,2025-01-15 00:00:00,14350
Beras,Beras,kategori,2025-01-16 00:00:00,14350
Beras,Beras,kategori,2025-01-17 00:00:00,14350
Beras,Beras,kategori,2025-01-20 00:00:00,14350
Beras,Beras,kategori,2025-01-21 00:00:00,14300
Beras,Beras,kategori,2025-01-22 00:00:00,14300
Beras,Beras,kategori,2025-01-23 00:00:00,14300
Beras,Beras,kategori,2025-01-24 00:00:00,14300
Beras,Beras,kategori,2025-01-27 00:00:00,14300
Beras,Beras,kategori,2025-01-28 00:00:00,14300
Beras,Beras,kategori,2025-01-29 00:00:00,14300
Beras,Beras,kategori,2025-01-30 00:00:00,14300
Beras,Beras,kategori,2025-01-31 00:00:00,14300
Beras,Beras,kategori,2025-02-03 00:00:00,14300
Beras,Beras,kategori,2025-02-04 00:00:00,14300
Beras,Beras,kategori,2025-02-05 00:00:00,14300
Beras,Beras,kategori,2025-02-06 00:00:00,14300
Beras,Beras,kategori,2025-02-07 00:00:00,14350
Beras,Beras,kategori,2025-02-10 00:00:00,14400
Beras,Beras,kategori,2025-02-11 00:00:00,14400
Beras,Beras,kategori,2025-02-12 00:00:00,14400
Beras,Beras,kategori,2025-02-13 00:00:00,14400
Beras,Beras,kategori,2025-02-14 00:00:00,14400
Beras,Beras,kategori,2025-02-17 00:00:00,14400
Beras,Beras,kategori,2025-02-18 00:00:00,14400
Beras,Beras,kategori,2025-02-19 00:00:00,14400
Beras,Beras,kategori,2025-02-20 00:00:00,14400
Beras,Beras,kategori,2025-02-21 00:00:00,14400
Beras,Beras,kategori,2025-02-24 00:00:00,14400
Beras,Beras,kategori,2025-02-25 00:00:00,14400
Beras,Beras,kategori,2025-02-26 00:00:00,14350
Beras,Beras,kategori,2025-02-27 00:00:00,14400
Beras,Beras,kategori,2025-02-28 00:00:00,14400
Beras,Beras,kategori,2025-03-03 00:00:00,14400
Beras,Beras,kategori,2025-03-04 00:00:00,14400
Beras,Beras,kategori,2025-03-05 00:00:00,14400
Beras,Beras,kategori,2025-03-06 00:00:00,14450
Beras,Beras,kategori,2025-03-07 00:00:00,14450
Beras,Beras,kategori,2025-03-10 00:00:00,14450
Beras,Beras,kategori,2025-03-11 00:00:00,14450
Beras,Beras,kategori,2025-03-12 00:00:00,14450
Beras,Beras,kategori,2025-03-13 00:00:00,14450
Beras,Beras,kategori,2025-03-14 00:00:00,14450
Beras,Beras,kategori,2025-03-17 00:00:00,14450
Beras,Beras,kategori,2025-03-18 00:00:00,14450
Beras,Beras,kategori,2025-03-19 00:00:00,14450
Beras,Beras,kategori,2025-03-20 00:00:00,14450
Beras,Beras,kategori,2025-03-21 00:00:00,14450
Beras,Beras,kategori,2025-03-24 00:00:00,14450
Beras,Beras,kategori,2025-03-25 00:00:00,14450
Beras,Beras,kategori,2025-03-26 00:00:00,14450
Beras,Beras,kategori,2025-03-27 00:00:00,14450
Beras,Beras,kategori,2025-03-28 00:00:00,14450
Beras,Beras,kategori,2025-03-31 00:00:00,14450
Beras,Beras,kategori,2025-04-01 00:00:00,14450
Beras,Beras,kategori,2025-04-02 00:00:00,14450
Beras,Beras,kategori,2025-04-03 00:00:00,14450
Beras,Beras,kategori,2025-04-04 00:00:00,14450
Beras,Beras,kategori,2025-04-07 00:00:00,14450
Beras,Beras,kategori,2025-04-08 00:00:00,14450
Beras,Beras,kategori,2025-04-09 00:00:00,14450
Beras,Beras,kategori,2025-04-10 00:00:00,14600
Beras,Beras,kategori,2025-04-11 00:00:00,14600
Beras,Beras,kategori,2025-04-14 00:00:00,14550
Beras,Beras,kategori,2025-04-15 00:00:00,14650
Beras,Beras,kategori,2025-04-16 00:00:00,14600
Beras,Beras,kategori,2025-04-17 00:00:00,14500
Beras,Beras,kategori,2025-04-18 00:00:00,14500
Beras,Beras,kategori,2025-04-21 00:00:00,14500
Beras,Beras,kategori,2025-04-22 00:00:00,14500
Beras,Beras,kategori,2025-04-23 00:00:00,14500
Beras,Beras,kategori,2025-04-24 00:00:00,14650
Beras,Beras,kategori,2025-04-25 00:00:00,14650
Beras,Beras,kategori,2025-04-28 00:00:00,14650
Beras,Beras,kategori,2025-04-29 00:00:00,14650
Beras,Beras,kategori,2025-04-30 00:00:00,14650
Beras,Beras,kategori,2025-05-01 00:00:00,14650
Beras,Beras,kategori,2025-05-02 00:00:00,14700
Beras,Beras,kategori,2025-05-05 00:00:00,14750
Beras,Beras,kategori,2025-05-06 00:00:00,14750
Beras,Beras,kategori,2025-05-07 00:00:00,14750
Beras,Beras,kategori,2025-05-08 00:00:00,14750
Beras,Beras,kategori,2025-05-09 00:00:00,14800
Beras,Beras,kategori,2025-05-12 00:00:00,14800
Beras,Beras,kategori,2025-05-13 00:00:00,14800
Beras,Beras,kategori,2025-05-14 00:00:00,14800
Beras,Beras,kategori,2025-05-15 00:00:00,14800
Beras,Beras,kategori,2025-05-16 00:00:00,14850
Beras,Beras,kategori,2025-05-19 00:00:00,14900
Beras,Beras,kategori,2025-05-20 00:00:00,14900
Beras,Beras,kategori,2025-05-21 00:00:00,14900
Beras,Beras,kategori,2025-05-22 00:00:00,14950
Beras,Beras,kategori,2025-05-23 00:00:00,14950
Beras,Beras,kategori,2025-05-26 00:00:00,14950
Beras,Beras,kategori,2025-05-27 00:00:00,14950
Beras,Beras,kategori,2025-05-28 00:00:00,14950
Beras,Beras,kategori,2025-05-29 00:00:00,14950
Beras,Beras,kategori,2025-05-30 00:00:00,14950
Beras,Beras,kategori,2025-06-02 00:00:00,14950
Beras,Beras,kategori,2025-06-03 00:00:00,14950
Beras,Beras,kategori,2025-06-04 00:00:00,14950
Beras,Beras,kategori,2025-06-05 00:00:00,14950
Beras,Beras,kategori,2025-06-06 00:00:00,14950
Beras,Beras,kategori,2025-06-09 00:00:00,14950
Beras,Beras,kategori,2025-06-10 00:00:00,15250
Beras,Beras,kategori,2025-06-11 00:00:00,15250
Beras,Beras,kategori,2025-06-12 00:00:00,15350
Beras,Beras,kategori,2025-06-13 00:00:00,15350
Beras,Beras,kategori,2025-06-16 00:00:00,15400
Beras,Beras,kategori,2025-06-17 00:00:00,15500
Beras,Beras,kategori,2025-06-18 00:00:00,15550
Beras,Beras,kategori,2025-06-19 00:00:00,15600
Beras,Beras,kategori,2025-06-20 00:00:00,15600
Beras,Beras,kategori,2025-06-23 00:00:00,16150
Beras,Beras,kategori,2025-06-24 00:00:00,16150
Beras,Beras,kategori,2025-06-25 00:00:00,16150
Beras,Beras,kategori,2025-06-26 00:00:00,16150
Beras,Beras,kategori,2025-06-27 00:00:00,16150
Beras,Beras,kategori,2025-06-30 00:00:00,16250
Beras,Beras,kategori,2025-07-01 00:00:00,16250
Beras,Beras,kategori,2025-07-02 00:00:00,16250
Beras,Beras,kategori,2025-07-03 00:00:00,16300
Beras,Beras,kategori,2025-07-04 00:00:00,16300
Beras,Beras,kategori,2025-07-07 00:00:00,16300
Beras,Beras,kategori,2025-07-08 00:00:00,16300
Beras,Beras,kategori,2025-07-09 00:00:00,16300
Beras,Beras,kategori,2025-07-10 00:00:00,16300
Beras,Beras,kategori,2025-07-11 00:00:00,16300
Beras,Beras,kategori,2025-07-14 00:00:00,16400
Beras,Beras,kategori,2025-07-15 00:00:00,16500
Beras,Beras,kategori,2025-07-16 00:00:00,16500
Beras,Beras,kategori,2025-07-17 00:00:00,16500
Beras,Beras,kategori,2025-07-18 00:00:00,16150
Beras,Beras,kategori,2025-07-21 00:00:00,16500
Beras,Beras,kategori,2025-07-22 00:00:00,16500
Beras,Beras,kategori,2025-07-23 00:00:00,16600
Beras,Beras,kategori,2025-07-24 00:00:00,16600
Beras,Beras,kategori,2025-07-25 00:00:00,16600
Beras,Beras,kategori,2025-07-28 00:00:00,16550
Beras,Beras,kategori,2025-07-29 00:00:00,16550
Beras,Beras,kategori,2025-07-30 00:00:00,16550
Beras,Beras,kategori,2025-07-31 00:00:00,16550
Beras,Beras,kategori,2025-08-01 00:00:00,16500
Beras,Beras,kategori,2025-08-04 00:00:00,16500
Beras,Beras,kategori,2025-08-05 00:00:00,16500
Beras,Beras,kategori,2025-08-06 00:00:00,16550
Beras,Beras,kategori,2025-08-07 00:00:00,16550
Beras,Beras,kategori,2025-08-08 00:00:00,16550
Beras,Beras,kategori,2025-08-11 00:00:00,16550
Beras,Beras,kategori,2025-08-12 00:00:00,16550
Beras,Beras,kategori,2025-08-13 00:00:00,16550
Beras,Beras,kategori,2025-08-14 00:00:00,16550
Beras,Beras,kategori,2025-08-15 00:00:00,16550
Beras,Beras,kategori,2025-08-18 00:00:00,16550
Beras,Beras,kategori,2025-08-19 00:00:00,16550
Beras,Beras,kategori,2025-08-20 00:00:00,16550
Beras,Beras,kategori,2025-08-21 00:00:00,16200
Beras,Beras,kategori,2025-08-22 00:00:00,16200
Beras,Beras,kategori,2025-08-25 00:00:00,16200
Beras,Beras,kategori,2025-08-26 00:00:00,16150
Beras,Beras,kategori,2025-08-27 00:00:00,16200
Beras,Beras,kategori,2025-08-28 00:00:00,16150
Beras,Beras,kategori,2025-08-29 00:00:00,16150
Beras,Beras,kategori,2025-09-01 00:00:00,16150
Beras,Beras,kategori,2025-09-02 00:00:00,16150
Beras,Beras,kategori,2025-09-03 00:00:00,16150
Beras,Beras,kategori,2025-09-04 00:00:00,16150
Beras,Beras,kategori,2025-09-05 00:00:00,16150
Beras,Beras,kategori,2025-09-08 00:00:00,16250
Beras,Beras,kategori,2025-09-09 00:00:00,16300
Beras,Beras,kategori,2025-09-10 00:00:00,16100
Beras,Beras,kategori,2025-09-11 00:00:00,16100
Beras,Beras,kategori,2025-09-12 00:00:00,16100
Beras,Beras,kategori,2025-09-15 00:00:00,16050
Beras,Beras,kategori,2025-09-16 00:00:00,16050
Beras,Beras,kategori,2025-09-17 00:00:00,16050
Beras,Beras,kategori,2025-09-18 00:00:00,16050
Beras,Beras,kategori,2025-09-19 00:00:00,16050
Beras,Beras,kategori,2025-09-22 00:00:00,16100
Beras,Beras,kategori,2025-09-23 00:00:00,16050
Beras,Beras,kategori,2025-09-24 00:00:00,16050
Beras,Beras,kategori,2025-09-25 00:00:00,16050
Beras,Beras,kategori,2025-09-26 00:00:00,16050
Beras,Beras,kategori,2025-09-29 00:00:00,16050
Beras,Beras,kategori,2025-09-30 00:00:00,16050
Beras,Beras,kategori,2025-10-01 00:00:00,16050
Beras,Beras,kategori,2025-10-02 00:00:00,16050
Beras,Beras,kategori,2025-10-03 00:00:00,16050
Beras,Beras,kategori,2025-10-06 00:00:00,16050
Beras,Beras,kategori,2025-10-07 00:00:00,16050
Beras,Beras,kategori,2025-10-08 00:00:00,16050
Beras,Beras,kategori,2025-10-09 00:00:00,16050
Beras,Beras,kategori,2025-10-10 00:00:00,16050
Beras,Beras,kategori,2025-10-13 00:00:00,16000
Beras,Beras,kategori,2025-10-14 00:00:00,16000
Beras,Beras,kategori,2025-10-15 00:00:00,16000
Beras,Beras,kategori,2025-10-16 00:00:00,16000
Beras,Beras,kategori,2025-10-17 00:00:00,16000
Beras,Beras,kategori,2025-10-20 00:00:00,15900
Beras,Beras,kategori,2025-10-21 00:00:00,15900
Beras,Beras,kategori,2025-10-22 00:00:00,15800
Beras,Beras,kategori,2025-10-23 00:00:00,15750
Beras,Beras,kategori,2025-10-24 00:00:00,15750
Beras,Beras,kategori,2025-10-27 00:00:00,15750
Beras,Beras,kategori,2025-10-28 00:00:00,15700
Beras,Beras,kategori,2025-10-29 00:00:00,15700
Beras,Beras,kategori,2025-10-30 00:00:00,15700
Beras,Beras,kategori,2025-10-31 00:00:00,15700
Beras,Beras,kategori,2025-11-03 00:00:00,15700
Beras,Beras,kategori,2025-11-04 00:00:00,15700
Beras,Beras,kategori,2025-11-05 00:00:00,15700
Beras,Beras,kategori,2025-11-06 00:00:00,15700
Beras,Beras,kategori,2025-11-07 00:00:00,15700
Beras,Beras,kategori,2025-11-10 00:00:00,15650
Beras,Beras,kategori,2025-11-11 00:00:00,15700
Beras,Beras,kategori,2025-11-12 00:00:00,15700
Beras,Beras,kategori,2025-11-13 00:00:00,15700
Beras,Beras,kategori,2025-11-14 00:00:00,15700
Beras,Beras,kategori,2025-11-17 00:00:00,15700
Beras,Beras,kategori,2025-11-18 00:00:00,15700
Beras,Beras,kategori,2025-11-19 00:00:00,15700
Beras,Beras,kategori,2025-11-20 00:00:00,15200
Beras,Beras,kategori,2025-11-21 00:00:00,15200
Beras,Beras,kategori,2025-11-24 00:00:00,15100
Beras,Beras,kategori,2025-11-25 00:00:00,15100
Beras,Beras,kategori,2025-11-26 00:00:00,15100
Beras,Beras,kategori,2025-11-27 00:00:00,15050
Beras,Beras,kategori,2025-11-28 00:00:00,15050
Beras,Beras,kategori,2025-12-01 00:00:00,15050
Beras,Beras,kategori,2025-12-02 00:00:00,15000
Beras,Beras,kategori,2025-12-03 00:00:00,15000
Beras,Beras,kategori,2025-12-04 00:00:00,15000
Beras,Beras,kategori,2025-12-05 00:00:00,15000
Beras,Beras,kategori,2025-12-08 00:00:00,15000
Beras,Beras,kategori,2025-12-09 00:00:00,15000
Beras,Beras,kategori,2025-12-10 00:00:00,15100
Beras,Beras,kategori,2025-12-11 00:00:00,15100
Beras,Beras,kategori,2025-12-12 00:00:00,15100
Beras,Beras,kategori,2025-12-15 00:00:00,15100
Beras,Beras,kategori,2025-12-16 00:00:00,15100
Beras,Beras,kategori,2025-12-17 00:00:00,15100
Beras,Beras,kategori,2025-12-18 00:00:00,15100
Beras,Beras,kategori,2025-12-19 00:00:00,15150
Beras,Beras,kategori,2025-12-22 00:00:00,15150
Beras,Beras,kategori,2025-12-23 00:00:00,15150
Beras,Beras,kategori,2025-12-24 00:00:00,15150
Beras,Beras,kategori,2025-12-25 00:00:00,15150
Beras,Beras,kategori,2025-12-26 00:00:00,15150
Beras,Beras,kategori,2025-12-29 00:00:00,15250
Beras,Beras,kategori,2025-12-30 00:00:00,15250
Beras,Beras,kategori,2025-12-31 00:00:00,15250
Beras,Beras,kategori,2026-01-01 00:00:00,15250
Beras,Beras,kategori,2026-01-02 00:00:00,15250
Beras,Beras,kategori,2026-01-05 00:00:00,15250
Beras,Beras,kategori,2026-01-06 00:00:00,15250
Beras,Beras,kategori,2026-01-07 00:00:00,15250
Beras,Beras,kategori,2026-01-08 00:00:00,15250
Beras,Beras,kategori,2026-01-09 00:00:00,15250
Beras,Beras,kategori,2026-01-12 00:00:00,15250
Beras,Beras,kategori,2026-01-13 00:00:00,15250
Beras,Beras,kategori,2026-01-14 00:00:00,15250
Beras,Beras,kategori,2026-01-15 00:00:00,15150
Beras,Beras,kategori,2026-01-16 00:00:00,15150
Beras,Beras,kategori,2026-01-19 00:00:00,15150
Beras,Beras,kategori,2026-01-20 00:00:00,15150
Beras,Beras,kategori,2026-01-21 00:00:00,15150
Beras,Beras,kategori,2026-01-22 00:00:00,15150
Beras,Beras,kategori,2026-01-23 00:00:00,15150
Beras,Beras,kategori,2026-01-26 00:00:00,15150
Beras,Beras,kategori,2026-01-27 00:00:00,15150
Beras,Beras,kategori,2026-01-28 00:00:00,15150
Beras,Beras,kategori,2026-01-29 00:00:00,15150
Beras,Beras,kategori,2026-01-30 00:00:00,15150
Beras,Beras,kategori,2026-02-02 00:00:00,15150
Beras,Beras,kategori,2026-02-03 00:00:00,15150
Beras,Beras,kategori,2026-02-04 00:00:00,15150
Beras,Beras,kategori,2026-02-05 00:00:00,15150
Beras,Beras,kategori,2026-02-06 00:00:00,15150
Beras,Beras,kategori,2026-02-09 00:00:00,15150
Beras,Beras,kategori,2026-02-10 00:00:00,15150
Beras,Beras,kategori,2026-02-11 00:00:00,15150
Beras,Beras,kategori,2026-02-12 00:00:00,15150
Beras,Beras,kategori,2026-02-13 00:00:00,15100
Beras,Beras,kategori,2026-02-16 00:00:00,15100
Beras,Beras,kategori,2026-02-17 00:00:00,15100
Beras,Beras,kategori,2026-02-18 00:00:00,15100
Beras,Beras,kategori,2026-02-19 00:00:00,15200
Beras,Beras,kategori,2026-02-20 00:00:00,15200
Beras,Beras,kategori,2026-02-23 00:00:00,15200
Beras,Beras,kategori,2026-02-24 00:00:00,15200
Beras,Beras,kategori,2026-02-25 00:00:00,15200
Beras,Beras,kategori,2026-02-26 00:00:00,15200
Beras,Beras,kategori,2026-02-27 00:00:00,15200
Beras,Beras,kategori,2026-03-02 00:00:00,15200
Beras,Beras,kategori,2026-03-03 00:00:00,15200
Beras,Beras,kategori,2026-03-04 00:00:00,15200
Beras,Beras,kategori,2026-03-05 00:00:00,15200
Beras,Beras,kategori,2026-03-06 00:00:00,15200
Beras,Beras,kategori,2026-03-09 00:00:00,15200
Beras,Beras,kategori,2026-03-10 00:00:00,15200
Beras,Beras,kategori,2026-03-11 00:00:00,15200
Beras,Beras,kategori,2026-03-12 00:00:00,15250
Beras,Beras,kategori,2026-03-13 00:00:00,15250
Beras,Beras,kategori,2026-03-16 00:00:00,15250
Beras,Beras,kategori,2026-03-17 00:00:00,15250
Beras,Beras,kategori,2026-03-18 00:00:00,15250
Beras,Beras,kategori,2026-03-19 00:00:00,15250
Beras,Beras,kategori,2026-03-20 00:00:00,15250
Beras,Beras,kategori,2026-03-23 00:00:00,15250
Beras,Beras,kategori,2026-03-24 00:00:00,15250
Beras,Beras,kategori,2026-03-25 00:00:00,15250
Beras,Beras,kategori,2026-03-26 00:00:00,15250
Beras,Beras,kategori,2026-03-27 00:00:00,15250
Beras,Beras,kategori,2026-03-30 00:00:00,15250
Beras,Beras,kategori,2026-03-31 00:00:00,15250
Beras,Beras,kategori,2026-04-01 00:00:00,15350
Beras,Beras,kategori,2026-04-02 00:00:00,15350
Beras,Beras,kategori,2026-04-03 00:00:00,15350
Beras,Beras,kategori,2026-04-06 00:00:00,15350
Beras,Beras,kategori,2026-04-07 00:00:00,15350
Beras,Beras,kategori,2026-04-08 00:00:00,15350
Beras,Beras,kategori,2026-04-09 00:00:00,15350
Beras,Beras,kategori,2026-04-10 00:00:00,15350
Beras,Beras,kategori,2026-04-13 00:00:00,15350
Beras,Beras,kategori,2026-04-14 00:00:00,15350
Beras,Beras,kategori,2026-04-15 00:00:00,15350
Beras,Beras,kategori,2026-04-16 00:00:00,15300
Beras,Beras,kategori,2026-04-17 00:00:00,15300
Beras,Beras,kategori,2026-04-20 00:00:00,15300
Beras,Beras,kategori,2026-04-21 00:00:00,15300
Beras,Beras,kategori,2026-04-22 00:00:00,15300
Beras,Beras,kategori,2026-04-23 00:00:00,15300
Beras,Beras,kategori,2026-04-24 00:00:00,15300
Beras,Beras,kategori,2026-04-27 00:00:00,15300
Beras,Beras,kategori,2026-04-28 00:00:00,15300
Beras,Beras,kategori,2026-04-29 00:00:00,15300
Beras,Beras,kategori,2026-04-30 00:00:00,15300
Beras,Beras,kategori,2026-05-01 00:00:00,15300
Beras,Beras,kategori,2026-05-04 00:00:00,15300
Beras,Beras,kategori,2026-05-05 00:00:00,15300
Beras,Beras,kategori,2026-05-06 00:00:00,15350
Beras,Beras,kategori,2026-05-07 00:00:00,15350
Beras,Beras,kategori,2026-05-08 00:00:00,15400
Beras,Beras,kategori,2026-05-11 00:00:00,15400
Beras,Beras,kategori,2026-05-12 00:00:00,15400
Beras,Beras,kategori,2026-05-13 00:00:00,15400
Beras,Beras,kategori,2026-05-14 00:00:00,15400
Beras,Beras,kategori,2026-05-15 00:00:00,15400
Beras,Beras,kategori,2026-05-18 00:00:00,15400
Beras,Beras,kategori,2026-05-19 00:00:00,15400
Beras,Beras,kategori,2026-05-20 00:00:00,15400
Beras,Beras,kategori,2026-05-21 00:00:00,15400
Beras,Beras,kategori,2026-05-22 00:00:00,15400
Beras,Beras,kategori,2026-05-25 00:00:00,15400
Beras,Beras,kategori,2026-05-26 00:00:00,15400
Beras,Beras,kategori,2026-05-27 00:00:00,15400
Beras,Beras,kategori,2026-05-28 00:00:00,15400
Beras,Beras,kategori,2026-05-29 00:00:00,15400
Beras,Beras,kategori,2026-06-01 00:00:00,15400
Beras,Beras,kategori,2026-06-02 00:00:00,15450
Beras,Beras,kategori,2026-06-03 00:00:00,15450
Beras,Beras,kategori,2026-06-04 00:00:00,15450
Beras,Beras,kategori,2026-06-05 00:00:00,15450
Beras,Beras,kategori,2026-06-08 00:00:00,15600
Beras,Beras,kategori,2026-06-09 00:00:00,15600
Beras,Beras,kategori,2026-06-10 00:00:00,15600
Beras,Beras,kategori,2026-06-11 00:00:00,15750
Beras,Beras,kategori,2026-06-12 00:00:00,15750
Beras,Beras,kategori,2026-06-15 00:00:00,15750
Beras,Beras,kategori,2026-06-16 00:00:00,15750
Beras,Beras,kategori,2026-06-17 00:00:00,15750
Beras,Beras,kategori,2026-06-18 00:00:00,15750
Beras,Beras,kategori,2026-06-19 00:00:00,15750
Beras,Beras,kategori,2026-06-22 00:00:00,15750
Beras,Beras,kategori,2026-06-23 00:00:00,15750
Beras,Beras,kategori,2026-06-24 00:00:00,15850
Beras,Beras,kategori,2026-06-25 00:00:00,16000
Beras,Beras,kategori,2026-06-26 00:00:00,16000
Beras,Beras,kategori,2026-06-29 00:00:00,16000
Beras,Beras,kategori,2026-06-30 00:00:00,16100
Beras,Beras,kategori,2026-07-01 00:00:00,16100
Beras,Beras,kategori,2026-07-02 00:00:00,16100
Beras,Beras,kategori,2026-07-03 00:00:00,16100
Beras,Beras,kategori,2026-07-06 00:00:00,16100
Beras,Beras,kategori,2026-07-07 00:00:00,16100
Beras,Beras,kategori,2026-07-08 00:00:00,16100
Beras,Beras,kategori,2026-07-09 00:00:00,16100
Beras,Beras,kategori,2026-07-10 00:00:00,16150
Beras,Beras,kategori,2026-07-13 00:00:00,16150
Beras,Beras,kategori,2026-07-14 00:00:00,16150
Beras,Beras,kategori,2026-07-15 00:00:00,16150
Beras,Beras,kategori,2026-07-16 00:00:00,16150
Beras,Beras,kategori,2026-07-17 00:00:00,16200
Beras,Beras,kategori,2026-07-20 00:00:00,16200
Beras,Beras,kategori,2026-07-21 00:00:00,16200
Beras,Beras,kategori,2026-07-22 00:00:00,16200
Beras,Beras,kategori,2026-07-23 00:00:00,16300
Beras,Beras,kategori,2026-07-24 00:00:00,16300
Beras,Beras,kategori,2026-07-27 00:00:00,16300
Beras,Beras,kategori,2026-07-28 00:00:00,16300
Beras,Beras,kategori,2026-07-29 00:00:00,16300
Beras,Beras,kategori,2026-07-30 00:00:00,16300
Beras,Beras,kategori,2026-07-31 00:00:00,16300
Beras,Beras,kategori,2026-08-03 00:00:00,16300
Beras,Beras,kategori,2026-08-04 00:00:00,16300
Beras,Beras,kategori,2026-08-05 00:00:00,16350
Beras,Beras,kategori,2026-08-06 00:00:00,16350
Beras,Beras,kategori,2026-08-07 00:00:00,16350
Beras,Beras,kategori,2026-08-10 00:00:00,16350
Beras,Beras,kategori,2026-08-11 00:00:00,16350
Beras,Beras,kategori,2026-08-12 00:00:00,16350
Beras,Beras,kategori,2026-08-13 00:00:00,16350
Beras,Beras,kategori,2026-08-14 00:00:00,16350
Beras,Beras,kategori,2026-08-17 00:00:00,16350
Beras,Beras,kategori,2026-08-18 00:00:00,16350
Beras,Beras,kategori,2026-08-19 00:00:00,16350
Beras,Beras,kategori,2026-08-20 00:00:00,16350
Beras,Beras,kategori,2026-08-21 00:00:00,16400
Beras,Beras,kategori,2026-08-24 00:00:00,16400
Beras,Beras,kategori,2026-08-25 00:00:00,16400
Beras,Beras,kategori,2026-08-26 00:00:00,16400
Beras,Beras,kategori,2026-08-27 00:00:00,16400
Beras,Beras,kategori,2026-08-28 00:00:00,16400
Beras,Beras,kategori,2026-08-31 00:00:00,16400
Beras,Beras,kategori,2026-09-01 00:00:00,16450
Beras,Beras,kategori,2026-09-02 00:00:00,16550
Beras,Beras,kategori,2026-09-03 00:00:00,16550
Beras,Beras,kategori,2026-09-04 00:00:00,16550
Beras,Beras,kategori,2026-09-07 00:00:00,16500
Beras,Beras,kategori,2026-09-08 00:00:00,
Beras Kualitas Bawah I,Beras,varian,2025-01-01 00:00:00,14500
Beras Kualitas Bawah I,Beras,varian,2025-01-02 00:00:00,14500
Beras Kualitas Bawah I,Beras,varian,2025-01-03 00:00:00,14500
Beras Kualitas Bawah I,Beras,varian,2025-01-06 00:00:00,14500
Beras Kualitas Bawah I,Beras,varian,2025-01-07 00:00:00,14500
Beras Kualitas Bawah I,Beras,varian,2025-01-08 00:00:00,14500
Beras Kualitas Bawah I,Beras,varian,2025-01-09 00:00:00,14500
Beras Kualitas Bawah I,Beras,varian,2025-01-10 00:00:00,14500
Beras Kualitas Bawah I,Beras,varian,2025-01-13 00:00:00,14500
Beras Kualitas Bawah I,Beras,varian,2025-01-14 00:00:00,14500
Beras Kualitas Bawah I,Beras,varian,2025-01-15 00:00:00,14500
Beras Kualitas Bawah I,Beras,varian,2025-01-16 00:00:00,14500
Beras Kualitas Bawah I,Beras,varian,2025-01-17 00:00:00,14500
Beras Kualitas Bawah I,Beras,varian,2025-01-20 00:00:00,14500
Beras Kualitas Bawah I,Beras,varian,2025-01-21 00:00:00,14500
Beras Kualitas Bawah I,Beras,varian,2025-01-22 00:00:00,14500
Beras Kualitas Bawah I,Beras,varian,2025-01-23 00:00:00,14500
Beras Kualitas Bawah I,Beras,varian,2025-01-24 00:00:00,14500
Beras Kualitas Bawah I,Beras,varian,2025-01-27 00:00:00,14500
Beras Kualitas Bawah I,Beras,varian,2025-01-28 00:00:00,14500
Beras Kualitas Bawah I,Beras,varian,2025-01-29 00:00:00,14500
Beras Kualitas Bawah I,Beras,varian,2025-01-30 00:00:00,14500
Beras Kualitas Bawah I,Beras,varian,2025-01-31 00:00:00,14500
Beras Kualitas Bawah I,Beras,varian,2025-02-03 00:00:00,14500
Beras Kualitas Bawah I,Beras,varian,2025-02-04 00:00:00,14500
Beras Kualitas Bawah I,Beras,varian,2025-02-05 00:00:00,14500
Beras Kualitas Bawah I,Beras,varian,2025-02-06 00:00:00,14500
Beras Kualitas Bawah I,Beras,varian,2025-02-07 00:00:00,14500
Beras Kualitas Bawah I,Beras,varian,2025-02-10 00:00:00,14500
Beras Kualitas Bawah I,Beras,varian,2025-02-11 00:00:00,14500
Beras Kualitas Bawah I,Beras,varian,2025-02-12 00:00:00,14500
Beras Kualitas Bawah I,Beras,varian,2025-02-13 00:00:00,14500
Beras Kualitas Bawah I,Beras,varian,2025-02-14 00:00:00,14500
Beras Kualitas Bawah I,Beras,varian,2025-02-17 00:00:00,14500
Beras Kualitas Bawah I,Beras,varian,2025-02-18 00:00:00,14500
Beras Kualitas Bawah I,Beras,varian,2025-02-19 00:00:00,14500
Beras Kualitas Bawah I,Beras,varian,2025-02-20 00:00:00,14500
Beras Kualitas Bawah I,Beras,varian,2025-02-21 00:00:00,14500
Beras Kualitas Bawah I,Beras,varian,2025-02-24 00:00:00,14500
Beras Kualitas Bawah I,Beras,varian,2025-02-25 00:00:00,14500
Beras Kualitas Bawah I,Beras,varian,2025-02-26 00:00:00,14500
Beras Kualitas Bawah I,Beras,varian,2025-02-27 00:00:00,14500
Beras Kualitas Bawah I,Beras,varian,2025-02-28 00:00:00,14500
Beras Kualitas Bawah I,Beras,varian,2025-03-03 00:00:00,14500
Beras Kualitas Bawah I,Beras,varian,2025-03-04 00:00:00,14500
Beras Kualitas Bawah I,Beras,varian,2025-03-05 00:00:00,14500
Beras Kualitas Bawah I,Beras,varian,2025-03-06 00:00:00,14650
Beras Kualitas Bawah I,Beras,varian,2025-03-07 00:00:00,14650
Beras Kualitas Bawah I,Beras,varian,2025-03-10 00:00:00,14650
Beras Kualitas Bawah I,Beras,varian,2025-03-11 00:00:00,14650
Beras Kualitas Bawah I,Beras,varian,2025-03-12 00:00:00,14650
Beras Kualitas Bawah I,Beras,varian,2025-03-13 00:00:00,14650
Beras Kualitas Bawah I,Beras,varian,2025-03-14 00:00:00,14650
Beras Kualitas Bawah I,Beras,varian,2025-03-17 00:00:00,14650
Beras Kualitas Bawah I,Beras,varian,2025-03-18 00:00:00,14650
Beras Kualitas Bawah I,Beras,varian,2025-03-19 00:00:00,14650
Beras Kualitas Bawah I,Beras,varian,2025-03-20 00:00:00,14650
Beras Kualitas Bawah I,Beras,varian,2025-03-21 00:00:00,14650
Beras Kualitas Bawah I,Beras,varian,2025-03-24 00:00:00,14650
Beras Kualitas Bawah I,Beras,varian,2025-03-25 00:00:00,14650
Beras Kualitas Bawah I,Beras,varian,2025-03-26 00:00:00,14650
Beras Kualitas Bawah I,Beras,varian,2025-03-27 00:00:00,14650
Beras Kualitas Bawah I,Beras,varian,2025-03-28 00:00:00,14650
Beras Kualitas Bawah I,Beras,varian,2025-03-31 00:00:00,14650
Beras Kualitas Bawah I,Beras,varian,2025-04-01 00:00:00,14650
Beras Kualitas Bawah I,Beras,varian,2025-04-02 00:00:00,14650
Beras Kualitas Bawah I,Beras,varian,2025-04-03 00:00:00,14650
Beras Kualitas Bawah I,Beras,varian,2025-04-04 00:00:00,14650
Beras Kualitas Bawah I,Beras,varian,2025-04-07 00:00:00,14650
Beras Kualitas Bawah I,Beras,varian,2025-04-08 00:00:00,14650
Beras Kualitas Bawah I,Beras,varian,2025-04-09 00:00:00,14650
Beras Kualitas Bawah I,Beras,varian,2025-04-10 00:00:00,14750
Beras Kualitas Bawah I,Beras,varian,2025-04-11 00:00:00,14750
Beras Kualitas Bawah I,Beras,varian,2025-04-14 00:00:00,14250
Beras Kualitas Bawah I,Beras,varian,2025-04-15 00:00:00,14500
Beras Kualitas Bawah I,Beras,varian,2025-04-16 00:00:00,14500
Beras Kualitas Bawah I,Beras,varian,2025-04-17 00:00:00,14250
Beras Kualitas Bawah I,Beras,varian,2025-04-18 00:00:00,14250
Beras Kualitas Bawah I,Beras,varian,2025-04-21 00:00:00,14250
Beras Kualitas Bawah I,Beras,varian,2025-04-22 00:00:00,14250
Beras Kualitas Bawah I,Beras,varian,2025-04-23 00:00:00,14250
Beras Kualitas Bawah I,Beras,varian,2025-04-24 00:00:00,14400
Beras Kualitas Bawah I,Beras,varian,2025-04-25 00:00:00,14400
Beras Kualitas Bawah I,Beras,varian,2025-04-28 00:00:00,14400
Beras Kualitas Bawah I,Beras,varian,2025-04-29 00:00:00,14400
Beras Kualitas Bawah I,Beras,varian,2025-04-30 00:00:00,14400
Beras Kualitas Bawah I,Beras,varian,2025-05-01 00:00:00,14400
Beras Kualitas Bawah I,Beras,varian,2025-05-02 00:00:00,14400
Beras Kualitas Bawah I,Beras,varian,2025-05-05 00:00:00,14400
Beras Kualitas Bawah I,Beras,varian,2025-05-06 00:00:00,14400
Beras Kualitas Bawah I,Beras,varian,2025-05-07 00:00:00,14400
Beras Kualitas Bawah I,Beras,varian,2025-05-08 00:00:00,14400
Beras Kualitas Bawah I,Beras,varian,2025-05-09 00:00:00,14500
Beras Kualitas Bawah I,Beras,varian,2025-05-12 00:00:00,14500
Beras Kualitas Bawah I,Beras,varian,2025-05-13 00:00:00,14500
Beras Kualitas Bawah I,Beras,varian,2025-05-14 00:00:00,14500
Beras Kualitas Bawah I,Beras,varian,2025-05-15 00:00:00,14500
Beras Kualitas Bawah I,Beras,varian,2025-05-16 00:00:00,14500
Beras Kualitas Bawah I,Beras,varian,2025-05-19 00:00:00,14650
Beras Kualitas Bawah I,Beras,varian,2025-05-20 00:00:00,14650
Beras Kualitas Bawah I,Beras,varian,2025-05-21 00:00:00,14650
Beras Kualitas Bawah I,Beras,varian,2025-05-22 00:00:00,14650
Beras Kualitas Bawah I,Beras,varian,2025-05-23 00:00:00,14650
Beras Kualitas Bawah I,Beras,varian,2025-05-26 00:00:00,14650
Beras Kualitas Bawah I,Beras,varian,2025-05-27 00:00:00,14650
Beras Kualitas Bawah I,Beras,varian,2025-05-28 00:00:00,14650
Beras Kualitas Bawah I,Beras,varian,2025-05-29 00:00:00,14650
Beras Kualitas Bawah I,Beras,varian,2025-05-30 00:00:00,14650
Beras Kualitas Bawah I,Beras,varian,2025-06-02 00:00:00,14650
Beras Kualitas Bawah I,Beras,varian,2025-06-03 00:00:00,14650
Beras Kualitas Bawah I,Beras,varian,2025-06-04 00:00:00,14650
Beras Kualitas Bawah I,Beras,varian,2025-06-05 00:00:00,14650
Beras Kualitas Bawah I,Beras,varian,2025-06-06 00:00:00,14650
Beras Kualitas Bawah I,Beras,varian,2025-06-09 00:00:00,14650
Beras Kualitas Bawah I,Beras,varian,2025-06-10 00:00:00,14900
Beras Kualitas Bawah I,Beras,varian,2025-06-11 00:00:00,14900
Beras Kualitas Bawah I,Beras,varian,2025-06-12 00:00:00,15150
Beras Kualitas Bawah I,Beras,varian,2025-06-13 00:00:00,15150
Beras Kualitas Bawah I,Beras,varian,2025-06-16 00:00:00,15250
Beras Kualitas Bawah I,Beras,varian,2025-06-17 00:00:00,15500
Beras Kualitas Bawah I,Beras,varian,2025-06-18 00:00:00,15500
Beras Kualitas Bawah I,Beras,varian,2025-06-19 00:00:00,15500
Beras Kualitas Bawah I,Beras,varian,2025-06-20 00:00:00,15500
Beras Kualitas Bawah I,Beras,varian,2025-06-23 00:00:00,15900
Beras Kualitas Bawah I,Beras,varian,2025-06-24 00:00:00,15900
Beras Kualitas Bawah I,Beras,varian,2025-06-25 00:00:00,15900
Beras Kualitas Bawah I,Beras,varian,2025-06-26 00:00:00,15900
Beras Kualitas Bawah I,Beras,varian,2025-06-27 00:00:00,15900
Beras Kualitas Bawah I,Beras,varian,2025-06-30 00:00:00,15900
Beras Kualitas Bawah I,Beras,varian,2025-07-01 00:00:00,15900
Beras Kualitas Bawah I,Beras,varian,2025-07-02 00:00:00,15900
Beras Kualitas Bawah I,Beras,varian,2025-07-03 00:00:00,15900
Beras Kualitas Bawah I,Beras,varian,2025-07-04 00:00:00,15900
Beras Kualitas Bawah I,Beras,varian,2025-07-07 00:00:00,15900
Beras Kualitas Bawah I,Beras,varian,2025-07-08 00:00:00,15900
Beras Kualitas Bawah I,Beras,varian,2025-07-09 00:00:00,15900
Beras Kualitas Bawah I,Beras,varian,2025-07-10 00:00:00,15900
Beras Kualitas Bawah I,Beras,varian,2025-07-11 00:00:00,15900
Beras Kualitas Bawah I,Beras,varian,2025-07-14 00:00:00,16000
Beras Kualitas Bawah I,Beras,varian,2025-07-15 00:00:00,16150
Beras Kualitas Bawah I,Beras,varian,2025-07-16 00:00:00,16150
Beras Kualitas Bawah I,Beras,varian,2025-07-17 00:00:00,16150
Beras Kualitas Bawah I,Beras,varian,2025-07-18 00:00:00,16150
Beras Kualitas Bawah I,Beras,varian,2025-07-21 00:00:00,16150
Beras Kualitas Bawah I,Beras,varian,2025-07-22 00:00:00,16150
Beras Kualitas Bawah I,Beras,varian,2025-07-23 00:00:00,16250
Beras Kualitas Bawah I,Beras,varian,2025-07-24 00:00:00,16250
Beras Kualitas Bawah I,Beras,varian,2025-07-25 00:00:00,16250
Beras Kualitas Bawah I,Beras,varian,2025-07-28 00:00:00,16150
Beras Kualitas Bawah I,Beras,varian,2025-07-29 00:00:00,16150
Beras Kualitas Bawah I,Beras,varian,2025-07-30 00:00:00,16150
Beras Kualitas Bawah I,Beras,varian,2025-07-31 00:00:00,16150
Beras Kualitas Bawah I,Beras,varian,2025-08-01 00:00:00,16150
Beras Kualitas Bawah I,Beras,varian,2025-08-04 00:00:00,16150
Beras Kualitas Bawah I,Beras,varian,2025-08-05 00:00:00,16250
Beras Kualitas Bawah I,Beras,varian,2025-08-06 00:00:00,16250
Beras Kualitas Bawah I,Beras,varian,2025-08-07 00:00:00,16250
Beras Kualitas Bawah I,Beras,varian,2025-08-08 00:00:00,16250
Beras Kualitas Bawah I,Beras,varian,2025-08-11 00:00:00,16250
Beras Kualitas Bawah I,Beras,varian,2025-08-12 00:00:00,16250
Beras Kualitas Bawah I,Beras,varian,2025-08-13 00:00:00,16250
Beras Kualitas Bawah I,Beras,varian,2025-08-14 00:00:00,16250
Beras Kualitas Bawah I,Beras,varian,2025-08-15 00:00:00,16250
Beras Kualitas Bawah I,Beras,varian,2025-08-18 00:00:00,16250
Beras Kualitas Bawah I,Beras,varian,2025-08-19 00:00:00,16250
Beras Kualitas Bawah I,Beras,varian,2025-08-20 00:00:00,16250
Beras Kualitas Bawah I,Beras,varian,2025-08-21 00:00:00,16250
Beras Kualitas Bawah I,Beras,varian,2025-08-22 00:00:00,16250
Beras Kualitas Bawah I,Beras,varian,2025-08-25 00:00:00,16250
Beras Kualitas Bawah I,Beras,varian,2025-08-26 00:00:00,16250
Beras Kualitas Bawah I,Beras,varian,2025-08-27 00:00:00,16650
Beras Kualitas Bawah I,Beras,varian,2025-08-28 00:00:00,16650
Beras Kualitas Bawah I,Beras,varian,2025-08-29 00:00:00,16650
Beras Kualitas Bawah I,Beras,varian,2025-09-01 00:00:00,16650
Beras Kualitas Bawah I,Beras,varian,2025-09-02 00:00:00,16650
Beras Kualitas Bawah I,Beras,varian,2025-09-03 00:00:00,16650
Beras Kualitas Bawah I,Beras,varian,2025-09-04 00:00:00,16650
Beras Kualitas Bawah I,Beras,varian,2025-09-05 00:00:00,16650
Beras Kualitas Bawah I,Beras,varian,2025-09-08 00:00:00,16650
Beras Kualitas Bawah I,Beras,varian,2025-09-09 00:00:00,16650
Beras Kualitas Bawah I,Beras,varian,2025-09-10 00:00:00,16650
Beras Kualitas Bawah I,Beras,varian,2025-09-11 00:00:00,16650
Beras Kualitas Bawah I,Beras,varian,2025-09-12 00:00:00,16650
Beras Kualitas Bawah I,Beras,varian,2025-09-15 00:00:00,16650
Beras Kualitas Bawah I,Beras,varian,2025-09-16 00:00:00,16650
Beras Kualitas Bawah I,Beras,varian,2025-09-17 00:00:00,16650
Beras Kualitas Bawah I,Beras,varian,2025-09-18 00:00:00,16650
Beras Kualitas Bawah I,Beras,varian,2025-09-19 00:00:00,16650
Beras Kualitas Bawah I,Beras,varian,2025-09-22 00:00:00,16650
Beras Kualitas Bawah I,Beras,varian,2025-09-23 00:00:00,16500
Beras Kualitas Bawah I,Beras,varian,2025-09-24 00:00:00,16500
Beras Kualitas Bawah I,Beras,varian,2025-09-25 00:00:00,16500
Beras Kualitas Bawah I,Beras,varian,2025-09-26 00:00:00,16500
Beras Kualitas Bawah I,Beras,varian,2025-09-29 00:00:00,16500
Beras Kualitas Bawah I,Beras,varian,2025-09-30 00:00:00,16500
Beras Kualitas Bawah I,Beras,varian,2025-10-01 00:00:00,16500
Beras Kualitas Bawah I,Beras,varian,2025-10-02 00:00:00,16500
Beras Kualitas Bawah I,Beras,varian,2025-10-03 00:00:00,16500
Beras Kualitas Bawah I,Beras,varian,2025-10-06 00:00:00,16500
Beras Kualitas Bawah I,Beras,varian,2025-10-07 00:00:00,16500
Beras Kualitas Bawah I,Beras,varian,2025-10-08 00:00:00,16500
Beras Kualitas Bawah I,Beras,varian,2025-10-09 00:00:00,16500
Beras Kualitas Bawah I,Beras,varian,2025-10-10 00:00:00,16500
Beras Kualitas Bawah I,Beras,varian,2025-10-13 00:00:00,16400
Beras Kualitas Bawah I,Beras,varian,2025-10-14 00:00:00,16400
Beras Kualitas Bawah I,Beras,varian,2025-10-15 00:00:00,16400
Beras Kualitas Bawah I,Beras,varian,2025-10-16 00:00:00,16500
Beras Kualitas Bawah I,Beras,varian,2025-10-17 00:00:00,16500
Beras Kualitas Bawah I,Beras,varian,2025-10-20 00:00:00,16250
Beras Kualitas Bawah I,Beras,varian,2025-10-21 00:00:00,16250
Beras Kualitas Bawah I,Beras,varian,2025-10-22 00:00:00,16250
Beras Kualitas Bawah I,Beras,varian,2025-10-23 00:00:00,16250
Beras Kualitas Bawah I,Beras,varian,2025-10-24 00:00:00,16250
Beras Kualitas Bawah I,Beras,varian,2025-10-27 00:00:00,16250
Beras Kualitas Bawah I,Beras,varian,2025-10-28 00:00:00,16250
Beras Kualitas Bawah I,Beras,varian,2025-10-29 00:00:00,16250
Beras Kualitas Bawah I,Beras,varian,2025-10-30 00:00:00,16250
Beras Kualitas Bawah I,Beras,varian,2025-10-31 00:00:00,16250
Beras Kualitas Bawah I,Beras,varian,2025-11-03 00:00:00,16250
Beras Kualitas Bawah I,Beras,varian,2025-11-04 00:00:00,16150
Beras Kualitas Bawah I,Beras,varian,2025-11-05 00:00:00,16150
Beras Kualitas Bawah I,Beras,varian,2025-11-06 00:00:00,16150
Beras Kualitas Bawah I,Beras,varian,2025-11-07 00:00:00,16150
Beras Kualitas Bawah I,Beras,varian,2025-11-10 00:00:00,16150
Beras Kualitas Bawah I,Beras,varian,2025-11-11 00:00:00,16150
Beras Kualitas Bawah I,Beras,varian,2025-11-12 00:00:00,16150
Beras Kualitas Bawah I,Beras,varian,2025-11-13 00:00:00,16150
Beras Kualitas Bawah I,Beras,varian,2025-11-14 00:00:00,16150
Beras Kualitas Bawah I,Beras,varian,2025-11-17 00:00:00,16150
Beras Kualitas Bawah I,Beras,varian,2025-11-18 00:00:00,16150
Beras Kualitas Bawah I,Beras,varian,2025-11-19 00:00:00,16150
Beras Kualitas Bawah I,Beras,varian,2025-11-20 00:00:00,15500
Beras Kualitas Bawah I,Beras,varian,2025-11-21 00:00:00,15500
Beras Kualitas Bawah I,Beras,varian,2025-11-24 00:00:00,15500
Beras Kualitas Bawah I,Beras,varian,2025-11-25 00:00:00,15500
Beras Kualitas Bawah I,Beras,varian,2025-11-26 00:00:00,15500
Beras Kualitas Bawah I,Beras,varian,2025-11-27 00:00:00,15250
Beras Kualitas Bawah I,Beras,varian,2025-11-28 00:00:00,15250
Beras Kualitas Bawah I,Beras,varian,2025-12-01 00:00:00,15250
Beras Kualitas Bawah I,Beras,varian,2025-12-02 00:00:00,15250
Beras Kualitas Bawah I,Beras,varian,2025-12-03 00:00:00,15250
Beras Kualitas Bawah I,Beras,varian,2025-12-04 00:00:00,15250
Beras Kualitas Bawah I,Beras,varian,2025-12-05 00:00:00,15250
Beras Kualitas Bawah I,Beras,varian,2025-12-08 00:00:00,15250
Beras Kualitas Bawah I,Beras,varian,2025-12-09 00:00:00,15250
Beras Kualitas Bawah I,Beras,varian,2025-12-10 00:00:00,15250
Beras Kualitas Bawah I,Beras,varian,2025-12-11 00:00:00,15250
Beras Kualitas Bawah I,Beras,varian,2025-12-12 00:00:00,15250
Beras Kualitas Bawah I,Beras,varian,2025-12-15 00:00:00,15250
Beras Kualitas Bawah I,Beras,varian,2025-12-16 00:00:00,15250
Beras Kualitas Bawah I,Beras,varian,2025-12-17 00:00:00,15250
Beras Kualitas Bawah I,Beras,varian,2025-12-18 00:00:00,15250
Beras Kualitas Bawah I,Beras,varian,2025-12-19 00:00:00,15250
Beras Kualitas Bawah I,Beras,varian,2025-12-22 00:00:00,15250
Beras Kualitas Bawah I,Beras,varian,2025-12-23 00:00:00,15250
Beras Kualitas Bawah I,Beras,varian,2025-12-24 00:00:00,15250
Beras Kualitas Bawah I,Beras,varian,2025-12-25 00:00:00,15250
Beras Kualitas Bawah I,Beras,varian,2025-12-26 00:00:00,15250
Beras Kualitas Bawah I,Beras,varian,2025-12-29 00:00:00,15500
Beras Kualitas Bawah I,Beras,varian,2025-12-30 00:00:00,15500
Beras Kualitas Bawah I,Beras,varian,2025-12-31 00:00:00,15500
Beras Kualitas Bawah I,Beras,varian,2026-01-01 00:00:00,15500
Beras Kualitas Bawah I,Beras,varian,2026-01-02 00:00:00,15500
Beras Kualitas Bawah I,Beras,varian,2026-01-05 00:00:00,15500
Beras Kualitas Bawah I,Beras,varian,2026-01-06 00:00:00,15500
Beras Kualitas Bawah I,Beras,varian,2026-01-07 00:00:00,15500
Beras Kualitas Bawah I,Beras,varian,2026-01-08 00:00:00,15500
Beras Kualitas Bawah I,Beras,varian,2026-01-09 00:00:00,15500
Beras Kualitas Bawah I,Beras,varian,2026-01-12 00:00:00,15500
Beras Kualitas Bawah I,Beras,varian,2026-01-13 00:00:00,15500
Beras Kualitas Bawah I,Beras,varian,2026-01-14 00:00:00,15500
Beras Kualitas Bawah I,Beras,varian,2026-01-15 00:00:00,15250
Beras Kualitas Bawah I,Beras,varian,2026-01-16 00:00:00,15250
Beras Kualitas Bawah I,Beras,varian,2026-01-19 00:00:00,15250
Beras Kualitas Bawah I,Beras,varian,2026-01-20 00:00:00,15250
Beras Kualitas Bawah I,Beras,varian,2026-01-21 00:00:00,15250
Beras Kualitas Bawah I,Beras,varian,2026-01-22 00:00:00,15250
Beras Kualitas Bawah I,Beras,varian,2026-01-23 00:00:00,15250
Beras Kualitas Bawah I,Beras,varian,2026-01-26 00:00:00,15250
Beras Kualitas Bawah I,Beras,varian,2026-01-27 00:00:00,15250
Beras Kualitas Bawah I,Beras,varian,2026-01-28 00:00:00,15250
Beras Kualitas Bawah I,Beras,varian,2026-01-29 00:00:00,15250
Beras Kualitas Bawah I,Beras,varian,2026-01-30 00:00:00,15250
Beras Kualitas Bawah I,Beras,varian,2026-02-02 00:00:00,15250
Beras Kualitas Bawah I,Beras,varian,2026-02-03 00:00:00,15250
Beras Kualitas Bawah I,Beras,varian,2026-02-04 00:00:00,15250
Beras Kualitas Bawah I,Beras,varian,2026-02-05 00:00:00,15250
Beras Kualitas Bawah I,Beras,varian,2026-02-06 00:00:00,15250
Beras Kualitas Bawah I,Beras,varian,2026-02-09 00:00:00,15250
Beras Kualitas Bawah I,Beras,varian,2026-02-10 00:00:00,15250
Beras Kualitas Bawah I,Beras,varian,2026-02-11 00:00:00,15250
Beras Kualitas Bawah I,Beras,varian,2026-02-12 00:00:00,15250
Beras Kualitas Bawah I,Beras,varian,2026-02-13 00:00:00,15150
Beras Kualitas Bawah I,Beras,varian,2026-02-16 00:00:00,15150
Beras Kualitas Bawah I,Beras,varian,2026-02-17 00:00:00,15150
Beras Kualitas Bawah I,Beras,varian,2026-02-18 00:00:00,15150
Beras Kualitas Bawah I,Beras,varian,2026-02-19 00:00:00,15250
Beras Kualitas Bawah I,Beras,varian,2026-02-20 00:00:00,15250
Beras Kualitas Bawah I,Beras,varian,2026-02-23 00:00:00,15250
Beras Kualitas Bawah I,Beras,varian,2026-02-24 00:00:00,15250
Beras Kualitas Bawah I,Beras,varian,2026-02-25 00:00:00,15250
Beras Kualitas Bawah I,Beras,varian,2026-02-26 00:00:00,15250
Beras Kualitas Bawah I,Beras,varian,2026-02-27 00:00:00,15250
Beras Kualitas Bawah I,Beras,varian,2026-03-02 00:00:00,15250
Beras Kualitas Bawah I,Beras,varian,2026-03-03 00:00:00,15250
Beras Kualitas Bawah I,Beras,varian,2026-03-04 00:00:00,15250
Beras Kualitas Bawah I,Beras,varian,2026-03-05 00:00:00,15250
Beras Kualitas Bawah I,Beras,varian,2026-03-06 00:00:00,15250
Beras Kualitas Bawah I,Beras,varian,2026-03-09 00:00:00,15250
Beras Kualitas Bawah I,Beras,varian,2026-03-10 00:00:00,15250
Beras Kualitas Bawah I,Beras,varian,2026-03-11 00:00:00,15250
Beras Kualitas Bawah I,Beras,varian,2026-03-12 00:00:00,15250
Beras Kualitas Bawah I,Beras,varian,2026-03-13 00:00:00,15250
Beras Kualitas Bawah I,Beras,varian,2026-03-16 00:00:00,15250
Beras Kualitas Bawah I,Beras,varian,2026-03-17 00:00:00,15250
Beras Kualitas Bawah I,Beras,varian,2026-03-18 00:00:00,15250
Beras Kualitas Bawah I,Beras,varian,2026-03-19 00:00:00,15250
Beras Kualitas Bawah I,Beras,varian,2026-03-20 00:00:00,15250
Beras Kualitas Bawah I,Beras,varian,2026-03-23 00:00:00,15250
Beras Kualitas Bawah I,Beras,varian,2026-03-24 00:00:00,15250
Beras Kualitas Bawah I,Beras,varian,2026-03-25 00:00:00,15250
Beras Kualitas Bawah I,Beras,varian,2026-03-26 00:00:00,15250
Beras Kualitas Bawah I,Beras,varian,2026-03-27 00:00:00,15250
Beras Kualitas Bawah I,Beras,varian,2026-03-30 00:00:00,15250
Beras Kualitas Bawah I,Beras,varian,2026-03-31 00:00:00,15250
Beras Kualitas Bawah I,Beras,varian,2026-04-01 00:00:00,15250
Beras Kualitas Bawah I,Beras,varian,2026-04-02 00:00:00,15250
Beras Kualitas Bawah I,Beras,varian,2026-04-03 00:00:00,15250
Beras Kualitas Bawah I,Beras,varian,2026-04-06 00:00:00,15250
Beras Kualitas Bawah I,Beras,varian,2026-04-07 00:00:00,15250
Beras Kualitas Bawah I,Beras,varian,2026-04-08 00:00:00,15250
Beras Kualitas Bawah I,Beras,varian,2026-04-09 00:00:00,15250
Beras Kualitas Bawah I,Beras,varian,2026-04-10 00:00:00,15250
Beras Kualitas Bawah I,Beras,varian,2026-04-13 00:00:00,15250
Beras Kualitas Bawah I,Beras,varian,2026-04-14 00:00:00,15250
Beras Kualitas Bawah I,Beras,varian,2026-04-15 00:00:00,15250
Beras Kualitas Bawah I,Beras,varian,2026-04-16 00:00:00,15250
Beras Kualitas Bawah I,Beras,varian,2026-04-17 00:00:00,15250
Beras Kualitas Bawah I,Beras,varian,2026-04-20 00:00:00,15250
Beras Kualitas Bawah I,Beras,varian,2026-04-21 00:00:00,15250
Beras Kualitas Bawah I,Beras,varian,2026-04-22 00:00:00,15250
Beras Kualitas Bawah I,Beras,varian,2026-04-23 00:00:00,15250
Beras Kualitas Bawah I,Beras,varian,2026-04-24 00:00:00,15250
Beras Kualitas Bawah I,Beras,varian,2026-04-27 00:00:00,15250
Beras Kualitas Bawah I,Beras,varian,2026-04-28 00:00:00,15250
Beras Kualitas Bawah I,Beras,varian,2026-04-29 00:00:00,15250
Beras Kualitas Bawah I,Beras,varian,2026-04-30 00:00:00,15250
Beras Kualitas Bawah I,Beras,varian,2026-05-01 00:00:00,15250
Beras Kualitas Bawah I,Beras,varian,2026-05-04 00:00:00,15250
Beras Kualitas Bawah I,Beras,varian,2026-05-05 00:00:00,15250
Beras Kualitas Bawah I,Beras,varian,2026-05-06 00:00:00,15250
Beras Kualitas Bawah I,Beras,varian,2026-05-07 00:00:00,15400
Beras Kualitas Bawah I,Beras,varian,2026-05-08 00:00:00,15400
Beras Kualitas Bawah I,Beras,varian,2026-05-11 00:00:00,15400
Beras Kualitas Bawah I,Beras,varian,2026-05-12 00:00:00,15400
Beras Kualitas Bawah I,Beras,varian,2026-05-13 00:00:00,15400
Beras Kualitas Bawah I,Beras,varian,2026-05-14 00:00:00,15400
Beras Kualitas Bawah I,Beras,varian,2026-05-15 00:00:00,15400
Beras Kualitas Bawah I,Beras,varian,2026-05-18 00:00:00,15400
Beras Kualitas Bawah I,Beras,varian,2026-05-19 00:00:00,15400
Beras Kualitas Bawah I,Beras,varian,2026-05-20 00:00:00,15400
Beras Kualitas Bawah I,Beras,varian,2026-05-21 00:00:00,15400
Beras Kualitas Bawah I,Beras,varian,2026-05-22 00:00:00,15400
Beras Kualitas Bawah I,Beras,varian,2026-05-25 00:00:00,15400
Beras Kualitas Bawah I,Beras,varian,2026-05-26 00:00:00,15400
Beras Kualitas Bawah I,Beras,varian,2026-05-27 00:00:00,15400
Beras Kualitas Bawah I,Beras,varian,2026-05-28 00:00:00,15400
Beras Kualitas Bawah I,Beras,varian,2026-05-29 00:00:00,15400
Beras Kualitas Bawah I,Beras,varian,2026-06-01 00:00:00,15400
Beras Kualitas Bawah I,Beras,varian,2026-06-02 00:00:00,15400
Beras Kualitas Bawah I,Beras,varian,2026-06-03 00:00:00,15400
Beras Kualitas Bawah I,Beras,varian,2026-06-04 00:00:00,15400
Beras Kualitas Bawah I,Beras,varian,2026-06-05 00:00:00,15400
Beras Kualitas Bawah I,Beras,varian,2026-06-08 00:00:00,15750
Beras Kualitas Bawah I,Beras,varian,2026-06-09 00:00:00,15750
Beras Kualitas Bawah I,Beras,varian,2026-06-10 00:00:00,15750
Beras Kualitas Bawah I,Beras,varian,2026-06-11 00:00:00,16000
Beras Kualitas Bawah I,Beras,varian,2026-06-12 00:00:00,16000
Beras Kualitas Bawah I,Beras,varian,2026-06-15 00:00:00,16000
Beras Kualitas Bawah I,Beras,varian,2026-06-16 00:00:00,16000
Beras Kualitas Bawah I,Beras,varian,2026-06-17 00:00:00,16000
Beras Kualitas Bawah I,Beras,varian,2026-06-18 00:00:00,16000
Beras Kualitas Bawah I,Beras,varian,2026-06-19 00:00:00,16000
Beras Kualitas Bawah I,Beras,varian,2026-06-22 00:00:00,16000
Beras Kualitas Bawah I,Beras,varian,2026-06-23 00:00:00,16000
Beras Kualitas Bawah I,Beras,varian,2026-06-24 00:00:00,16000
Beras Kualitas Bawah I,Beras,varian,2026-06-25 00:00:00,16000
Beras Kualitas Bawah I,Beras,varian,2026-06-26 00:00:00,16000
Beras Kualitas Bawah I,Beras,varian,2026-06-29 00:00:00,16000
Beras Kualitas Bawah I,Beras,varian,2026-06-30 00:00:00,16150
Beras Kualitas Bawah I,Beras,varian,2026-07-01 00:00:00,16150
Beras Kualitas Bawah I,Beras,varian,2026-07-02 00:00:00,16150
Beras Kualitas Bawah I,Beras,varian,2026-07-03 00:00:00,16150
Beras Kualitas Bawah I,Beras,varian,2026-07-06 00:00:00,16150
Beras Kualitas Bawah I,Beras,varian,2026-07-07 00:00:00,16150
Beras Kualitas Bawah I,Beras,varian,2026-07-08 00:00:00,16150
Beras Kualitas Bawah I,Beras,varian,2026-07-09 00:00:00,16150
Beras Kualitas Bawah I,Beras,varian,2026-07-10 00:00:00,16150
Beras Kualitas Bawah I,Beras,varian,2026-07-13 00:00:00,16150
Beras Kualitas Bawah I,Beras,varian,2026-07-14 00:00:00,16150
Beras Kualitas Bawah I,Beras,varian,2026-07-15 00:00:00,16150
Beras Kualitas Bawah I,Beras,varian,2026-07-16 00:00:00,16150
Beras Kualitas Bawah I,Beras,varian,2026-07-17 00:00:00,16250
Beras Kualitas Bawah I,Beras,varian,2026-07-20 00:00:00,16250
Beras Kualitas Bawah I,Beras,varian,2026-07-21 00:00:00,16250
Beras Kualitas Bawah I,Beras,varian,2026-07-22 00:00:00,16250
Beras Kualitas Bawah I,Beras,varian,2026-07-23 00:00:00,16500
Beras Kualitas Bawah I,Beras,varian,2026-07-24 00:00:00,16500
Beras Kualitas Bawah I,Beras,varian,2026-07-27 00:00:00,16500
Beras Kualitas Bawah I,Beras,varian,2026-07-28 00:00:00,16500
Beras Kualitas Bawah I,Beras,varian,2026-07-29 00:00:00,16500
Beras Kualitas Bawah I,Beras,varian,2026-07-30 00:00:00,16500
Beras Kualitas Bawah I,Beras,varian,2026-07-31 00:00:00,16500
Beras Kualitas Bawah I,Beras,varian,2026-08-03 00:00:00,16500
Beras Kualitas Bawah I,Beras,varian,2026-08-04 00:00:00,16500
Beras Kualitas Bawah I,Beras,varian,2026-08-05 00:00:00,16650
Beras Kualitas Bawah I,Beras,varian,2026-08-06 00:00:00,16650
Beras Kualitas Bawah I,Beras,varian,2026-08-07 00:00:00,16650
Beras Kualitas Bawah I,Beras,varian,2026-08-10 00:00:00,16650
Beras Kualitas Bawah I,Beras,varian,2026-08-11 00:00:00,16650
Beras Kualitas Bawah I,Beras,varian,2026-08-12 00:00:00,16650
Beras Kualitas Bawah I,Beras,varian,2026-08-13 00:00:00,16650
Beras Kualitas Bawah I,Beras,varian,2026-08-14 00:00:00,16650
Beras Kualitas Bawah I,Beras,varian,2026-08-17 00:00:00,16650
Beras Kualitas Bawah I,Beras,varian,2026-08-18 00:00:00,16650
Beras Kualitas Bawah I,Beras,varian,2026-08-19 00:00:00,16650
Beras Kualitas Bawah I,Beras,varian,2026-08-20 00:00:00,16650
Beras Kualitas Bawah I,Beras,varian,2026-08-21 00:00:00,16650
Beras Kualitas Bawah I,Beras,varian,2026-08-24 00:00:00,16650
Beras Kualitas Bawah I,Beras,varian,2026-08-25 00:00:00,16650
Beras Kualitas Bawah I,Beras,varian,2026-08-26 00:00:00,16650
Beras Kualitas Bawah I,Beras,varian,2026-08-27 00:00:00,16650
Beras Kualitas Bawah I,Beras,varian,2026-08-28 00:00:00,16650
Beras Kualitas Bawah I,Beras,varian,2026-08-31 00:00:00,16650
Beras Kualitas Bawah I,Beras,varian,2026-09-01 00:00:00,16750
Beras Kualitas Bawah I,Beras,varian,2026-09-02 00:00:00,16900
Beras Kualitas Bawah I,Beras,varian,2026-09-03 00:00:00,16900
Beras Kualitas Bawah I,Beras,varian,2026-09-04 00:00:00,16900
Beras Kualitas Bawah I,Beras,varian,2026-09-07 00:00:00,16900
Beras Kualitas Bawah I,Beras,varian,2026-09-08 00:00:00,16900
Beras Kualitas Bawah II,Beras,varian,2025-01-01 00:00:00,13000
Beras Kualitas Bawah II,Beras,varian,2025-01-02 00:00:00,13000
Beras Kualitas Bawah II,Beras,varian,2025-01-03 00:00:00,13000
Beras Kualitas Bawah II,Beras,varian,2025-01-06 00:00:00,13000
Beras Kualitas Bawah II,Beras,varian,2025-01-07 00:00:00,13000
Beras Kualitas Bawah II,Beras,varian,2025-01-08 00:00:00,13000
Beras Kualitas Bawah II,Beras,varian,2025-01-09 00:00:00,13000
Beras Kualitas Bawah II,Beras,varian,2025-01-10 00:00:00,13000
Beras Kualitas Bawah II,Beras,varian,2025-01-13 00:00:00,13000
Beras Kualitas Bawah II,Beras,varian,2025-01-14 00:00:00,13000
Beras Kualitas Bawah II,Beras,varian,2025-01-15 00:00:00,13000
Beras Kualitas Bawah II,Beras,varian,2025-01-16 00:00:00,13000
Beras Kualitas Bawah II,Beras,varian,2025-01-17 00:00:00,13000
Beras Kualitas Bawah II,Beras,varian,2025-01-20 00:00:00,13000
Beras Kualitas Bawah II,Beras,varian,2025-01-21 00:00:00,13000
Beras Kualitas Bawah II,Beras,varian,2025-01-22 00:00:00,13000
Beras Kualitas Bawah II,Beras,varian,2025-01-23 00:00:00,13000
Beras Kualitas Bawah II,Beras,varian,2025-01-24 00:00:00,13000
Beras Kualitas Bawah II,Beras,varian,2025-01-27 00:00:00,13000
Beras Kualitas Bawah II,Beras,varian,2025-01-28 00:00:00,13000
Beras Kualitas Bawah II,Beras,varian,2025-01-29 00:00:00,13000
Beras Kualitas Bawah II,Beras,varian,2025-01-30 00:00:00,13000
Beras Kualitas Bawah II,Beras,varian,2025-01-31 00:00:00,13000
Beras Kualitas Bawah II,Beras,varian,2025-02-03 00:00:00,13000
Beras Kualitas Bawah II,Beras,varian,2025-02-04 00:00:00,13000
Beras Kualitas Bawah II,Beras,varian,2025-02-05 00:00:00,13000
Beras Kualitas Bawah II,Beras,varian,2025-02-06 00:00:00,13000
Beras Kualitas Bawah II,Beras,varian,2025-02-07 00:00:00,13000
Beras Kualitas Bawah II,Beras,varian,2025-02-10 00:00:00,13000
Beras Kualitas Bawah II,Beras,varian,2025-02-11 00:00:00,13000
Beras Kualitas Bawah II,Beras,varian,2025-02-12 00:00:00,13000
Beras Kualitas Bawah II,Beras,varian,2025-02-13 00:00:00,13000
Beras Kualitas Bawah II,Beras,varian,2025-02-14 00:00:00,13000
Beras Kualitas Bawah II,Beras,varian,2025-02-17 00:00:00,13000
Beras Kualitas Bawah II,Beras,varian,2025-02-18 00:00:00,13000
Beras Kualitas Bawah II,Beras,varian,2025-02-19 00:00:00,13000
Beras Kualitas Bawah II,Beras,varian,2025-02-20 00:00:00,13000
Beras Kualitas Bawah II,Beras,varian,2025-02-21 00:00:00,13000
Beras Kualitas Bawah II,Beras,varian,2025-02-24 00:00:00,13000
Beras Kualitas Bawah II,Beras,varian,2025-02-25 00:00:00,13000
Beras Kualitas Bawah II,Beras,varian,2025-02-26 00:00:00,12900
Beras Kualitas Bawah II,Beras,varian,2025-02-27 00:00:00,12900
Beras Kualitas Bawah II,Beras,varian,2025-02-28 00:00:00,12900
Beras Kualitas Bawah II,Beras,varian,2025-03-03 00:00:00,12900
Beras Kualitas Bawah II,Beras,varian,2025-03-04 00:00:00,12900
Beras Kualitas Bawah II,Beras,varian,2025-03-05 00:00:00,12900
Beras Kualitas Bawah II,Beras,varian,2025-03-06 00:00:00,12900
Beras Kualitas Bawah II,Beras,varian,2025-03-07 00:00:00,12900
Beras Kualitas Bawah II,Beras,varian,2025-03-10 00:00:00,12900
Beras Kualitas Bawah II,Beras,varian,2025-03-11 00:00:00,12900
Beras Kualitas Bawah II,Beras,varian,2025-03-12 00:00:00,12900
Beras Kualitas Bawah II,Beras,varian,2025-03-13 00:00:00,12900
Beras Kualitas Bawah II,Beras,varian,2025-03-14 00:00:00,12900
Beras Kualitas Bawah II,Beras,varian,2025-03-17 00:00:00,12900
Beras Kualitas Bawah II,Beras,varian,2025-03-18 00:00:00,12900
Beras Kualitas Bawah II,Beras,varian,2025-03-19 00:00:00,12900
Beras Kualitas Bawah II,Beras,varian,2025-03-20 00:00:00,12900
Beras Kualitas Bawah II,Beras,varian,2025-03-21 00:00:00,12900
Beras Kualitas Bawah II,Beras,varian,2025-03-24 00:00:00,12900
Beras Kualitas Bawah II,Beras,varian,2025-03-25 00:00:00,12900
Beras Kualitas Bawah II,Beras,varian,2025-03-26 00:00:00,12900
Beras Kualitas Bawah II,Beras,varian,2025-03-27 00:00:00,12900
Beras Kualitas Bawah II,Beras,varian,2025-03-28 00:00:00,12900
Beras Kualitas Bawah II,Beras,varian,2025-03-31 00:00:00,12900
Beras Kualitas Bawah II,Beras,varian,2025-04-01 00:00:00,12900
Beras Kualitas Bawah II,Beras,varian,2025-04-02 00:00:00,12900
Beras Kualitas Bawah II,Beras,varian,2025-04-03 00:00:00,12900
Beras Kualitas Bawah II,Beras,varian,2025-04-04 00:00:00,12900
Beras Kualitas Bawah II,Beras,varian,2025-04-07 00:00:00,12900
Beras Kualitas Bawah II,Beras,varian,2025-04-08 00:00:00,12900
Beras Kualitas Bawah II,Beras,varian,2025-04-09 00:00:00,12900
Beras Kualitas Bawah II,Beras,varian,2025-04-10 00:00:00,13150
Beras Kualitas Bawah II,Beras,varian,2025-04-11 00:00:00,13150
Beras Kualitas Bawah II,Beras,varian,2025-04-14 00:00:00,13750
Beras Kualitas Bawah II,Beras,varian,2025-04-15 00:00:00,13750
Beras Kualitas Bawah II,Beras,varian,2025-04-16 00:00:00,13750
Beras Kualitas Bawah II,Beras,varian,2025-04-17 00:00:00,13250
Beras Kualitas Bawah II,Beras,varian,2025-04-18 00:00:00,13250
Beras Kualitas Bawah II,Beras,varian,2025-04-21 00:00:00,13250
Beras Kualitas Bawah II,Beras,varian,2025-04-22 00:00:00,13250
Beras Kualitas Bawah II,Beras,varian,2025-04-23 00:00:00,13250
Beras Kualitas Bawah II,Beras,varian,2025-04-24 00:00:00,13750
Beras Kualitas Bawah II,Beras,varian,2025-04-25 00:00:00,13750
Beras Kualitas Bawah II,Beras,varian,2025-04-28 00:00:00,13750
Beras Kualitas Bawah II,Beras,varian,2025-04-29 00:00:00,13750
Beras Kualitas Bawah II,Beras,varian,2025-04-30 00:00:00,13750
Beras Kualitas Bawah II,Beras,varian,2025-05-01 00:00:00,13750
Beras Kualitas Bawah II,Beras,varian,2025-05-02 00:00:00,13750
Beras Kualitas Bawah II,Beras,varian,2025-05-05 00:00:00,13750
Beras Kualitas Bawah II,Beras,varian,2025-05-06 00:00:00,13750
Beras Kualitas Bawah II,Beras,varian,2025-05-07 00:00:00,13750
Beras Kualitas Bawah II,Beras,varian,2025-05-08 00:00:00,13750
Beras Kualitas Bawah II,Beras,varian,2025-05-09 00:00:00,13750
Beras Kualitas Bawah II,Beras,varian,2025-05-12 00:00:00,13750
Beras Kualitas Bawah II,Beras,varian,2025-05-13 00:00:00,13750
Beras Kualitas Bawah II,Beras,varian,2025-05-14 00:00:00,13750
Beras Kualitas Bawah II,Beras,varian,2025-05-15 00:00:00,13750
Beras Kualitas Bawah II,Beras,varian,2025-05-16 00:00:00,13750
Beras Kualitas Bawah II,Beras,varian,2025-05-19 00:00:00,13750
Beras Kualitas Bawah II,Beras,varian,2025-05-20 00:00:00,13750
Beras Kualitas Bawah II,Beras,varian,2025-05-21 00:00:00,13750
Beras Kualitas Bawah II,Beras,varian,2025-05-22 00:00:00,13750
Beras Kualitas Bawah II,Beras,varian,2025-05-23 00:00:00,13750
Beras Kualitas Bawah II,Beras,varian,2025-05-26 00:00:00,13750
Beras Kualitas Bawah II,Beras,varian,2025-05-27 00:00:00,13750
Beras Kualitas Bawah II,Beras,varian,2025-05-28 00:00:00,13750
Beras Kualitas Bawah II,Beras,varian,2025-05-29 00:00:00,13750
Beras Kualitas Bawah II,Beras,varian,2025-05-30 00:00:00,13750
Beras Kualitas Bawah II,Beras,varian,2025-06-02 00:00:00,13750
Beras Kualitas Bawah II,Beras,varian,2025-06-03 00:00:00,13750
Beras Kualitas Bawah II,Beras,varian,2025-06-04 00:00:00,13750
Beras Kualitas Bawah II,Beras,varian,2025-06-05 00:00:00,13750
Beras Kualitas Bawah II,Beras,varian,2025-06-06 00:00:00,13750
Beras Kualitas Bawah II,Beras,varian,2025-06-09 00:00:00,13750
Beras Kualitas Bawah II,Beras,varian,2025-06-10 00:00:00,14250
Beras Kualitas Bawah II,Beras,varian,2025-06-11 00:00:00,14250
Beras Kualitas Bawah II,Beras,varian,2025-06-12 00:00:00,14250
Beras Kualitas Bawah II,Beras,varian,2025-06-13 00:00:00,14250
Beras Kualitas Bawah II,Beras,varian,2025-06-16 00:00:00,14250
Beras Kualitas Bawah II,Beras,varian,2025-06-17 00:00:00,14250
Beras Kualitas Bawah II,Beras,varian,2025-06-18 00:00:00,14250
Beras Kualitas Bawah II,Beras,varian,2025-06-19 00:00:00,14250
Beras Kualitas Bawah II,Beras,varian,2025-06-20 00:00:00,14250
Beras Kualitas Bawah II,Beras,varian,2025-06-23 00:00:00,15500
Beras Kualitas Bawah II,Beras,varian,2025-06-24 00:00:00,15500
Beras Kualitas Bawah II,Beras,varian,2025-06-25 00:00:00,15500
Beras Kualitas Bawah II,Beras,varian,2025-06-26 00:00:00,15500
Beras Kualitas Bawah II,Beras,varian,2025-06-27 00:00:00,15500
Beras Kualitas Bawah II,Beras,varian,2025-06-30 00:00:00,15500
Beras Kualitas Bawah II,Beras,varian,2025-07-01 00:00:00,15500
Beras Kualitas Bawah II,Beras,varian,2025-07-02 00:00:00,15500
Beras Kualitas Bawah II,Beras,varian,2025-07-03 00:00:00,15500
Beras Kualitas Bawah II,Beras,varian,2025-07-04 00:00:00,15500
Beras Kualitas Bawah II,Beras,varian,2025-07-07 00:00:00,15500
Beras Kualitas Bawah II,Beras,varian,2025-07-08 00:00:00,15500
Beras Kualitas Bawah II,Beras,varian,2025-07-09 00:00:00,15500
Beras Kualitas Bawah II,Beras,varian,2025-07-10 00:00:00,15500
Beras Kualitas Bawah II,Beras,varian,2025-07-11 00:00:00,15500
Beras Kualitas Bawah II,Beras,varian,2025-07-14 00:00:00,15500
Beras Kualitas Bawah II,Beras,varian,2025-07-15 00:00:00,15500
Beras Kualitas Bawah II,Beras,varian,2025-07-16 00:00:00,15500
Beras Kualitas Bawah II,Beras,varian,2025-07-17 00:00:00,15500
Beras Kualitas Bawah II,Beras,varian,2025-07-18 00:00:00,14000
Beras Kualitas Bawah II,Beras,varian,2025-07-21 00:00:00,15500
Beras Kualitas Bawah II,Beras,varian,2025-07-22 00:00:00,15500
Beras Kualitas Bawah II,Beras,varian,2025-07-23 00:00:00,15500
Beras Kualitas Bawah II,Beras,varian,2025-07-24 00:00:00,15500
Beras Kualitas Bawah II,Beras,varian,2025-07-25 00:00:00,15500
Beras Kualitas Bawah II,Beras,varian,2025-07-28 00:00:00,15500
Beras Kualitas Bawah II,Beras,varian,2025-07-29 00:00:00,15500
Beras Kualitas Bawah II,Beras,varian,2025-07-30 00:00:00,15500
Beras Kualitas Bawah II,Beras,varian,2025-07-31 00:00:00,15500
Beras Kualitas Bawah II,Beras,varian,2025-08-01 00:00:00,15500
Beras Kualitas Bawah II,Beras,varian,2025-08-04 00:00:00,15500
Beras Kualitas Bawah II,Beras,varian,2025-08-05 00:00:00,15500
Beras Kualitas Bawah II,Beras,varian,2025-08-06 00:00:00,15500
Beras Kualitas Bawah II,Beras,varian,2025-08-07 00:00:00,15500
Beras Kualitas Bawah II,Beras,varian,2025-08-08 00:00:00,15500
Beras Kualitas Bawah II,Beras,varian,2025-08-11 00:00:00,15500
Beras Kualitas Bawah II,Beras,varian,2025-08-12 00:00:00,15500
Beras Kualitas Bawah II,Beras,varian,2025-08-13 00:00:00,15500
Beras Kualitas Bawah II,Beras,varian,2025-08-14 00:00:00,15500
Beras Kualitas Bawah II,Beras,varian,2025-08-15 00:00:00,15500
Beras Kualitas Bawah II,Beras,varian,2025-08-18 00:00:00,15500
Beras Kualitas Bawah II,Beras,varian,2025-08-19 00:00:00,15500
Beras Kualitas Bawah II,Beras,varian,2025-08-20 00:00:00,15500
Beras Kualitas Bawah II,Beras,varian,2025-08-21 00:00:00,14000
Beras Kualitas Bawah II,Beras,varian,2025-08-22 00:00:00,14000
Beras Kualitas Bawah II,Beras,varian,2025-08-25 00:00:00,14000
Beras Kualitas Bawah II,Beras,varian,2025-08-26 00:00:00,14000
Beras Kualitas Bawah II,Beras,varian,2025-08-27 00:00:00,14000
Beras Kualitas Bawah II,Beras,varian,2025-08-28 00:00:00,14000
Beras Kualitas Bawah II,Beras,varian,2025-08-29 00:00:00,14000
Beras Kualitas Bawah II,Beras,varian,2025-09-01 00:00:00,14000
Beras Kualitas Bawah II,Beras,varian,2025-09-02 00:00:00,14000
Beras Kualitas Bawah II,Beras,varian,2025-09-03 00:00:00,14000
Beras Kualitas Bawah II,Beras,varian,2025-09-04 00:00:00,14000
Beras Kualitas Bawah II,Beras,varian,2025-09-05 00:00:00,14000
Beras Kualitas Bawah II,Beras,varian,2025-09-08 00:00:00,14250
Beras Kualitas Bawah II,Beras,varian,2025-09-09 00:00:00,14750
Beras Kualitas Bawah II,Beras,varian,2025-09-10 00:00:00,13650
Beras Kualitas Bawah II,Beras,varian,2025-09-11 00:00:00,13650
Beras Kualitas Bawah II,Beras,varian,2025-09-12 00:00:00,13650
Beras Kualitas Bawah II,Beras,varian,2025-09-15 00:00:00,13250
Beras Kualitas Bawah II,Beras,varian,2025-09-16 00:00:00,13250
Beras Kualitas Bawah II,Beras,varian,2025-09-17 00:00:00,13250
Beras Kualitas Bawah II,Beras,varian,2025-09-18 00:00:00,13250
Beras Kualitas Bawah II,Beras,varian,2025-09-19 00:00:00,13250
Beras Kualitas Bawah II,Beras,varian,2025-09-22 00:00:00,13650
Beras Kualitas Bawah II,Beras,varian,2025-09-23 00:00:00,13650
Beras Kualitas Bawah II,Beras,varian,2025-09-24 00:00:00,13650
Beras Kualitas Bawah II,Beras,varian,2025-09-25 00:00:00,13650
Beras Kualitas Bawah II,Beras,varian,2025-09-26 00:00:00,13650
Beras Kualitas Bawah II,Beras,varian,2025-09-29 00:00:00,13650
Beras Kualitas Bawah II,Beras,varian,2025-09-30 00:00:00,13650
Beras Kualitas Bawah II,Beras,varian,2025-10-01 00:00:00,13650
Beras Kualitas Bawah II,Beras,varian,2025-10-02 00:00:00,13650
Beras Kualitas Bawah II,Beras,varian,2025-10-03 00:00:00,13650
Beras Kualitas Bawah II,Beras,varian,2025-10-06 00:00:00,13650
Beras Kualitas Bawah II,Beras,varian,2025-10-07 00:00:00,13650
Beras Kualitas Bawah II,Beras,varian,2025-10-08 00:00:00,13650
Beras Kualitas Bawah II,Beras,varian,2025-10-09 00:00:00,13650
Beras Kualitas Bawah II,Beras,varian,2025-10-10 00:00:00,13650
Beras Kualitas Bawah II,Beras,varian,2025-10-13 00:00:00,13650
Beras Kualitas Bawah II,Beras,varian,2025-10-14 00:00:00,13650
Beras Kualitas Bawah II,Beras,varian,2025-10-15 00:00:00,13650
Beras Kualitas Bawah II,Beras,varian,2025-10-16 00:00:00,13650
Beras Kualitas Bawah II,Beras,varian,2025-10-17 00:00:00,13650
Beras Kualitas Bawah II,Beras,varian,2025-10-20 00:00:00,13900
Beras Kualitas Bawah II,Beras,varian,2025-10-21 00:00:00,13900
Beras Kualitas Bawah II,Beras,varian,2025-10-22 00:00:00,13650
Beras Kualitas Bawah II,Beras,varian,2025-10-23 00:00:00,13650
Beras Kualitas Bawah II,Beras,varian,2025-10-24 00:00:00,13650
Beras Kualitas Bawah II,Beras,varian,2025-10-27 00:00:00,13650
Beras Kualitas Bawah II,Beras,varian,2025-10-28 00:00:00,13500
Beras Kualitas Bawah II,Beras,varian,2025-10-29 00:00:00,13500
Beras Kualitas Bawah II,Beras,varian,2025-10-30 00:00:00,13500
Beras Kualitas Bawah II,Beras,varian,2025-10-31 00:00:00,13500
Beras Kualitas Bawah II,Beras,varian,2025-11-03 00:00:00,13500
Beras Kualitas Bawah II,Beras,varian,2025-11-04 00:00:00,13500
Beras Kualitas Bawah II,Beras,varian,2025-11-05 00:00:00,13500
Beras Kualitas Bawah II,Beras,varian,2025-11-06 00:00:00,13500
Beras Kualitas Bawah II,Beras,varian,2025-11-07 00:00:00,13500
Beras Kualitas Bawah II,Beras,varian,2025-11-10 00:00:00,13500
Beras Kualitas Bawah II,Beras,varian,2025-11-11 00:00:00,13600
Beras Kualitas Bawah II,Beras,varian,2025-11-12 00:00:00,13600
Beras Kualitas Bawah II,Beras,varian,2025-11-13 00:00:00,13600
Beras Kualitas Bawah II,Beras,varian,2025-11-14 00:00:00,13600
Beras Kualitas Bawah II,Beras,varian,2025-11-17 00:00:00,13600
Beras Kualitas Bawah II,Beras,varian,2025-11-18 00:00:00,13600
Beras Kualitas Bawah II,Beras,varian,2025-11-19 00:00:00,13600
Beras Kualitas Bawah II,Beras,varian,2025-11-20 00:00:00,13350
Beras Kualitas Bawah II,Beras,varian,2025-11-21 00:00:00,13350
Beras Kualitas Bawah II,Beras,varian,2025-11-24 00:00:00,13350
Beras Kualitas Bawah II,Beras,varian,2025-11-25 00:00:00,13350
Beras Kualitas Bawah II,Beras,varian,2025-11-26 00:00:00,13350
Beras Kualitas Bawah II,Beras,varian,2025-11-27 00:00:00,13350
Beras Kualitas Bawah II,Beras,varian,2025-11-28 00:00:00,13350
Beras Kualitas Bawah II,Beras,varian,2025-12-01 00:00:00,13350
Beras Kualitas Bawah II,Beras,varian,2025-12-02 00:00:00,13350
Beras Kualitas Bawah II,Beras,varian,2025-12-03 00:00:00,13350
Beras Kualitas Bawah II,Beras,varian,2025-12-04 00:00:00,13350
Beras Kualitas Bawah II,Beras,varian,2025-12-05 00:00:00,13350
Beras Kualitas Bawah II,Beras,varian,2025-12-08 00:00:00,13350
Beras Kualitas Bawah II,Beras,varian,2025-12-09 00:00:00,13350
Beras Kualitas Bawah II,Beras,varian,2025-12-10 00:00:00,13350
Beras Kualitas Bawah II,Beras,varian,2025-12-11 00:00:00,13350
Beras Kualitas Bawah II,Beras,varian,2025-12-12 00:00:00,13350
Beras Kualitas Bawah II,Beras,varian,2025-12-15 00:00:00,13350
Beras Kualitas Bawah II,Beras,varian,2025-12-16 00:00:00,13350
Beras Kualitas Bawah II,Beras,varian,2025-12-17 00:00:00,13350
Beras Kualitas Bawah II,Beras,varian,2025-12-18 00:00:00,13350
Beras Kualitas Bawah II,Beras,varian,2025-12-19 00:00:00,13350
Beras Kualitas Bawah II,Beras,varian,2025-12-22 00:00:00,13350
Beras Kualitas Bawah II,Beras,varian,2025-12-23 00:00:00,13350
Beras Kualitas Bawah II,Beras,varian,2025-12-24 00:00:00,13350
Beras Kualitas Bawah II,Beras,varian,2025-12-25 00:00:00,13350
Beras Kualitas Bawah II,Beras,varian,2025-12-26 00:00:00,13350
Beras Kualitas Bawah II,Beras,varian,2025-12-29 00:00:00,13350
Beras Kualitas Bawah II,Beras,varian,2025-12-30 00:00:00,13350
Beras Kualitas Bawah II,Beras,varian,2025-12-31 00:00:00,13350
Beras Kualitas Bawah II,Beras,varian,2026-01-01 00:00:00,13350
Beras Kualitas Bawah II,Beras,varian,2026-01-02 00:00:00,13350
Beras Kualitas Bawah II,Beras,varian,2026-01-05 00:00:00,13350
Beras Kualitas Bawah II,Beras,varian,2026-01-06 00:00:00,13350
Beras Kualitas Bawah II,Beras,varian,2026-01-07 00:00:00,13350
Beras Kualitas Bawah II,Beras,varian,2026-01-08 00:00:00,13350
Beras Kualitas Bawah II,Beras,varian,2026-01-09 00:00:00,13350
Beras Kualitas Bawah II,Beras,varian,2026-01-12 00:00:00,13350
Beras Kualitas Bawah II,Beras,varian,2026-01-13 00:00:00,13350
Beras Kualitas Bawah II,Beras,varian,2026-01-14 00:00:00,13350
Beras Kualitas Bawah II,Beras,varian,2026-01-15 00:00:00,13350
Beras Kualitas Bawah II,Beras,varian,2026-01-16 00:00:00,13350
Beras Kualitas Bawah II,Beras,varian,2026-01-19 00:00:00,13350
Beras Kualitas Bawah II,Beras,varian,2026-01-20 00:00:00,13350
Beras Kualitas Bawah II,Beras,varian,2026-01-21 00:00:00,13350
Beras Kualitas Bawah II,Beras,varian,2026-01-22 00:00:00,13350
Beras Kualitas Bawah II,Beras,varian,2026-01-23 00:00:00,13350
Beras Kualitas Bawah II,Beras,varian,2026-01-26 00:00:00,13350
Beras Kualitas Bawah II,Beras,varian,2026-01-27 00:00:00,13350
Beras Kualitas Bawah II,Beras,varian,2026-01-28 00:00:00,13350
Beras Kualitas Bawah II,Beras,varian,2026-01-29 00:00:00,13350
Beras Kualitas Bawah II,Beras,varian,2026-01-30 00:00:00,13350
Beras Kualitas Bawah II,Beras,varian,2026-02-02 00:00:00,13350
Beras Kualitas Bawah II,Beras,varian,2026-02-03 00:00:00,13500
Beras Kualitas Bawah II,Beras,varian,2026-02-04 00:00:00,13500
Beras Kualitas Bawah II,Beras,varian,2026-02-05 00:00:00,13500
Beras Kualitas Bawah II,Beras,varian,2026-02-06 00:00:00,13500
Beras Kualitas Bawah II,Beras,varian,2026-02-09 00:00:00,13500
Beras Kualitas Bawah II,Beras,varian,2026-02-10 00:00:00,13500
Beras Kualitas Bawah II,Beras,varian,2026-02-11 00:00:00,13500
Beras Kualitas Bawah II,Beras,varian,2026-02-12 00:00:00,13500
Beras Kualitas Bawah II,Beras,varian,2026-02-13 00:00:00,13500
Beras Kualitas Bawah II,Beras,varian,2026-02-16 00:00:00,13500
Beras Kualitas Bawah II,Beras,varian,2026-02-17 00:00:00,13500
Beras Kualitas Bawah II,Beras,varian,2026-02-18 00:00:00,13500
Beras Kualitas Bawah II,Beras,varian,2026-02-19 00:00:00,13500
Beras Kualitas Bawah II,Beras,varian,2026-02-20 00:00:00,13500
Beras Kualitas Bawah II,Beras,varian,2026-02-23 00:00:00,13500
Beras Kualitas Bawah II,Beras,varian,2026-02-24 00:00:00,13500
Beras Kualitas Bawah II,Beras,varian,2026-02-25 00:00:00,13500
Beras Kualitas Bawah II,Beras,varian,2026-02-26 00:00:00,13500
Beras Kualitas Bawah II,Beras,varian,2026-02-27 00:00:00,13500
Beras Kualitas Bawah II,Beras,varian,2026-03-02 00:00:00,13500
Beras Kualitas Bawah II,Beras,varian,2026-03-03 00:00:00,13500
Beras Kualitas Bawah II,Beras,varian,2026-03-04 00:00:00,13500
Beras Kualitas Bawah II,Beras,varian,2026-03-05 00:00:00,13500
Beras Kualitas Bawah II,Beras,varian,2026-03-06 00:00:00,13500
Beras Kualitas Bawah II,Beras,varian,2026-03-09 00:00:00,13500
Beras Kualitas Bawah II,Beras,varian,2026-03-10 00:00:00,13500
Beras Kualitas Bawah II,Beras,varian,2026-03-11 00:00:00,13500
Beras Kualitas Bawah II,Beras,varian,2026-03-12 00:00:00,13500
Beras Kualitas Bawah II,Beras,varian,2026-03-13 00:00:00,13500
Beras Kualitas Bawah II,Beras,varian,2026-03-16 00:00:00,13500
Beras Kualitas Bawah II,Beras,varian,2026-03-17 00:00:00,13500
Beras Kualitas Bawah II,Beras,varian,2026-03-18 00:00:00,13500
Beras Kualitas Bawah II,Beras,varian,2026-03-19 00:00:00,13500
Beras Kualitas Bawah II,Beras,varian,2026-03-20 00:00:00,13500
Beras Kualitas Bawah II,Beras,varian,2026-03-23 00:00:00,13500
Beras Kualitas Bawah II,Beras,varian,2026-03-24 00:00:00,13500
Beras Kualitas Bawah II,Beras,varian,2026-03-25 00:00:00,13500
Beras Kualitas Bawah II,Beras,varian,2026-03-26 00:00:00,13500
Beras Kualitas Bawah II,Beras,varian,2026-03-27 00:00:00,13500
Beras Kualitas Bawah II,Beras,varian,2026-03-30 00:00:00,13500
Beras Kualitas Bawah II,Beras,varian,2026-03-31 00:00:00,13500
Beras Kualitas Bawah II,Beras,varian,2026-04-01 00:00:00,13750
Beras Kualitas Bawah II,Beras,varian,2026-04-02 00:00:00,13750
Beras Kualitas Bawah II,Beras,varian,2026-04-03 00:00:00,13750
Beras Kualitas Bawah II,Beras,varian,2026-04-06 00:00:00,13750
Beras Kualitas Bawah II,Beras,varian,2026-04-07 00:00:00,13750
Beras Kualitas Bawah II,Beras,varian,2026-04-08 00:00:00,13750
Beras Kualitas Bawah II,Beras,varian,2026-04-09 00:00:00,13750
Beras Kualitas Bawah II,Beras,varian,2026-04-10 00:00:00,13750
Beras Kualitas Bawah II,Beras,varian,2026-04-13 00:00:00,13750
Beras Kualitas Bawah II,Beras,varian,2026-04-14 00:00:00,13750
Beras Kualitas Bawah II,Beras,varian,2026-04-15 00:00:00,13750
Beras Kualitas Bawah II,Beras,varian,2026-04-16 00:00:00,13750
Beras Kualitas Bawah II,Beras,varian,2026-04-17 00:00:00,13750
Beras Kualitas Bawah II,Beras,varian,2026-04-20 00:00:00,13750
Beras Kualitas Bawah II,Beras,varian,2026-04-21 00:00:00,13750
Beras Kualitas Bawah II,Beras,varian,2026-04-22 00:00:00,13750
Beras Kualitas Bawah II,Beras,varian,2026-04-23 00:00:00,13750
Beras Kualitas Bawah II,Beras,varian,2026-04-24 00:00:00,13750
Beras Kualitas Bawah II,Beras,varian,2026-04-27 00:00:00,13750
Beras Kualitas Bawah II,Beras,varian,2026-04-28 00:00:00,13750
Beras Kualitas Bawah II,Beras,varian,2026-04-29 00:00:00,13750
Beras Kualitas Bawah II,Beras,varian,2026-04-30 00:00:00,13750
Beras Kualitas Bawah II,Beras,varian,2026-05-01 00:00:00,13750
Beras Kualitas Bawah II,Beras,varian,2026-05-04 00:00:00,13750
Beras Kualitas Bawah II,Beras,varian,2026-05-05 00:00:00,13750
Beras Kualitas Bawah II,Beras,varian,2026-05-06 00:00:00,13750
Beras Kualitas Bawah II,Beras,varian,2026-05-07 00:00:00,13750
Beras Kualitas Bawah II,Beras,varian,2026-05-08 00:00:00,13750
Beras Kualitas Bawah II,Beras,varian,2026-05-11 00:00:00,13750
Beras Kualitas Bawah II,Beras,varian,2026-05-12 00:00:00,13750
Beras Kualitas Bawah II,Beras,varian,2026-05-13 00:00:00,13750
Beras Kualitas Bawah II,Beras,varian,2026-05-14 00:00:00,13750
Beras Kualitas Bawah II,Beras,varian,2026-05-15 00:00:00,13750
Beras Kualitas Bawah II,Beras,varian,2026-05-18 00:00:00,13750
Beras Kualitas Bawah II,Beras,varian,2026-05-19 00:00:00,13750
Beras Kualitas Bawah II,Beras,varian,2026-05-20 00:00:00,13750
Beras Kualitas Bawah II,Beras,varian,2026-05-21 00:00:00,13750
Beras Kualitas Bawah II,Beras,varian,2026-05-22 00:00:00,13750
Beras Kualitas Bawah II,Beras,varian,2026-05-25 00:00:00,13750
Beras Kualitas Bawah II,Beras,varian,2026-05-26 00:00:00,13750
Beras Kualitas Bawah II,Beras,varian,2026-05-27 00:00:00,13750
Beras Kualitas Bawah II,Beras,varian,2026-05-28 00:00:00,13750
Beras Kualitas Bawah II,Beras,varian,2026-05-29 00:00:00,13750
Beras Kualitas Bawah II,Beras,varian,2026-06-01 00:00:00,13750
Beras Kualitas Bawah II,Beras,varian,2026-06-02 00:00:00,13650
Beras Kualitas Bawah II,Beras,varian,2026-06-03 00:00:00,13650
Beras Kualitas Bawah II,Beras,varian,2026-06-04 00:00:00,13650
Beras Kualitas Bawah II,Beras,varian,2026-06-05 00:00:00,13650
Beras Kualitas Bawah II,Beras,varian,2026-06-08 00:00:00,13650
Beras Kualitas Bawah II,Beras,varian,2026-06-09 00:00:00,13650
Beras Kualitas Bawah II,Beras,varian,2026-06-10 00:00:00,13650
Beras Kualitas Bawah II,Beras,varian,2026-06-11 00:00:00,13650
Beras Kualitas Bawah II,Beras,varian,2026-06-12 00:00:00,13650
Beras Kualitas Bawah II,Beras,varian,2026-06-15 00:00:00,13650
Beras Kualitas Bawah II,Beras,varian,2026-06-16 00:00:00,13650
Beras Kualitas Bawah II,Beras,varian,2026-06-17 00:00:00,13650
Beras Kualitas Bawah II,Beras,varian,2026-06-18 00:00:00,13650
Beras Kualitas Bawah II,Beras,varian,2026-06-19 00:00:00,13650
Beras Kualitas Bawah II,Beras,varian,2026-06-22 00:00:00,13650
Beras Kualitas Bawah II,Beras,varian,2026-06-23 00:00:00,13650
Beras Kualitas Bawah II,Beras,varian,2026-06-24 00:00:00,13650
Beras Kualitas Bawah II,Beras,varian,2026-06-25 00:00:00,13750
Beras Kualitas Bawah II,Beras,varian,2026-06-26 00:00:00,13750
Beras Kualitas Bawah II,Beras,varian,2026-06-29 00:00:00,13750
Beras Kualitas Bawah II,Beras,varian,2026-06-30 00:00:00,13750
Beras Kualitas Bawah II,Beras,varian,2026-07-01 00:00:00,13750
Beras Kualitas Bawah II,Beras,varian,2026-07-02 00:00:00,13750
Beras Kualitas Bawah II,Beras,varian,2026-07-03 00:00:00,13750
Beras Kualitas Bawah II,Beras,varian,2026-07-06 00:00:00,13750
Beras Kualitas Bawah II,Beras,varian,2026-07-07 00:00:00,13750
Beras Kualitas Bawah II,Beras,varian,2026-07-08 00:00:00,13750
Beras Kualitas Bawah II,Beras,varian,2026-07-09 00:00:00,13750
Beras Kualitas Bawah II,Beras,varian,2026-07-10 00:00:00,13750
Beras Kualitas Bawah II,Beras,varian,2026-07-13 00:00:00,13750
Beras Kualitas Bawah II,Beras,varian,2026-07-14 00:00:00,13750
Beras Kualitas Bawah II,Beras,varian,2026-07-15 00:00:00,13750
Beras Kualitas Bawah II,Beras,varian,2026-07-16 00:00:00,13750
Beras Kualitas Bawah II,Beras,varian,2026-07-17 00:00:00,13750
Beras Kualitas Bawah II,Beras,varian,2026-07-20 00:00:00,13750
Beras Kualitas Bawah II,Beras,varian,2026-07-21 00:00:00,13750
Beras Kualitas Bawah II,Beras,varian,2026-07-22 00:00:00,13750
Beras Kualitas Bawah II,Beras,varian,2026-07-23 00:00:00,14000
Beras Kualitas Bawah II,Beras,varian,2026-07-24 00:00:00,14000
Beras Kualitas Bawah II,Beras,varian,2026-07-27 00:00:00,14000
Beras Kualitas Bawah II,Beras,varian,2026-07-28 00:00:00,14000
Beras Kualitas Bawah II,Beras,varian,2026-07-29 00:00:00,14000
Beras Kualitas Bawah II,Beras,varian,2026-07-30 00:00:00,14000
Beras Kualitas Bawah II,Beras,varian,2026-07-31 00:00:00,14000
Beras Kualitas Bawah II,Beras,varian,2026-08-03 00:00:00,14000
Beras Kualitas Bawah II,Beras,varian,2026-08-04 00:00:00,14000
Beras Kualitas Bawah II,Beras,varian,2026-08-05 00:00:00,14000
Beras Kualitas Bawah II,Beras,varian,2026-08-06 00:00:00,14000
Beras Kualitas Bawah II,Beras,varian,2026-08-07 00:00:00,14000
Beras Kualitas Bawah II,Beras,varian,2026-08-10 00:00:00,14000
Beras Kualitas Bawah II,Beras,varian,2026-08-11 00:00:00,14000
Beras Kualitas Bawah II,Beras,varian,2026-08-12 00:00:00,14000
Beras Kualitas Bawah II,Beras,varian,2026-08-13 00:00:00,14000
Beras Kualitas Bawah II,Beras,varian,2026-08-14 00:00:00,14000
Beras Kualitas Bawah II,Beras,varian,2026-08-17 00:00:00,14000
Beras Kualitas Bawah II,Beras,varian,2026-08-18 00:00:00,14000
Beras Kualitas Bawah II,Beras,varian,2026-08-19 00:00:00,14000
Beras Kualitas Bawah II,Beras,varian,2026-08-20 00:00:00,14000
Beras Kualitas Bawah II,Beras,varian,2026-08-21 00:00:00,14000
Beras Kualitas Bawah II,Beras,varian,2026-08-24 00:00:00,14000
Beras Kualitas Bawah II,Beras,varian,2026-08-25 00:00:00,14000
Beras Kualitas Bawah II,Beras,varian,2026-08-26 00:00:00,14000
Beras Kualitas Bawah II,Beras,varian,2026-08-27 00:00:00,14000
Beras Kualitas Bawah II,Beras,varian,2026-08-28 00:00:00,14000
Beras Kualitas Bawah II,Beras,varian,2026-08-31 00:00:00,14000
Beras Kualitas Bawah II,Beras,varian,2026-09-01 00:00:00,14150
Beras Kualitas Bawah II,Beras,varian,2026-09-02 00:00:00,14150
Beras Kualitas Bawah II,Beras,varian,2026-09-03 00:00:00,14150
Beras Kualitas Bawah II,Beras,varian,2026-09-04 00:00:00,14150
Beras Kualitas Bawah II,Beras,varian,2026-09-07 00:00:00,14150
Beras Kualitas Bawah II,Beras,varian,2026-09-08 00:00:00,14150
Beras Kualitas Medium I,Beras,varian,2025-01-01 00:00:00,14150
Beras Kualitas Medium I,Beras,varian,2025-01-02 00:00:00,14150
Beras Kualitas Medium I,Beras,varian,2025-01-03 00:00:00,14150
Beras Kualitas Medium I,Beras,varian,2025-01-06 00:00:00,14150
Beras Kualitas Medium I,Beras,varian,2025-01-07 00:00:00,14150
Beras Kualitas Medium I,Beras,varian,2025-01-08 00:00:00,14150
Beras Kualitas Medium I,Beras,varian,2025-01-09 00:00:00,14150
Beras Kualitas Medium I,Beras,varian,2025-01-10 00:00:00,14150
Beras Kualitas Medium I,Beras,varian,2025-01-13 00:00:00,14150
Beras Kualitas Medium I,Beras,varian,2025-01-14 00:00:00,14150
Beras Kualitas Medium I,Beras,varian,2025-01-15 00:00:00,14150
Beras Kualitas Medium I,Beras,varian,2025-01-16 00:00:00,14150
Beras Kualitas Medium I,Beras,varian,2025-01-17 00:00:00,14150
Beras Kualitas Medium I,Beras,varian,2025-01-20 00:00:00,14150
Beras Kualitas Medium I,Beras,varian,2025-01-21 00:00:00,14000
Beras Kualitas Medium I,Beras,varian,2025-01-22 00:00:00,14000
Beras Kualitas Medium I,Beras,varian,2025-01-23 00:00:00,14000
Beras Kualitas Medium I,Beras,varian,2025-01-24 00:00:00,14000
Beras Kualitas Medium I,Beras,varian,2025-01-27 00:00:00,14000
Beras Kualitas Medium I,Beras,varian,2025-01-28 00:00:00,14000
Beras Kualitas Medium I,Beras,varian,2025-01-29 00:00:00,14000
Beras Kualitas Medium I,Beras,varian,2025-01-30 00:00:00,14000
Beras Kualitas Medium I,Beras,varian,2025-01-31 00:00:00,14150
Beras Kualitas Medium I,Beras,varian,2025-02-03 00:00:00,14150
Beras Kualitas Medium I,Beras,varian,2025-02-04 00:00:00,14150
Beras Kualitas Medium I,Beras,varian,2025-02-05 00:00:00,14150
Beras Kualitas Medium I,Beras,varian,2025-02-06 00:00:00,14150
Beras Kualitas Medium I,Beras,varian,2025-02-07 00:00:00,14150
Beras Kualitas Medium I,Beras,varian,2025-02-10 00:00:00,14250
Beras Kualitas Medium I,Beras,varian,2025-02-11 00:00:00,14250
Beras Kualitas Medium I,Beras,varian,2025-02-12 00:00:00,14250
Beras Kualitas Medium I,Beras,varian,2025-02-13 00:00:00,14250
Beras Kualitas Medium I,Beras,varian,2025-02-14 00:00:00,14250
Beras Kualitas Medium I,Beras,varian,2025-02-17 00:00:00,14250
Beras Kualitas Medium I,Beras,varian,2025-02-18 00:00:00,14250
Beras Kualitas Medium I,Beras,varian,2025-02-19 00:00:00,14250
Beras Kualitas Medium I,Beras,varian,2025-02-20 00:00:00,14250
Beras Kualitas Medium I,Beras,varian,2025-02-21 00:00:00,14250
Beras Kualitas Medium I,Beras,varian,2025-02-24 00:00:00,14250
Beras Kualitas Medium I,Beras,varian,2025-02-25 00:00:00,14250
Beras Kualitas Medium I,Beras,varian,2025-02-26 00:00:00,14250
Beras Kualitas Medium I,Beras,varian,2025-02-27 00:00:00,14250
Beras Kualitas Medium I,Beras,varian,2025-02-28 00:00:00,14250
Beras Kualitas Medium I,Beras,varian,2025-03-03 00:00:00,14250
Beras Kualitas Medium I,Beras,varian,2025-03-04 00:00:00,14250
Beras Kualitas Medium I,Beras,varian,2025-03-05 00:00:00,14250
Beras Kualitas Medium I,Beras,varian,2025-03-06 00:00:00,14250
Beras Kualitas Medium I,Beras,varian,2025-03-07 00:00:00,14250
Beras Kualitas Medium I,Beras,varian,2025-03-10 00:00:00,14250
Beras Kualitas Medium I,Beras,varian,2025-03-11 00:00:00,14250
Beras Kualitas Medium I,Beras,varian,2025-03-12 00:00:00,14250
Beras Kualitas Medium I,Beras,varian,2025-03-13 00:00:00,14250
Beras Kualitas Medium I,Beras,varian,2025-03-14 00:00:00,14250
Beras Kualitas Medium I,Beras,varian,2025-03-17 00:00:00,14250
Beras Kualitas Medium I,Beras,varian,2025-03-18 00:00:00,14250
Beras Kualitas Medium I,Beras,varian,2025-03-19 00:00:00,14250
Beras Kualitas Medium I,Beras,varian,2025-03-20 00:00:00,14250
Beras Kualitas Medium I,Beras,varian,2025-03-21 00:00:00,14250
Beras Kualitas Medium I,Beras,varian,2025-03-24 00:00:00,14250
Beras Kualitas Medium I,Beras,varian,2025-03-25 00:00:00,14250
Beras Kualitas Medium I,Beras,varian,2025-03-26 00:00:00,14250
Beras Kualitas Medium I,Beras,varian,2025-03-27 00:00:00,14250
Beras Kualitas Medium I,Beras,varian,2025-03-28 00:00:00,14250
Beras Kualitas Medium I,Beras,varian,2025-03-31 00:00:00,14250
Beras Kualitas Medium I,Beras,varian,2025-04-01 00:00:00,14250
Beras Kualitas Medium I,Beras,varian,2025-04-02 00:00:00,14250
Beras Kualitas Medium I,Beras,varian,2025-04-03 00:00:00,14250
Beras Kualitas Medium I,Beras,varian,2025-04-04 00:00:00,14250
Beras Kualitas Medium I,Beras,varian,2025-04-07 00:00:00,14250
Beras Kualitas Medium I,Beras,varian,2025-04-08 00:00:00,14250
Beras Kualitas Medium I,Beras,varian,2025-04-09 00:00:00,14250
Beras Kualitas Medium I,Beras,varian,2025-04-10 00:00:00,14500
Beras Kualitas Medium I,Beras,varian,2025-04-11 00:00:00,14500
Beras Kualitas Medium I,Beras,varian,2025-04-14 00:00:00,14400
Beras Kualitas Medium I,Beras,varian,2025-04-15 00:00:00,14400
Beras Kualitas Medium I,Beras,varian,2025-04-16 00:00:00,14250
Beras Kualitas Medium I,Beras,varian,2025-04-17 00:00:00,14250
Beras Kualitas Medium I,Beras,varian,2025-04-18 00:00:00,14250
Beras Kualitas Medium I,Beras,varian,2025-04-21 00:00:00,14250
Beras Kualitas Medium I,Beras,varian,2025-04-22 00:00:00,14250
Beras Kualitas Medium I,Beras,varian,2025-04-23 00:00:00,14250
Beras Kualitas Medium I,Beras,varian,2025-04-24 00:00:00,14250
Beras Kualitas Medium I,Beras,varian,2025-04-25 00:00:00,14250
Beras Kualitas Medium I,Beras,varian,2025-04-28 00:00:00,14250
Beras Kualitas Medium I,Beras,varian,2025-04-29 00:00:00,14250
Beras Kualitas Medium I,Beras,varian,2025-04-30 00:00:00,14250
Beras Kualitas Medium I,Beras,varian,2025-05-01 00:00:00,14250
Beras Kualitas Medium I,Beras,varian,2025-05-02 00:00:00,14500
Beras Kualitas Medium I,Beras,varian,2025-05-05 00:00:00,14500
Beras Kualitas Medium I,Beras,varian,2025-05-06 00:00:00,14500
Beras Kualitas Medium I,Beras,varian,2025-05-07 00:00:00,14500
Beras Kualitas Medium I,Beras,varian,2025-05-08 00:00:00,14500
Beras Kualitas Medium I,Beras,varian,2025-05-09 00:00:00,14500
Beras Kualitas Medium I,Beras,varian,2025-05-12 00:00:00,14500
Beras Kualitas Medium I,Beras,varian,2025-05-13 00:00:00,14500
Beras Kualitas Medium I,Beras,varian,2025-05-14 00:00:00,14500
Beras Kualitas Medium I,Beras,varian,2025-05-15 00:00:00,14500
Beras Kualitas Medium I,Beras,varian,2025-05-16 00:00:00,14500
Beras Kualitas Medium I,Beras,varian,2025-05-19 00:00:00,14500
Beras Kualitas Medium I,Beras,varian,2025-05-20 00:00:00,14500
Beras Kualitas Medium I,Beras,varian,2025-05-21 00:00:00,14500
Beras Kualitas Medium I,Beras,varian,2025-05-22 00:00:00,14500
Beras Kualitas Medium I,Beras,varian,2025-05-23 00:00:00,14900
Beras Kualitas Medium I,Beras,varian,2025-05-26 00:00:00,14900
Beras Kualitas Medium I,Beras,varian,2025-05-27 00:00:00,14900
Beras Kualitas Medium I,Beras,varian,2025-05-28 00:00:00,14900
Beras Kualitas Medium I,Beras,varian,2025-05-29 00:00:00,14900
Beras Kualitas Medium I,Beras,varian,2025-05-30 00:00:00,14900
Beras Kualitas Medium I,Beras,varian,2025-06-02 00:00:00,14900
Beras Kualitas Medium I,Beras,varian,2025-06-03 00:00:00,14900
Beras Kualitas Medium I,Beras,varian,2025-06-04 00:00:00,15000
Beras Kualitas Medium I,Beras,varian,2025-06-05 00:00:00,15000
Beras Kualitas Medium I,Beras,varian,2025-06-06 00:00:00,15000
Beras Kualitas Medium I,Beras,varian,2025-06-09 00:00:00,15000
Beras Kualitas Medium I,Beras,varian,2025-06-10 00:00:00,15250
Beras Kualitas Medium I,Beras,varian,2025-06-11 00:00:00,15250
Beras Kualitas Medium I,Beras,varian,2025-06-12 00:00:00,15500
Beras Kualitas Medium I,Beras,varian,2025-06-13 00:00:00,15500
Beras Kualitas Medium I,Beras,varian,2025-06-16 00:00:00,15500
Beras Kualitas Medium I,Beras,varian,2025-06-17 00:00:00,15500
Beras Kualitas Medium I,Beras,varian,2025-06-18 00:00:00,15500
Beras Kualitas Medium I,Beras,varian,2025-06-19 00:00:00,15500
Beras Kualitas Medium I,Beras,varian,2025-06-20 00:00:00,15500
Beras Kualitas Medium I,Beras,varian,2025-06-23 00:00:00,15900
Beras Kualitas Medium I,Beras,varian,2025-06-24 00:00:00,15900
Beras Kualitas Medium I,Beras,varian,2025-06-25 00:00:00,15900
Beras Kualitas Medium I,Beras,varian,2025-06-26 00:00:00,15900
Beras Kualitas Medium I,Beras,varian,2025-06-27 00:00:00,15900
Beras Kualitas Medium I,Beras,varian,2025-06-30 00:00:00,15900
Beras Kualitas Medium I,Beras,varian,2025-07-01 00:00:00,16000
Beras Kualitas Medium I,Beras,varian,2025-07-02 00:00:00,16000
Beras Kualitas Medium I,Beras,varian,2025-07-03 00:00:00,16150
Beras Kualitas Medium I,Beras,varian,2025-07-04 00:00:00,16150
Beras Kualitas Medium I,Beras,varian,2025-07-07 00:00:00,16150
Beras Kualitas Medium I,Beras,varian,2025-07-08 00:00:00,16150
Beras Kualitas Medium I,Beras,varian,2025-07-09 00:00:00,16150
Beras Kualitas Medium I,Beras,varian,2025-07-10 00:00:00,16150
Beras Kualitas Medium I,Beras,varian,2025-07-11 00:00:00,16150
Beras Kualitas Medium I,Beras,varian,2025-07-14 00:00:00,16250
Beras Kualitas Medium I,Beras,varian,2025-07-15 00:00:00,16400
Beras Kualitas Medium I,Beras,varian,2025-07-16 00:00:00,16400
Beras Kualitas Medium I,Beras,varian,2025-07-17 00:00:00,16400
Beras Kualitas Medium I,Beras,varian,2025-07-18 00:00:00,16400
Beras Kualitas Medium I,Beras,varian,2025-07-21 00:00:00,16250
Beras Kualitas Medium I,Beras,varian,2025-07-22 00:00:00,16250
Beras Kualitas Medium I,Beras,varian,2025-07-23 00:00:00,16400
Beras Kualitas Medium I,Beras,varian,2025-07-24 00:00:00,16400
Beras Kualitas Medium I,Beras,varian,2025-07-25 00:00:00,16400
Beras Kualitas Medium I,Beras,varian,2025-07-28 00:00:00,16400
Beras Kualitas Medium I,Beras,varian,2025-07-29 00:00:00,16400
Beras Kualitas Medium I,Beras,varian,2025-07-30 00:00:00,16400
Beras Kualitas Medium I,Beras,varian,2025-07-31 00:00:00,16400
Beras Kualitas Medium I,Beras,varian,2025-08-01 00:00:00,16250
Beras Kualitas Medium I,Beras,varian,2025-08-04 00:00:00,16150
Beras Kualitas Medium I,Beras,varian,2025-08-05 00:00:00,16150
Beras Kualitas Medium I,Beras,varian,2025-08-06 00:00:00,16150
Beras Kualitas Medium I,Beras,varian,2025-08-07 00:00:00,16150
Beras Kualitas Medium I,Beras,varian,2025-08-08 00:00:00,16150
Beras Kualitas Medium I,Beras,varian,2025-08-11 00:00:00,16150
Beras Kualitas Medium I,Beras,varian,2025-08-12 00:00:00,16150
Beras Kualitas Medium I,Beras,varian,2025-08-13 00:00:00,16150
Beras Kualitas Medium I,Beras,varian,2025-08-14 00:00:00,16150
Beras Kualitas Medium I,Beras,varian,2025-08-15 00:00:00,16150
Beras Kualitas Medium I,Beras,varian,2025-08-18 00:00:00,16150
Beras Kualitas Medium I,Beras,varian,2025-08-19 00:00:00,16150
Beras Kualitas Medium I,Beras,varian,2025-08-20 00:00:00,16150
Beras Kualitas Medium I,Beras,varian,2025-08-21 00:00:00,16150
Beras Kualitas Medium I,Beras,varian,2025-08-22 00:00:00,16150
Beras Kualitas Medium I,Beras,varian,2025-08-25 00:00:00,16150
Beras Kualitas Medium I,Beras,varian,2025-08-26 00:00:00,16150
Beras Kualitas Medium I,Beras,varian,2025-08-27 00:00:00,16150
Beras Kualitas Medium I,Beras,varian,2025-08-28 00:00:00,16150
Beras Kualitas Medium I,Beras,varian,2025-08-29 00:00:00,16150
Beras Kualitas Medium I,Beras,varian,2025-09-01 00:00:00,16150
Beras Kualitas Medium I,Beras,varian,2025-09-02 00:00:00,16150
Beras Kualitas Medium I,Beras,varian,2025-09-03 00:00:00,16150
Beras Kualitas Medium I,Beras,varian,2025-09-04 00:00:00,16150
Beras Kualitas Medium I,Beras,varian,2025-09-05 00:00:00,16150
Beras Kualitas Medium I,Beras,varian,2025-09-08 00:00:00,16400
Beras Kualitas Medium I,Beras,varian,2025-09-09 00:00:00,16400
Beras Kualitas Medium I,Beras,varian,2025-09-10 00:00:00,16400
Beras Kualitas Medium I,Beras,varian,2025-09-11 00:00:00,16400
Beras Kualitas Medium I,Beras,varian,2025-09-12 00:00:00,16400
Beras Kualitas Medium I,Beras,varian,2025-09-15 00:00:00,16400
Beras Kualitas Medium I,Beras,varian,2025-09-16 00:00:00,16400
Beras Kualitas Medium I,Beras,varian,2025-09-17 00:00:00,16400
Beras Kualitas Medium I,Beras,varian,2025-09-18 00:00:00,16400
Beras Kualitas Medium I,Beras,varian,2025-09-19 00:00:00,16400
Beras Kualitas Medium I,Beras,varian,2025-09-22 00:00:00,16400
Beras Kualitas Medium I,Beras,varian,2025-09-23 00:00:00,16400
Beras Kualitas Medium I,Beras,varian,2025-09-24 00:00:00,16400
Beras Kualitas Medium I,Beras,varian,2025-09-25 00:00:00,16400
Beras Kualitas Medium I,Beras,varian,2025-09-26 00:00:00,16400
Beras Kualitas Medium I,Beras,varian,2025-09-29 00:00:00,16400
Beras Kualitas Medium I,Beras,varian,2025-09-30 00:00:00,16400
Beras Kualitas Medium I,Beras,varian,2025-10-01 00:00:00,16400
Beras Kualitas Medium I,Beras,varian,2025-10-02 00:00:00,16400
Beras Kualitas Medium I,Beras,varian,2025-10-03 00:00:00,16400
Beras Kualitas Medium I,Beras,varian,2025-10-06 00:00:00,16400
Beras Kualitas Medium I,Beras,varian,2025-10-07 00:00:00,16150
Beras Kualitas Medium I,Beras,varian,2025-10-08 00:00:00,16150
Beras Kualitas Medium I,Beras,varian,2025-10-09 00:00:00,16150
Beras Kualitas Medium I,Beras,varian,2025-10-10 00:00:00,16150
Beras Kualitas Medium I,Beras,varian,2025-10-13 00:00:00,16150
Beras Kualitas Medium I,Beras,varian,2025-10-14 00:00:00,16150
Beras Kualitas Medium I,Beras,varian,2025-10-15 00:00:00,16150
Beras Kualitas Medium I,Beras,varian,2025-10-16 00:00:00,16000
Beras Kualitas Medium I,Beras,varian,2025-10-17 00:00:00,16000
Beras Kualitas Medium I,Beras,varian,2025-10-20 00:00:00,16000
Beras Kualitas Medium I,Beras,varian,2025-10-21 00:00:00,16000
Beras Kualitas Medium I,Beras,varian,2025-10-22 00:00:00,16000
Beras Kualitas Medium I,Beras,varian,2025-10-23 00:00:00,15900
Beras Kualitas Medium I,Beras,varian,2025-10-24 00:00:00,15900
Beras Kualitas Medium I,Beras,varian,2025-10-27 00:00:00,15900
Beras Kualitas Medium I,Beras,varian,2025-10-28 00:00:00,15900
Beras Kualitas Medium I,Beras,varian,2025-10-29 00:00:00,15900
Beras Kualitas Medium I,Beras,varian,2025-10-30 00:00:00,15900
Beras Kualitas Medium I,Beras,varian,2025-10-31 00:00:00,15900
Beras Kualitas Medium I,Beras,varian,2025-11-03 00:00:00,15900
Beras Kualitas Medium I,Beras,varian,2025-11-04 00:00:00,15900
Beras Kualitas Medium I,Beras,varian,2025-11-05 00:00:00,15900
Beras Kualitas Medium I,Beras,varian,2025-11-06 00:00:00,15900
Beras Kualitas Medium I,Beras,varian,2025-11-07 00:00:00,15900
Beras Kualitas Medium I,Beras,varian,2025-11-10 00:00:00,15650
Beras Kualitas Medium I,Beras,varian,2025-11-11 00:00:00,15650
Beras Kualitas Medium I,Beras,varian,2025-11-12 00:00:00,15650
Beras Kualitas Medium I,Beras,varian,2025-11-13 00:00:00,15650
Beras Kualitas Medium I,Beras,varian,2025-11-14 00:00:00,15650
Beras Kualitas Medium I,Beras,varian,2025-11-17 00:00:00,15650
Beras Kualitas Medium I,Beras,varian,2025-11-18 00:00:00,15650
Beras Kualitas Medium I,Beras,varian,2025-11-19 00:00:00,15650
Beras Kualitas Medium I,Beras,varian,2025-11-20 00:00:00,14750
Beras Kualitas Medium I,Beras,varian,2025-11-21 00:00:00,14750
Beras Kualitas Medium I,Beras,varian,2025-11-24 00:00:00,14750
Beras Kualitas Medium I,Beras,varian,2025-11-25 00:00:00,14750
Beras Kualitas Medium I,Beras,varian,2025-11-26 00:00:00,14750
Beras Kualitas Medium I,Beras,varian,2025-11-27 00:00:00,14750
Beras Kualitas Medium I,Beras,varian,2025-11-28 00:00:00,14750
Beras Kualitas Medium I,Beras,varian,2025-12-01 00:00:00,14750
Beras Kualitas Medium I,Beras,varian,2025-12-02 00:00:00,14750
Beras Kualitas Medium I,Beras,varian,2025-12-03 00:00:00,14750
Beras Kualitas Medium I,Beras,varian,2025-12-04 00:00:00,14750
Beras Kualitas Medium I,Beras,varian,2025-12-05 00:00:00,14750
Beras Kualitas Medium I,Beras,varian,2025-12-08 00:00:00,14750
Beras Kualitas Medium I,Beras,varian,2025-12-09 00:00:00,14750
Beras Kualitas Medium I,Beras,varian,2025-12-10 00:00:00,14750
Beras Kualitas Medium I,Beras,varian,2025-12-11 00:00:00,14750
Beras Kualitas Medium I,Beras,varian,2025-12-12 00:00:00,14750
Beras Kualitas Medium I,Beras,varian,2025-12-15 00:00:00,14750
Beras Kualitas Medium I,Beras,varian,2025-12-16 00:00:00,14750
Beras Kualitas Medium I,Beras,varian,2025-12-17 00:00:00,14750
Beras Kualitas Medium I,Beras,varian,2025-12-18 00:00:00,14750
Beras Kualitas Medium I,Beras,varian,2025-12-19 00:00:00,14900
Beras Kualitas Medium I,Beras,varian,2025-12-22 00:00:00,14900
Beras Kualitas Medium I,Beras,varian,2025-12-23 00:00:00,14900
Beras Kualitas Medium I,Beras,varian,2025-12-24 00:00:00,14900
Beras Kualitas Medium I,Beras,varian,2025-12-25 00:00:00,14900
Beras Kualitas Medium I,Beras,varian,2025-12-26 00:00:00,14900
Beras Kualitas Medium I,Beras,varian,2025-12-29 00:00:00,15000
Beras Kualitas Medium I,Beras,varian,2025-12-30 00:00:00,15000
Beras Kualitas Medium I,Beras,varian,2025-12-31 00:00:00,15000
Beras Kualitas Medium I,Beras,varian,2026-01-01 00:00:00,15000
Beras Kualitas Medium I,Beras,varian,2026-01-02 00:00:00,15000
Beras Kualitas Medium I,Beras,varian,2026-01-05 00:00:00,15000
Beras Kualitas Medium I,Beras,varian,2026-01-06 00:00:00,15000
Beras Kualitas Medium I,Beras,varian,2026-01-07 00:00:00,15000
Beras Kualitas Medium I,Beras,varian,2026-01-08 00:00:00,15000
Beras Kualitas Medium I,Beras,varian,2026-01-09 00:00:00,15000
Beras Kualitas Medium I,Beras,varian,2026-01-12 00:00:00,15000
Beras Kualitas Medium I,Beras,varian,2026-01-13 00:00:00,15000
Beras Kualitas Medium I,Beras,varian,2026-01-14 00:00:00,15000
Beras Kualitas Medium I,Beras,varian,2026-01-15 00:00:00,15000
Beras Kualitas Medium I,Beras,varian,2026-01-16 00:00:00,15000
Beras Kualitas Medium I,Beras,varian,2026-01-19 00:00:00,15000
Beras Kualitas Medium I,Beras,varian,2026-01-20 00:00:00,15000
Beras Kualitas Medium I,Beras,varian,2026-01-21 00:00:00,15000
Beras Kualitas Medium I,Beras,varian,2026-01-22 00:00:00,15000
Beras Kualitas Medium I,Beras,varian,2026-01-23 00:00:00,15000
Beras Kualitas Medium I,Beras,varian,2026-01-26 00:00:00,15000
Beras Kualitas Medium I,Beras,varian,2026-01-27 00:00:00,15000
Beras Kualitas Medium I,Beras,varian,2026-01-28 00:00:00,15000
Beras Kualitas Medium I,Beras,varian,2026-01-29 00:00:00,15000
Beras Kualitas Medium I,Beras,varian,2026-01-30 00:00:00,15000
Beras Kualitas Medium I,Beras,varian,2026-02-02 00:00:00,15000
Beras Kualitas Medium I,Beras,varian,2026-02-03 00:00:00,15000
Beras Kualitas Medium I,Beras,varian,2026-02-04 00:00:00,15000
Beras Kualitas Medium I,Beras,varian,2026-02-05 00:00:00,15000
Beras Kualitas Medium I,Beras,varian,2026-02-06 00:00:00,15000
Beras Kualitas Medium I,Beras,varian,2026-02-09 00:00:00,15000
Beras Kualitas Medium I,Beras,varian,2026-02-10 00:00:00,15000
Beras Kualitas Medium I,Beras,varian,2026-02-11 00:00:00,15000
Beras Kualitas Medium I,Beras,varian,2026-02-12 00:00:00,15000
Beras Kualitas Medium I,Beras,varian,2026-02-13 00:00:00,15000
Beras Kualitas Medium I,Beras,varian,2026-02-16 00:00:00,15000
Beras Kualitas Medium I,Beras,varian,2026-02-17 00:00:00,15000
Beras Kualitas Medium I,Beras,varian,2026-02-18 00:00:00,15000
Beras Kualitas Medium I,Beras,varian,2026-02-19 00:00:00,15000
Beras Kualitas Medium I,Beras,varian,2026-02-20 00:00:00,15000
Beras Kualitas Medium I,Beras,varian,2026-02-23 00:00:00,15000
Beras Kualitas Medium I,Beras,varian,2026-02-24 00:00:00,15000
Beras Kualitas Medium I,Beras,varian,2026-02-25 00:00:00,15000
Beras Kualitas Medium I,Beras,varian,2026-02-26 00:00:00,15000
Beras Kualitas Medium I,Beras,varian,2026-02-27 00:00:00,15000
Beras Kualitas Medium I,Beras,varian,2026-03-02 00:00:00,15000
Beras Kualitas Medium I,Beras,varian,2026-03-03 00:00:00,15000
Beras Kualitas Medium I,Beras,varian,2026-03-04 00:00:00,15000
Beras Kualitas Medium I,Beras,varian,2026-03-05 00:00:00,15000
Beras Kualitas Medium I,Beras,varian,2026-03-06 00:00:00,15000
Beras Kualitas Medium I,Beras,varian,2026-03-09 00:00:00,15000
Beras Kualitas Medium I,Beras,varian,2026-03-10 00:00:00,15000
Beras Kualitas Medium I,Beras,varian,2026-03-11 00:00:00,15000
Beras Kualitas Medium I,Beras,varian,2026-03-12 00:00:00,15000
Beras Kualitas Medium I,Beras,varian,2026-03-13 00:00:00,15000
Beras Kualitas Medium I,Beras,varian,2026-03-16 00:00:00,15000
Beras Kualitas Medium I,Beras,varian,2026-03-17 00:00:00,15000
Beras Kualitas Medium I,Beras,varian,2026-03-18 00:00:00,15000
Beras Kualitas Medium I,Beras,varian,2026-03-19 00:00:00,15000
Beras Kualitas Medium I,Beras,varian,2026-03-20 00:00:00,15000
Beras Kualitas Medium I,Beras,varian,2026-03-23 00:00:00,15000
Beras Kualitas Medium I,Beras,varian,2026-03-24 00:00:00,15000
Beras Kualitas Medium I,Beras,varian,2026-03-25 00:00:00,15000
Beras Kualitas Medium I,Beras,varian,2026-03-26 00:00:00,15000
Beras Kualitas Medium I,Beras,varian,2026-03-27 00:00:00,15000
Beras Kualitas Medium I,Beras,varian,2026-03-30 00:00:00,15000
Beras Kualitas Medium I,Beras,varian,2026-03-31 00:00:00,15000
Beras Kualitas Medium I,Beras,varian,2026-04-01 00:00:00,15000
Beras Kualitas Medium I,Beras,varian,2026-04-02 00:00:00,15000
Beras Kualitas Medium I,Beras,varian,2026-04-03 00:00:00,15000
Beras Kualitas Medium I,Beras,varian,2026-04-06 00:00:00,15000
Beras Kualitas Medium I,Beras,varian,2026-04-07 00:00:00,15000
Beras Kualitas Medium I,Beras,varian,2026-04-08 00:00:00,15000
Beras Kualitas Medium I,Beras,varian,2026-04-09 00:00:00,15000
Beras Kualitas Medium I,Beras,varian,2026-04-10 00:00:00,15000
Beras Kualitas Medium I,Beras,varian,2026-04-13 00:00:00,15000
Beras Kualitas Medium I,Beras,varian,2026-04-14 00:00:00,15000
Beras Kualitas Medium I,Beras,varian,2026-04-15 00:00:00,15000
Beras Kualitas Medium I,Beras,varian,2026-04-16 00:00:00,15000
Beras Kualitas Medium I,Beras,varian,2026-04-17 00:00:00,15000
Beras Kualitas Medium I,Beras,varian,2026-04-20 00:00:00,14900
Beras Kualitas Medium I,Beras,varian,2026-04-21 00:00:00,14900
Beras Kualitas Medium I,Beras,varian,2026-04-22 00:00:00,14900
Beras Kualitas Medium I,Beras,varian,2026-04-23 00:00:00,14900
Beras Kualitas Medium I,Beras,varian,2026-04-24 00:00:00,14900
Beras Kualitas Medium I,Beras,varian,2026-04-27 00:00:00,14900
Beras Kualitas Medium I,Beras,varian,2026-04-28 00:00:00,14900
Beras Kualitas Medium I,Beras,varian,2026-04-29 00:00:00,14900
Beras Kualitas Medium I,Beras,varian,2026-04-30 00:00:00,14900
Beras Kualitas Medium I,Beras,varian,2026-05-01 00:00:00,14900
Beras Kualitas Medium I,Beras,varian,2026-05-04 00:00:00,14900
Beras Kualitas Medium I,Beras,varian,2026-05-05 00:00:00,14900
Beras Kualitas Medium I,Beras,varian,2026-05-06 00:00:00,14900
Beras Kualitas Medium I,Beras,varian,2026-05-07 00:00:00,14900
Beras Kualitas Medium I,Beras,varian,2026-05-08 00:00:00,15000
Beras Kualitas Medium I,Beras,varian,2026-05-11 00:00:00,15000
Beras Kualitas Medium I,Beras,varian,2026-05-12 00:00:00,15000
Beras Kualitas Medium I,Beras,varian,2026-05-13 00:00:00,15000
Beras Kualitas Medium I,Beras,varian,2026-05-14 00:00:00,15000
Beras Kualitas Medium I,Beras,varian,2026-05-15 00:00:00,15000
Beras Kualitas Medium I,Beras,varian,2026-05-18 00:00:00,15000
Beras Kualitas Medium I,Beras,varian,2026-05-19 00:00:00,15000
Beras Kualitas Medium I,Beras,varian,2026-05-20 00:00:00,15000
Beras Kualitas Medium I,Beras,varian,2026-05-21 00:00:00,15150
Beras Kualitas Medium I,Beras,varian,2026-05-22 00:00:00,15150
Beras Kualitas Medium I,Beras,varian,2026-05-25 00:00:00,15150
Beras Kualitas Medium I,Beras,varian,2026-05-26 00:00:00,15150
Beras Kualitas Medium I,Beras,varian,2026-05-27 00:00:00,15150
Beras Kualitas Medium I,Beras,varian,2026-05-28 00:00:00,15150
Beras Kualitas Medium I,Beras,varian,2026-05-29 00:00:00,15150
Beras Kualitas Medium I,Beras,varian,2026-06-01 00:00:00,15150
Beras Kualitas Medium I,Beras,varian,2026-06-02 00:00:00,15250
Beras Kualitas Medium I,Beras,varian,2026-06-03 00:00:00,15250
Beras Kualitas Medium I,Beras,varian,2026-06-04 00:00:00,15250
Beras Kualitas Medium I,Beras,varian,2026-06-05 00:00:00,15250
Beras Kualitas Medium I,Beras,varian,2026-06-08 00:00:00,15650
Beras Kualitas Medium I,Beras,varian,2026-06-09 00:00:00,15650
Beras Kualitas Medium I,Beras,varian,2026-06-10 00:00:00,15650
Beras Kualitas Medium I,Beras,varian,2026-06-11 00:00:00,15750
Beras Kualitas Medium I,Beras,varian,2026-06-12 00:00:00,15750
Beras Kualitas Medium I,Beras,varian,2026-06-15 00:00:00,15900
Beras Kualitas Medium I,Beras,varian,2026-06-16 00:00:00,15900
Beras Kualitas Medium I,Beras,varian,2026-06-17 00:00:00,15900
Beras Kualitas Medium I,Beras,varian,2026-06-18 00:00:00,15900
Beras Kualitas Medium I,Beras,varian,2026-06-19 00:00:00,15900
Beras Kualitas Medium I,Beras,varian,2026-06-22 00:00:00,16000
Beras Kualitas Medium I,Beras,varian,2026-06-23 00:00:00,16000
Beras Kualitas Medium I,Beras,varian,2026-06-24 00:00:00,16250
Beras Kualitas Medium I,Beras,varian,2026-06-25 00:00:00,16250
Beras Kualitas Medium I,Beras,varian,2026-06-26 00:00:00,16250
Beras Kualitas Medium I,Beras,varian,2026-06-29 00:00:00,16250
Beras Kualitas Medium I,Beras,varian,2026-06-30 00:00:00,16250
Beras Kualitas Medium I,Beras,varian,2026-07-01 00:00:00,16250
Beras Kualitas Medium I,Beras,varian,2026-07-02 00:00:00,16250
Beras Kualitas Medium I,Beras,varian,2026-07-03 00:00:00,16250
Beras Kualitas Medium I,Beras,varian,2026-07-06 00:00:00,16250
Beras Kualitas Medium I,Beras,varian,2026-07-07 00:00:00,16250
Beras Kualitas Medium I,Beras,varian,2026-07-08 00:00:00,16250
Beras Kualitas Medium I,Beras,varian,2026-07-09 00:00:00,16250
Beras Kualitas Medium I,Beras,varian,2026-07-10 00:00:00,16500
Beras Kualitas Medium I,Beras,varian,2026-07-13 00:00:00,16500
Beras Kualitas Medium I,Beras,varian,2026-07-14 00:00:00,16500
Beras Kualitas Medium I,Beras,varian,2026-07-15 00:00:00,16500
Beras Kualitas Medium I,Beras,varian,2026-07-16 00:00:00,16500
Beras Kualitas Medium I,Beras,varian,2026-07-17 00:00:00,16500
Beras Kualitas Medium I,Beras,varian,2026-07-20 00:00:00,16500
Beras Kualitas Medium I,Beras,varian,2026-07-21 00:00:00,16500
Beras Kualitas Medium I,Beras,varian,2026-07-22 00:00:00,16500
Beras Kualitas Medium I,Beras,varian,2026-07-23 00:00:00,16500
Beras Kualitas Medium I,Beras,varian,2026-07-24 00:00:00,16500
Beras Kualitas Medium I,Beras,varian,2026-07-27 00:00:00,16500
Beras Kualitas Medium I,Beras,varian,2026-07-28 00:00:00,16500
Beras Kualitas Medium I,Beras,varian,2026-07-29 00:00:00,16500
Beras Kualitas Medium I,Beras,varian,2026-07-30 00:00:00,16500
Beras Kualitas Medium I,Beras,varian,2026-07-31 00:00:00,16500
Beras Kualitas Medium I,Beras,varian,2026-08-03 00:00:00,16500
Beras Kualitas Medium I,Beras,varian,2026-08-04 00:00:00,16500
Beras Kualitas Medium I,Beras,varian,2026-08-05 00:00:00,16500
Beras Kualitas Medium I,Beras,varian,2026-08-06 00:00:00,16500
Beras Kualitas Medium I,Beras,varian,2026-08-07 00:00:00,16500
Beras Kualitas Medium I,Beras,varian,2026-08-10 00:00:00,16500
Beras Kualitas Medium I,Beras,varian,2026-08-11 00:00:00,16500
Beras Kualitas Medium I,Beras,varian,2026-08-12 00:00:00,16500
Beras Kualitas Medium I,Beras,varian,2026-08-13 00:00:00,16500
Beras Kualitas Medium I,Beras,varian,2026-08-14 00:00:00,16500
Beras Kualitas Medium I,Beras,varian,2026-08-17 00:00:00,16500
Beras Kualitas Medium I,Beras,varian,2026-08-18 00:00:00,16500
Beras Kualitas Medium I,Beras,varian,2026-08-19 00:00:00,16500
Beras Kualitas Medium I,Beras,varian,2026-08-20 00:00:00,16500
Beras Kualitas Medium I,Beras,varian,2026-08-21 00:00:00,16500
Beras Kualitas Medium I,Beras,varian,2026-08-24 00:00:00,16500
Beras Kualitas Medium I,Beras,varian,2026-08-25 00:00:00,16500
Beras Kualitas Medium I,Beras,varian,2026-08-26 00:00:00,16500
Beras Kualitas Medium I,Beras,varian,2026-08-27 00:00:00,16500
Beras Kualitas Medium I,Beras,varian,2026-08-28 00:00:00,16500
Beras Kualitas Medium I,Beras,varian,2026-08-31 00:00:00,16500
Beras Kualitas Medium I,Beras,varian,2026-09-01 00:00:00,16500
Beras Kualitas Medium I,Beras,varian,2026-09-02 00:00:00,16500
Beras Kualitas Medium I,Beras,varian,2026-09-03 00:00:00,16500
Beras Kualitas Medium I,Beras,varian,2026-09-04 00:00:00,16500
Beras Kualitas Medium I,Beras,varian,2026-09-07 00:00:00,16500
Beras Kualitas Medium I,Beras,varian,2026-09-08 00:00:00,16500
Beras Kualitas Medium II,Beras,varian,2025-01-01 00:00:00,13900
Beras Kualitas Medium II,Beras,varian,2025-01-02 00:00:00,13900
Beras Kualitas Medium II,Beras,varian,2025-01-03 00:00:00,13900
Beras Kualitas Medium II,Beras,varian,2025-01-06 00:00:00,14150
Beras Kualitas Medium II,Beras,varian,2025-01-07 00:00:00,14150
Beras Kualitas Medium II,Beras,varian,2025-01-08 00:00:00,14150
Beras Kualitas Medium II,Beras,varian,2025-01-09 00:00:00,14150
Beras Kualitas Medium II,Beras,varian,2025-01-10 00:00:00,14150
Beras Kualitas Medium II,Beras,varian,2025-01-13 00:00:00,14150
Beras Kualitas Medium II,Beras,varian,2025-01-14 00:00:00,14150
Beras Kualitas Medium II,Beras,varian,2025-01-15 00:00:00,14150
Beras Kualitas Medium II,Beras,varian,2025-01-16 00:00:00,14150
Beras Kualitas Medium II,Beras,varian,2025-01-17 00:00:00,14150
Beras Kualitas Medium II,Beras,varian,2025-01-20 00:00:00,14150
Beras Kualitas Medium II,Beras,varian,2025-01-21 00:00:00,14150
Beras Kualitas Medium II,Beras,varian,2025-01-22 00:00:00,14150
Beras Kualitas Medium II,Beras,varian,2025-01-23 00:00:00,14150
Beras Kualitas Medium II,Beras,varian,2025-01-24 00:00:00,14150
Beras Kualitas Medium II,Beras,varian,2025-01-27 00:00:00,14150
Beras Kualitas Medium II,Beras,varian,2025-01-28 00:00:00,14150
Beras Kualitas Medium II,Beras,varian,2025-01-29 00:00:00,14150
Beras Kualitas Medium II,Beras,varian,2025-01-30 00:00:00,14000
Beras Kualitas Medium II,Beras,varian,2025-01-31 00:00:00,14100
Beras Kualitas Medium II,Beras,varian,2025-02-03 00:00:00,14100
Beras Kualitas Medium II,Beras,varian,2025-02-04 00:00:00,14100
Beras Kualitas Medium II,Beras,varian,2025-02-05 00:00:00,14100
Beras Kualitas Medium II,Beras,varian,2025-02-06 00:00:00,14100
Beras Kualitas Medium II,Beras,varian,2025-02-07 00:00:00,14250
Beras Kualitas Medium II,Beras,varian,2025-02-10 00:00:00,14250
Beras Kualitas Medium II,Beras,varian,2025-02-11 00:00:00,14250
Beras Kualitas Medium II,Beras,varian,2025-02-12 00:00:00,14250
Beras Kualitas Medium II,Beras,varian,2025-02-13 00:00:00,14250
Beras Kualitas Medium II,Beras,varian,2025-02-14 00:00:00,14250
Beras Kualitas Medium II,Beras,varian,2025-02-17 00:00:00,14250
Beras Kualitas Medium II,Beras,varian,2025-02-18 00:00:00,14250
Beras Kualitas Medium II,Beras,varian,2025-02-19 00:00:00,14250
Beras Kualitas Medium II,Beras,varian,2025-02-20 00:00:00,14250
Beras Kualitas Medium II,Beras,varian,2025-02-21 00:00:00,14250
Beras Kualitas Medium II,Beras,varian,2025-02-24 00:00:00,14250
Beras Kualitas Medium II,Beras,varian,2025-02-25 00:00:00,14250
Beras Kualitas Medium II,Beras,varian,2025-02-26 00:00:00,14250
Beras Kualitas Medium II,Beras,varian,2025-02-27 00:00:00,14250
Beras Kualitas Medium II,Beras,varian,2025-02-28 00:00:00,14250
Beras Kualitas Medium II,Beras,varian,2025-03-03 00:00:00,14250
Beras Kualitas Medium II,Beras,varian,2025-03-04 00:00:00,14250
Beras Kualitas Medium II,Beras,varian,2025-03-05 00:00:00,14250
Beras Kualitas Medium II,Beras,varian,2025-03-06 00:00:00,14250
Beras Kualitas Medium II,Beras,varian,2025-03-07 00:00:00,14250
Beras Kualitas Medium II,Beras,varian,2025-03-10 00:00:00,14250
Beras Kualitas Medium II,Beras,varian,2025-03-11 00:00:00,14250
Beras Kualitas Medium II,Beras,varian,2025-03-12 00:00:00,14250
Beras Kualitas Medium II,Beras,varian,2025-03-13 00:00:00,14250
Beras Kualitas Medium II,Beras,varian,2025-03-14 00:00:00,14250
Beras Kualitas Medium II,Beras,varian,2025-03-17 00:00:00,14250
Beras Kualitas Medium II,Beras,varian,2025-03-18 00:00:00,14250
Beras Kualitas Medium II,Beras,varian,2025-03-19 00:00:00,14250
Beras Kualitas Medium II,Beras,varian,2025-03-20 00:00:00,14250
Beras Kualitas Medium II,Beras,varian,2025-03-21 00:00:00,14250
Beras Kualitas Medium II,Beras,varian,2025-03-24 00:00:00,14250
Beras Kualitas Medium II,Beras,varian,2025-03-25 00:00:00,14250
Beras Kualitas Medium II,Beras,varian,2025-03-26 00:00:00,14250
Beras Kualitas Medium II,Beras,varian,2025-03-27 00:00:00,14250
Beras Kualitas Medium II,Beras,varian,2025-03-28 00:00:00,14250
Beras Kualitas Medium II,Beras,varian,2025-03-31 00:00:00,14250
Beras Kualitas Medium II,Beras,varian,2025-04-01 00:00:00,14250
Beras Kualitas Medium II,Beras,varian,2025-04-02 00:00:00,14250
Beras Kualitas Medium II,Beras,varian,2025-04-03 00:00:00,14250
Beras Kualitas Medium II,Beras,varian,2025-04-04 00:00:00,14250
Beras Kualitas Medium II,Beras,varian,2025-04-07 00:00:00,14250
Beras Kualitas Medium II,Beras,varian,2025-04-08 00:00:00,14250
Beras Kualitas Medium II,Beras,varian,2025-04-09 00:00:00,14250
Beras Kualitas Medium II,Beras,varian,2025-04-10 00:00:00,14750
Beras Kualitas Medium II,Beras,varian,2025-04-11 00:00:00,14750
Beras Kualitas Medium II,Beras,varian,2025-04-14 00:00:00,14850
Beras Kualitas Medium II,Beras,varian,2025-04-15 00:00:00,14950
Beras Kualitas Medium II,Beras,varian,2025-04-16 00:00:00,14950
Beras Kualitas Medium II,Beras,varian,2025-04-17 00:00:00,14700
Beras Kualitas Medium II,Beras,varian,2025-04-18 00:00:00,14700
Beras Kualitas Medium II,Beras,varian,2025-04-21 00:00:00,14700
Beras Kualitas Medium II,Beras,varian,2025-04-22 00:00:00,14700
Beras Kualitas Medium II,Beras,varian,2025-04-23 00:00:00,14700
Beras Kualitas Medium II,Beras,varian,2025-04-24 00:00:00,14700
Beras Kualitas Medium II,Beras,varian,2025-04-25 00:00:00,14700
Beras Kualitas Medium II,Beras,varian,2025-04-28 00:00:00,14700
Beras Kualitas Medium II,Beras,varian,2025-04-29 00:00:00,14700
Beras Kualitas Medium II,Beras,varian,2025-04-30 00:00:00,14700
Beras Kualitas Medium II,Beras,varian,2025-05-01 00:00:00,14700
Beras Kualitas Medium II,Beras,varian,2025-05-02 00:00:00,14700
Beras Kualitas Medium II,Beras,varian,2025-05-05 00:00:00,14700
Beras Kualitas Medium II,Beras,varian,2025-05-06 00:00:00,14700
Beras Kualitas Medium II,Beras,varian,2025-05-07 00:00:00,14700
Beras Kualitas Medium II,Beras,varian,2025-05-08 00:00:00,14700
Beras Kualitas Medium II,Beras,varian,2025-05-09 00:00:00,14700
Beras Kualitas Medium II,Beras,varian,2025-05-12 00:00:00,14700
Beras Kualitas Medium II,Beras,varian,2025-05-13 00:00:00,14700
Beras Kualitas Medium II,Beras,varian,2025-05-14 00:00:00,14700
Beras Kualitas Medium II,Beras,varian,2025-05-15 00:00:00,14850
Beras Kualitas Medium II,Beras,varian,2025-05-16 00:00:00,14950
Beras Kualitas Medium II,Beras,varian,2025-05-19 00:00:00,15050
Beras Kualitas Medium II,Beras,varian,2025-05-20 00:00:00,15050
Beras Kualitas Medium II,Beras,varian,2025-05-21 00:00:00,15050
Beras Kualitas Medium II,Beras,varian,2025-05-22 00:00:00,15200
Beras Kualitas Medium II,Beras,varian,2025-05-23 00:00:00,15050
Beras Kualitas Medium II,Beras,varian,2025-05-26 00:00:00,15050
Beras Kualitas Medium II,Beras,varian,2025-05-27 00:00:00,15050
Beras Kualitas Medium II,Beras,varian,2025-05-28 00:00:00,15050
Beras Kualitas Medium II,Beras,varian,2025-05-29 00:00:00,15050
Beras Kualitas Medium II,Beras,varian,2025-05-30 00:00:00,15050
Beras Kualitas Medium II,Beras,varian,2025-06-02 00:00:00,15050
Beras Kualitas Medium II,Beras,varian,2025-06-03 00:00:00,15050
Beras Kualitas Medium II,Beras,varian,2025-06-04 00:00:00,15050
Beras Kualitas Medium II,Beras,varian,2025-06-05 00:00:00,15050
Beras Kualitas Medium II,Beras,varian,2025-06-06 00:00:00,15050
Beras Kualitas Medium II,Beras,varian,2025-06-09 00:00:00,15050
Beras Kualitas Medium II,Beras,varian,2025-06-10 00:00:00,15450
Beras Kualitas Medium II,Beras,varian,2025-06-11 00:00:00,15450
Beras Kualitas Medium II,Beras,varian,2025-06-12 00:00:00,15450
Beras Kualitas Medium II,Beras,varian,2025-06-13 00:00:00,15450
Beras Kualitas Medium II,Beras,varian,2025-06-16 00:00:00,15450
Beras Kualitas Medium II,Beras,varian,2025-06-17 00:00:00,15450
Beras Kualitas Medium II,Beras,varian,2025-06-18 00:00:00,15550
Beras Kualitas Medium II,Beras,varian,2025-06-19 00:00:00,15650
Beras Kualitas Medium II,Beras,varian,2025-06-20 00:00:00,15650
Beras Kualitas Medium II,Beras,varian,2025-06-23 00:00:00,16500
Beras Kualitas Medium II,Beras,varian,2025-06-24 00:00:00,16500
Beras Kualitas Medium II,Beras,varian,2025-06-25 00:00:00,16500
Beras Kualitas Medium II,Beras,varian,2025-06-26 00:00:00,16500
Beras Kualitas Medium II,Beras,varian,2025-06-27 00:00:00,16500
Beras Kualitas Medium II,Beras,varian,2025-06-30 00:00:00,16500
Beras Kualitas Medium II,Beras,varian,2025-07-01 00:00:00,16500
Beras Kualitas Medium II,Beras,varian,2025-07-02 00:00:00,16500
Beras Kualitas Medium II,Beras,varian,2025-07-03 00:00:00,16500
Beras Kualitas Medium II,Beras,varian,2025-07-04 00:00:00,16500
Beras Kualitas Medium II,Beras,varian,2025-07-07 00:00:00,16500
Beras Kualitas Medium II,Beras,varian,2025-07-08 00:00:00,16500
Beras Kualitas Medium II,Beras,varian,2025-07-09 00:00:00,16500
Beras Kualitas Medium II,Beras,varian,2025-07-10 00:00:00,16500
Beras Kualitas Medium II,Beras,varian,2025-07-11 00:00:00,16500
Beras Kualitas Medium II,Beras,varian,2025-07-14 00:00:00,16500
Beras Kualitas Medium II,Beras,varian,2025-07-15 00:00:00,16500
Beras Kualitas Medium II,Beras,varian,2025-07-16 00:00:00,16500
Beras Kualitas Medium II,Beras,varian,2025-07-17 00:00:00,16500
Beras Kualitas Medium II,Beras,varian,2025-07-18 00:00:00,16500
Beras Kualitas Medium II,Beras,varian,2025-07-21 00:00:00,16500
Beras Kualitas Medium II,Beras,varian,2025-07-22 00:00:00,16500
Beras Kualitas Medium II,Beras,varian,2025-07-23 00:00:00,16500
Beras Kualitas Medium II,Beras,varian,2025-07-24 00:00:00,16500
Beras Kualitas Medium II,Beras,varian,2025-07-25 00:00:00,16500
Beras Kualitas Medium II,Beras,varian,2025-07-28 00:00:00,16500
Beras Kualitas Medium II,Beras,varian,2025-07-29 00:00:00,16500
Beras Kualitas Medium II,Beras,varian,2025-07-30 00:00:00,16500
Beras Kualitas Medium II,Beras,varian,2025-07-31 00:00:00,16500
Beras Kualitas Medium II,Beras,varian,2025-08-01 00:00:00,16500
Beras Kualitas Medium II,Beras,varian,2025-08-04 00:00:00,16500
Beras Kualitas Medium II,Beras,varian,2025-08-05 00:00:00,16400
Beras Kualitas Medium II,Beras,varian,2025-08-06 00:00:00,16650
Beras Kualitas Medium II,Beras,varian,2025-08-07 00:00:00,16650
Beras Kualitas Medium II,Beras,varian,2025-08-08 00:00:00,16650
Beras Kualitas Medium II,Beras,varian,2025-08-11 00:00:00,16650
Beras Kualitas Medium II,Beras,varian,2025-08-12 00:00:00,16650
Beras Kualitas Medium II,Beras,varian,2025-08-13 00:00:00,16650
Beras Kualitas Medium II,Beras,varian,2025-08-14 00:00:00,16650
Beras Kualitas Medium II,Beras,varian,2025-08-15 00:00:00,16650
Beras Kualitas Medium II,Beras,varian,2025-08-18 00:00:00,16650
Beras Kualitas Medium II,Beras,varian,2025-08-19 00:00:00,16650
Beras Kualitas Medium II,Beras,varian,2025-08-20 00:00:00,16650
Beras Kualitas Medium II,Beras,varian,2025-08-21 00:00:00,16650
Beras Kualitas Medium II,Beras,varian,2025-08-22 00:00:00,16650
Beras Kualitas Medium II,Beras,varian,2025-08-25 00:00:00,16650
Beras Kualitas Medium II,Beras,varian,2025-08-26 00:00:00,16350
Beras Kualitas Medium II,Beras,varian,2025-08-27 00:00:00,16350
Beras Kualitas Medium II,Beras,varian,2025-08-28 00:00:00,16350
Beras Kualitas Medium II,Beras,varian,2025-08-29 00:00:00,16350
Beras Kualitas Medium II,Beras,varian,2025-09-01 00:00:00,16350
Beras Kualitas Medium II,Beras,varian,2025-09-02 00:00:00,16350
Beras Kualitas Medium II,Beras,varian,2025-09-03 00:00:00,16350
Beras Kualitas Medium II,Beras,varian,2025-09-04 00:00:00,16350
Beras Kualitas Medium II,Beras,varian,2025-09-05 00:00:00,16350
Beras Kualitas Medium II,Beras,varian,2025-09-08 00:00:00,16350
Beras Kualitas Medium II,Beras,varian,2025-09-09 00:00:00,16350
Beras Kualitas Medium II,Beras,varian,2025-09-10 00:00:00,16350
Beras Kualitas Medium II,Beras,varian,2025-09-11 00:00:00,16350
Beras Kualitas Medium II,Beras,varian,2025-09-12 00:00:00,16350
Beras Kualitas Medium II,Beras,varian,2025-09-15 00:00:00,16350
Beras Kualitas Medium II,Beras,varian,2025-09-16 00:00:00,16350
Beras Kualitas Medium II,Beras,varian,2025-09-17 00:00:00,16350
Beras Kualitas Medium II,Beras,varian,2025-09-18 00:00:00,16350
Beras Kualitas Medium II,Beras,varian,2025-09-19 00:00:00,16350
Beras Kualitas Medium II,Beras,varian,2025-09-22 00:00:00,16350
Beras Kualitas Medium II,Beras,varian,2025-09-23 00:00:00,16350
Beras Kualitas Medium II,Beras,varian,2025-09-24 00:00:00,16350
Beras Kualitas Medium II,Beras,varian,2025-09-25 00:00:00,16350
Beras Kualitas Medium II,Beras,varian,2025-09-26 00:00:00,16350
Beras Kualitas Medium II,Beras,varian,2025-09-29 00:00:00,16350
Beras Kualitas Medium II,Beras,varian,2025-09-30 00:00:00,16350
Beras Kualitas Medium II,Beras,varian,2025-10-01 00:00:00,16350
Beras Kualitas Medium II,Beras,varian,2025-10-02 00:00:00,16350
Beras Kualitas Medium II,Beras,varian,2025-10-03 00:00:00,16350
Beras Kualitas Medium II,Beras,varian,2025-10-06 00:00:00,16350
Beras Kualitas Medium II,Beras,varian,2025-10-07 00:00:00,16350
Beras Kualitas Medium II,Beras,varian,2025-10-08 00:00:00,16350
Beras Kualitas Medium II,Beras,varian,2025-10-09 00:00:00,16350
Beras Kualitas Medium II,Beras,varian,2025-10-10 00:00:00,16350
Beras Kualitas Medium II,Beras,varian,2025-10-13 00:00:00,16350
Beras Kualitas Medium II,Beras,varian,2025-10-14 00:00:00,16350
Beras Kualitas Medium II,Beras,varian,2025-10-15 00:00:00,16350
Beras Kualitas Medium II,Beras,varian,2025-10-16 00:00:00,16350
Beras Kualitas Medium II,Beras,varian,2025-10-17 00:00:00,16350
Beras Kualitas Medium II,Beras,varian,2025-10-20 00:00:00,16050
Beras Kualitas Medium II,Beras,varian,2025-10-21 00:00:00,16050
Beras Kualitas Medium II,Beras,varian,2025-10-22 00:00:00,15800
Beras Kualitas Medium II,Beras,varian,2025-10-23 00:00:00,15800
Beras Kualitas Medium II,Beras,varian,2025-10-24 00:00:00,15800
Beras Kualitas Medium II,Beras,varian,2025-10-27 00:00:00,15750
Beras Kualitas Medium II,Beras,varian,2025-10-28 00:00:00,15750
Beras Kualitas Medium II,Beras,varian,2025-10-29 00:00:00,15750
Beras Kualitas Medium II,Beras,varian,2025-10-30 00:00:00,15750
Beras Kualitas Medium II,Beras,varian,2025-10-31 00:00:00,15750
Beras Kualitas Medium II,Beras,varian,2025-11-03 00:00:00,15750
Beras Kualitas Medium II,Beras,varian,2025-11-04 00:00:00,15750
Beras Kualitas Medium II,Beras,varian,2025-11-05 00:00:00,15750
Beras Kualitas Medium II,Beras,varian,2025-11-06 00:00:00,15750
Beras Kualitas Medium II,Beras,varian,2025-11-07 00:00:00,15750
Beras Kualitas Medium II,Beras,varian,2025-11-10 00:00:00,15750
Beras Kualitas Medium II,Beras,varian,2025-11-11 00:00:00,15700
Beras Kualitas Medium II,Beras,varian,2025-11-12 00:00:00,15700
Beras Kualitas Medium II,Beras,varian,2025-11-13 00:00:00,15700
Beras Kualitas Medium II,Beras,varian,2025-11-14 00:00:00,15700
Beras Kualitas Medium II,Beras,varian,2025-11-17 00:00:00,15700
Beras Kualitas Medium II,Beras,varian,2025-11-18 00:00:00,15700
Beras Kualitas Medium II,Beras,varian,2025-11-19 00:00:00,15700
Beras Kualitas Medium II,Beras,varian,2025-11-20 00:00:00,15300
Beras Kualitas Medium II,Beras,varian,2025-11-21 00:00:00,15300
Beras Kualitas Medium II,Beras,varian,2025-11-24 00:00:00,15300
Beras Kualitas Medium II,Beras,varian,2025-11-25 00:00:00,15300
Beras Kualitas Medium II,Beras,varian,2025-11-26 00:00:00,15300
Beras Kualitas Medium II,Beras,varian,2025-11-27 00:00:00,15300
Beras Kualitas Medium II,Beras,varian,2025-11-28 00:00:00,15300
Beras Kualitas Medium II,Beras,varian,2025-12-01 00:00:00,15300
Beras Kualitas Medium II,Beras,varian,2025-12-02 00:00:00,15300
Beras Kualitas Medium II,Beras,varian,2025-12-03 00:00:00,15300
Beras Kualitas Medium II,Beras,varian,2025-12-04 00:00:00,15300
Beras Kualitas Medium II,Beras,varian,2025-12-05 00:00:00,15300
Beras Kualitas Medium II,Beras,varian,2025-12-08 00:00:00,15300
Beras Kualitas Medium II,Beras,varian,2025-12-09 00:00:00,15300
Beras Kualitas Medium II,Beras,varian,2025-12-10 00:00:00,15300
Beras Kualitas Medium II,Beras,varian,2025-12-11 00:00:00,15450
Beras Kualitas Medium II,Beras,varian,2025-12-12 00:00:00,15450
Beras Kualitas Medium II,Beras,varian,2025-12-15 00:00:00,15450
Beras Kualitas Medium II,Beras,varian,2025-12-16 00:00:00,15450
Beras Kualitas Medium II,Beras,varian,2025-12-17 00:00:00,15450
Beras Kualitas Medium II,Beras,varian,2025-12-18 00:00:00,15450
Beras Kualitas Medium II,Beras,varian,2025-12-19 00:00:00,15450
Beras Kualitas Medium II,Beras,varian,2025-12-22 00:00:00,15450
Beras Kualitas Medium II,Beras,varian,2025-12-23 00:00:00,15450
Beras Kualitas Medium II,Beras,varian,2025-12-24 00:00:00,15450
Beras Kualitas Medium II,Beras,varian,2025-12-25 00:00:00,15450
Beras Kualitas Medium II,Beras,varian,2025-12-26 00:00:00,15450
Beras Kualitas Medium II,Beras,varian,2025-12-29 00:00:00,15550
Beras Kualitas Medium II,Beras,varian,2025-12-30 00:00:00,15550
Beras Kualitas Medium II,Beras,varian,2025-12-31 00:00:00,15550
Beras Kualitas Medium II,Beras,varian,2026-01-01 00:00:00,15550
Beras Kualitas Medium II,Beras,varian,2026-01-02 00:00:00,15550
Beras Kualitas Medium II,Beras,varian,2026-01-05 00:00:00,15550
Beras Kualitas Medium II,Beras,varian,2026-01-06 00:00:00,15550
Beras Kualitas Medium II,Beras,varian,2026-01-07 00:00:00,15550
Beras Kualitas Medium II,Beras,varian,2026-01-08 00:00:00,15550
Beras Kualitas Medium II,Beras,varian,2026-01-09 00:00:00,15550
Beras Kualitas Medium II,Beras,varian,2026-01-12 00:00:00,15450
Beras Kualitas Medium II,Beras,varian,2026-01-13 00:00:00,15450
Beras Kualitas Medium II,Beras,varian,2026-01-14 00:00:00,15450
Beras Kualitas Medium II,Beras,varian,2026-01-15 00:00:00,15450
Beras Kualitas Medium II,Beras,varian,2026-01-16 00:00:00,15450
Beras Kualitas Medium II,Beras,varian,2026-01-19 00:00:00,15450
Beras Kualitas Medium II,Beras,varian,2026-01-20 00:00:00,15450
Beras Kualitas Medium II,Beras,varian,2026-01-21 00:00:00,15450
Beras Kualitas Medium II,Beras,varian,2026-01-22 00:00:00,15450
Beras Kualitas Medium II,Beras,varian,2026-01-23 00:00:00,15450
Beras Kualitas Medium II,Beras,varian,2026-01-26 00:00:00,15450
Beras Kualitas Medium II,Beras,varian,2026-01-27 00:00:00,15450
Beras Kualitas Medium II,Beras,varian,2026-01-28 00:00:00,15450
Beras Kualitas Medium II,Beras,varian,2026-01-29 00:00:00,15450
Beras Kualitas Medium II,Beras,varian,2026-01-30 00:00:00,15450
Beras Kualitas Medium II,Beras,varian,2026-02-02 00:00:00,15450
Beras Kualitas Medium II,Beras,varian,2026-02-03 00:00:00,15450
Beras Kualitas Medium II,Beras,varian,2026-02-04 00:00:00,15450
Beras Kualitas Medium II,Beras,varian,2026-02-05 00:00:00,15450
Beras Kualitas Medium II,Beras,varian,2026-02-06 00:00:00,15450
Beras Kualitas Medium II,Beras,varian,2026-02-09 00:00:00,15450
Beras Kualitas Medium II,Beras,varian,2026-02-10 00:00:00,15450
Beras Kualitas Medium II,Beras,varian,2026-02-11 00:00:00,15450
Beras Kualitas Medium II,Beras,varian,2026-02-12 00:00:00,15450
Beras Kualitas Medium II,Beras,varian,2026-02-13 00:00:00,15450
Beras Kualitas Medium II,Beras,varian,2026-02-16 00:00:00,15450
Beras Kualitas Medium II,Beras,varian,2026-02-17 00:00:00,15450
Beras Kualitas Medium II,Beras,varian,2026-02-18 00:00:00,15450
Beras Kualitas Medium II,Beras,varian,2026-02-19 00:00:00,15600
Beras Kualitas Medium II,Beras,varian,2026-02-20 00:00:00,15600
Beras Kualitas Medium II,Beras,varian,2026-02-23 00:00:00,15600
Beras Kualitas Medium II,Beras,varian,2026-02-24 00:00:00,15600
Beras Kualitas Medium II,Beras,varian,2026-02-25 00:00:00,15600
Beras Kualitas Medium II,Beras,varian,2026-02-26 00:00:00,15600
Beras Kualitas Medium II,Beras,varian,2026-02-27 00:00:00,15600
Beras Kualitas Medium II,Beras,varian,2026-03-02 00:00:00,15600
Beras Kualitas Medium II,Beras,varian,2026-03-03 00:00:00,15600
Beras Kualitas Medium II,Beras,varian,2026-03-04 00:00:00,15600
Beras Kualitas Medium II,Beras,varian,2026-03-05 00:00:00,15600
Beras Kualitas Medium II,Beras,varian,2026-03-06 00:00:00,15600
Beras Kualitas Medium II,Beras,varian,2026-03-09 00:00:00,15600
Beras Kualitas Medium II,Beras,varian,2026-03-10 00:00:00,15600
Beras Kualitas Medium II,Beras,varian,2026-03-11 00:00:00,15600
Beras Kualitas Medium II,Beras,varian,2026-03-12 00:00:00,15600
Beras Kualitas Medium II,Beras,varian,2026-03-13 00:00:00,15600
Beras Kualitas Medium II,Beras,varian,2026-03-16 00:00:00,15600
Beras Kualitas Medium II,Beras,varian,2026-03-17 00:00:00,15600
Beras Kualitas Medium II,Beras,varian,2026-03-18 00:00:00,15600
Beras Kualitas Medium II,Beras,varian,2026-03-19 00:00:00,15600
Beras Kualitas Medium II,Beras,varian,2026-03-20 00:00:00,15600
Beras Kualitas Medium II,Beras,varian,2026-03-23 00:00:00,15600
Beras Kualitas Medium II,Beras,varian,2026-03-24 00:00:00,15600
Beras Kualitas Medium II,Beras,varian,2026-03-25 00:00:00,15750
Beras Kualitas Medium II,Beras,varian,2026-03-26 00:00:00,15750
Beras Kualitas Medium II,Beras,varian,2026-03-27 00:00:00,15750
Beras Kualitas Medium II,Beras,varian,2026-03-30 00:00:00,15750
Beras Kualitas Medium II,Beras,varian,2026-03-31 00:00:00,15750
Beras Kualitas Medium II,Beras,varian,2026-04-01 00:00:00,16000
Beras Kualitas Medium II,Beras,varian,2026-04-02 00:00:00,16000
Beras Kualitas Medium II,Beras,varian,2026-04-03 00:00:00,16000
Beras Kualitas Medium II,Beras,varian,2026-04-06 00:00:00,16000
Beras Kualitas Medium II,Beras,varian,2026-04-07 00:00:00,16000
Beras Kualitas Medium II,Beras,varian,2026-04-08 00:00:00,16000
Beras Kualitas Medium II,Beras,varian,2026-04-09 00:00:00,16000
Beras Kualitas Medium II,Beras,varian,2026-04-10 00:00:00,16000
Beras Kualitas Medium II,Beras,varian,2026-04-13 00:00:00,16000
Beras Kualitas Medium II,Beras,varian,2026-04-14 00:00:00,16000
Beras Kualitas Medium II,Beras,varian,2026-04-15 00:00:00,16000
Beras Kualitas Medium II,Beras,varian,2026-04-16 00:00:00,16100
Beras Kualitas Medium II,Beras,varian,2026-04-17 00:00:00,16100
Beras Kualitas Medium II,Beras,varian,2026-04-20 00:00:00,16100
Beras Kualitas Medium II,Beras,varian,2026-04-21 00:00:00,16100
Beras Kualitas Medium II,Beras,varian,2026-04-22 00:00:00,16100
Beras Kualitas Medium II,Beras,varian,2026-04-23 00:00:00,16100
Beras Kualitas Medium II,Beras,varian,2026-04-24 00:00:00,16100
Beras Kualitas Medium II,Beras,varian,2026-04-27 00:00:00,16100
Beras Kualitas Medium II,Beras,varian,2026-04-28 00:00:00,16100
Beras Kualitas Medium II,Beras,varian,2026-04-29 00:00:00,16100
Beras Kualitas Medium II,Beras,varian,2026-04-30 00:00:00,16100
Beras Kualitas Medium II,Beras,varian,2026-05-01 00:00:00,16100
Beras Kualitas Medium II,Beras,varian,2026-05-04 00:00:00,16100
Beras Kualitas Medium II,Beras,varian,2026-05-05 00:00:00,16100
Beras Kualitas Medium II,Beras,varian,2026-05-06 00:00:00,16250
Beras Kualitas Medium II,Beras,varian,2026-05-07 00:00:00,16250
Beras Kualitas Medium II,Beras,varian,2026-05-08 00:00:00,16250
Beras Kualitas Medium II,Beras,varian,2026-05-11 00:00:00,16250
Beras Kualitas Medium II,Beras,varian,2026-05-12 00:00:00,16250
Beras Kualitas Medium II,Beras,varian,2026-05-13 00:00:00,16250
Beras Kualitas Medium II,Beras,varian,2026-05-14 00:00:00,16250
Beras Kualitas Medium II,Beras,varian,2026-05-15 00:00:00,16250
Beras Kualitas Medium II,Beras,varian,2026-05-18 00:00:00,16250
Beras Kualitas Medium II,Beras,varian,2026-05-19 00:00:00,16250
Beras Kualitas Medium II,Beras,varian,2026-05-20 00:00:00,16250
Beras Kualitas Medium II,Beras,varian,2026-05-21 00:00:00,16250
Beras Kualitas Medium II,Beras,varian,2026-05-22 00:00:00,16250
Beras Kualitas Medium II,Beras,varian,2026-05-25 00:00:00,16250
Beras Kualitas Medium II,Beras,varian,2026-05-26 00:00:00,16250
Beras Kualitas Medium II,Beras,varian,2026-05-27 00:00:00,16250
Beras Kualitas Medium II,Beras,varian,2026-05-28 00:00:00,16250
Beras Kualitas Medium II,Beras,varian,2026-05-29 00:00:00,16250
Beras Kualitas Medium II,Beras,varian,2026-06-01 00:00:00,16250
Beras Kualitas Medium II,Beras,varian,2026-06-02 00:00:00,16350
Beras Kualitas Medium II,Beras,varian,2026-06-03 00:00:00,16350
Beras Kualitas Medium II,Beras,varian,2026-06-04 00:00:00,16350
Beras Kualitas Medium II,Beras,varian,2026-06-05 00:00:00,16350
Beras Kualitas Medium II,Beras,varian,2026-06-08 00:00:00,16350
Beras Kualitas Medium II,Beras,varian,2026-06-09 00:00:00,16350
Beras Kualitas Medium II,Beras,varian,2026-06-10 00:00:00,16350
Beras Kualitas Medium II,Beras,varian,2026-06-11 00:00:00,16400
Beras Kualitas Medium II,Beras,varian,2026-06-12 00:00:00,16400
Beras Kualitas Medium II,Beras,varian,2026-06-15 00:00:00,16400
Beras Kualitas Medium II,Beras,varian,2026-06-16 00:00:00,16400
Beras Kualitas Medium II,Beras,varian,2026-06-17 00:00:00,16400
Beras Kualitas Medium II,Beras,varian,2026-06-18 00:00:00,16400
Beras Kualitas Medium II,Beras,varian,2026-06-19 00:00:00,16400
Beras Kualitas Medium II,Beras,varian,2026-06-22 00:00:00,16400
Beras Kualitas Medium II,Beras,varian,2026-06-23 00:00:00,16400
Beras Kualitas Medium II,Beras,varian,2026-06-24 00:00:00,16400
Beras Kualitas Medium II,Beras,varian,2026-06-25 00:00:00,16400
Beras Kualitas Medium II,Beras,varian,2026-06-26 00:00:00,16400
Beras Kualitas Medium II,Beras,varian,2026-06-29 00:00:00,16400
Beras Kualitas Medium II,Beras,varian,2026-06-30 00:00:00,16500
Beras Kualitas Medium II,Beras,varian,2026-07-01 00:00:00,16500
Beras Kualitas Medium II,Beras,varian,2026-07-02 00:00:00,16500
Beras Kualitas Medium II,Beras,varian,2026-07-03 00:00:00,16500
Beras Kualitas Medium II,Beras,varian,2026-07-06 00:00:00,16500
Beras Kualitas Medium II,Beras,varian,2026-07-07 00:00:00,16500
Beras Kualitas Medium II,Beras,varian,2026-07-08 00:00:00,16500
Beras Kualitas Medium II,Beras,varian,2026-07-09 00:00:00,16500
Beras Kualitas Medium II,Beras,varian,2026-07-10 00:00:00,16750
Beras Kualitas Medium II,Beras,varian,2026-07-13 00:00:00,16750
Beras Kualitas Medium II,Beras,varian,2026-07-14 00:00:00,16750
Beras Kualitas Medium II,Beras,varian,2026-07-15 00:00:00,16750
Beras Kualitas Medium II,Beras,varian,2026-07-16 00:00:00,16750
Beras Kualitas Medium II,Beras,varian,2026-07-17 00:00:00,16750
Beras Kualitas Medium II,Beras,varian,2026-07-20 00:00:00,16750
Beras Kualitas Medium II,Beras,varian,2026-07-21 00:00:00,16750
Beras Kualitas Medium II,Beras,varian,2026-07-22 00:00:00,16750
Beras Kualitas Medium II,Beras,varian,2026-07-23 00:00:00,16900
Beras Kualitas Medium II,Beras,varian,2026-07-24 00:00:00,16900
Beras Kualitas Medium II,Beras,varian,2026-07-27 00:00:00,16900
Beras Kualitas Medium II,Beras,varian,2026-07-28 00:00:00,16900
Beras Kualitas Medium II,Beras,varian,2026-07-29 00:00:00,16900
Beras Kualitas Medium II,Beras,varian,2026-07-30 00:00:00,16900
Beras Kualitas Medium II,Beras,varian,2026-07-31 00:00:00,16900
Beras Kualitas Medium II,Beras,varian,2026-08-03 00:00:00,16900
Beras Kualitas Medium II,Beras,varian,2026-08-04 00:00:00,16900
Beras Kualitas Medium II,Beras,varian,2026-08-05 00:00:00,16800
Beras Kualitas Medium II,Beras,varian,2026-08-06 00:00:00,16800
Beras Kualitas Medium II,Beras,varian,2026-08-07 00:00:00,16800
Beras Kualitas Medium II,Beras,varian,2026-08-10 00:00:00,16800
Beras Kualitas Medium II,Beras,varian,2026-08-11 00:00:00,16800
Beras Kualitas Medium II,Beras,varian,2026-08-12 00:00:00,16800
Beras Kualitas Medium II,Beras,varian,2026-08-13 00:00:00,16800
Beras Kualitas Medium II,Beras,varian,2026-08-14 00:00:00,16800
Beras Kualitas Medium II,Beras,varian,2026-08-17 00:00:00,16800
Beras Kualitas Medium II,Beras,varian,2026-08-18 00:00:00,16800
Beras Kualitas Medium II,Beras,varian,2026-08-19 00:00:00,16800
Beras Kualitas Medium II,Beras,varian,2026-08-20 00:00:00,16800
Beras Kualitas Medium II,Beras,varian,2026-08-21 00:00:00,16900
Beras Kualitas Medium II,Beras,varian,2026-08-24 00:00:00,16900
Beras Kualitas Medium II,Beras,varian,2026-08-25 00:00:00,16900
Beras Kualitas Medium II,Beras,varian,2026-08-26 00:00:00,16900
Beras Kualitas Medium II,Beras,varian,2026-08-27 00:00:00,16900
Beras Kualitas Medium II,Beras,varian,2026-08-28 00:00:00,16900
Beras Kualitas Medium II,Beras,varian,2026-08-31 00:00:00,16900
Beras Kualitas Medium II,Beras,varian,2026-09-01 00:00:00,16900
Beras Kualitas Medium II,Beras,varian,2026-09-02 00:00:00,16900
Beras Kualitas Medium II,Beras,varian,2026-09-03 00:00:00,16900
Beras Kualitas Medium II,Beras,varian,2026-09-04 00:00:00,16900
Beras Kualitas Medium II,Beras,varian,2026-09-07 00:00:00,16900
Beras Kualitas Medium II,Beras,varian,2026-09-08 00:00:00,16900
Beras Kualitas Super I,Beras,varian,2025-01-01 00:00:00,15150
Beras Kualitas Super I,Beras,varian,2025-01-02 00:00:00,15150
Beras Kualitas Super I,Beras,varian,2025-01-03 00:00:00,15150
Beras Kualitas Super I,Beras,varian,2025-01-06 00:00:00,15150
Beras Kualitas Super I,Beras,varian,2025-01-07 00:00:00,15150
Beras Kualitas Super I,Beras,varian,2025-01-08 00:00:00,15150
Beras Kualitas Super I,Beras,varian,2025-01-09 00:00:00,15150
Beras Kualitas Super I,Beras,varian,2025-01-10 00:00:00,15150
Beras Kualitas Super I,Beras,varian,2025-01-13 00:00:00,15150
Beras Kualitas Super I,Beras,varian,2025-01-14 00:00:00,15150
Beras Kualitas Super I,Beras,varian,2025-01-15 00:00:00,15150
Beras Kualitas Super I,Beras,varian,2025-01-16 00:00:00,15150
Beras Kualitas Super I,Beras,varian,2025-01-17 00:00:00,15150
Beras Kualitas Super I,Beras,varian,2025-01-20 00:00:00,15150
Beras Kualitas Super I,Beras,varian,2025-01-21 00:00:00,15150
Beras Kualitas Super I,Beras,varian,2025-01-22 00:00:00,15150
Beras Kualitas Super I,Beras,varian,2025-01-23 00:00:00,15150
Beras Kualitas Super I,Beras,varian,2025-01-24 00:00:00,15150
Beras Kualitas Super I,Beras,varian,2025-01-27 00:00:00,15150
Beras Kualitas Super I,Beras,varian,2025-01-28 00:00:00,15150
Beras Kualitas Super I,Beras,varian,2025-01-29 00:00:00,15150
Beras Kualitas Super I,Beras,varian,2025-01-30 00:00:00,15150
Beras Kualitas Super I,Beras,varian,2025-01-31 00:00:00,15150
Beras Kualitas Super I,Beras,varian,2025-02-03 00:00:00,15150
Beras Kualitas Super I,Beras,varian,2025-02-04 00:00:00,15150
Beras Kualitas Super I,Beras,varian,2025-02-05 00:00:00,15150
Beras Kualitas Super I,Beras,varian,2025-02-06 00:00:00,15150
Beras Kualitas Super I,Beras,varian,2025-02-07 00:00:00,15150
Beras Kualitas Super I,Beras,varian,2025-02-10 00:00:00,15250
Beras Kualitas Super I,Beras,varian,2025-02-11 00:00:00,15250
Beras Kualitas Super I,Beras,varian,2025-02-12 00:00:00,15250
Beras Kualitas Super I,Beras,varian,2025-02-13 00:00:00,15250
Beras Kualitas Super I,Beras,varian,2025-02-14 00:00:00,15250
Beras Kualitas Super I,Beras,varian,2025-02-17 00:00:00,15250
Beras Kualitas Super I,Beras,varian,2025-02-18 00:00:00,15250
Beras Kualitas Super I,Beras,varian,2025-02-19 00:00:00,15250
Beras Kualitas Super I,Beras,varian,2025-02-20 00:00:00,15250
Beras Kualitas Super I,Beras,varian,2025-02-21 00:00:00,15250
Beras Kualitas Super I,Beras,varian,2025-02-24 00:00:00,15250
Beras Kualitas Super I,Beras,varian,2025-02-25 00:00:00,15250
Beras Kualitas Super I,Beras,varian,2025-02-26 00:00:00,15250
Beras Kualitas Super I,Beras,varian,2025-02-27 00:00:00,15500
Beras Kualitas Super I,Beras,varian,2025-02-28 00:00:00,15500
Beras Kualitas Super I,Beras,varian,2025-03-03 00:00:00,15500
Beras Kualitas Super I,Beras,varian,2025-03-04 00:00:00,15500
Beras Kualitas Super I,Beras,varian,2025-03-05 00:00:00,15500
Beras Kualitas Super I,Beras,varian,2025-03-06 00:00:00,15500
Beras Kualitas Super I,Beras,varian,2025-03-07 00:00:00,15500
Beras Kualitas Super I,Beras,varian,2025-03-10 00:00:00,15500
Beras Kualitas Super I,Beras,varian,2025-03-11 00:00:00,15500
Beras Kualitas Super I,Beras,varian,2025-03-12 00:00:00,15500
Beras Kualitas Super I,Beras,varian,2025-03-13 00:00:00,15500
Beras Kualitas Super I,Beras,varian,2025-03-14 00:00:00,15500
Beras Kualitas Super I,Beras,varian,2025-03-17 00:00:00,15500
Beras Kualitas Super I,Beras,varian,2025-03-18 00:00:00,15500
Beras Kualitas Super I,Beras,varian,2025-03-19 00:00:00,15500
Beras Kualitas Super I,Beras,varian,2025-03-20 00:00:00,15500
Beras Kualitas Super I,Beras,varian,2025-03-21 00:00:00,15500
Beras Kualitas Super I,Beras,varian,2025-03-24 00:00:00,15500
Beras Kualitas Super I,Beras,varian,2025-03-25 00:00:00,15500
Beras Kualitas Super I,Beras,varian,2025-03-26 00:00:00,15500
Beras Kualitas Super I,Beras,varian,2025-03-27 00:00:00,15500
Beras Kualitas Super I,Beras,varian,2025-03-28 00:00:00,15500
Beras Kualitas Super I,Beras,varian,2025-03-31 00:00:00,15500
Beras Kualitas Super I,Beras,varian,2025-04-01 00:00:00,15500
Beras Kualitas Super I,Beras,varian,2025-04-02 00:00:00,15500
Beras Kualitas Super I,Beras,varian,2025-04-03 00:00:00,15500
Beras Kualitas Super I,Beras,varian,2025-04-04 00:00:00,15500
Beras Kualitas Super I,Beras,varian,2025-04-07 00:00:00,15500
Beras Kualitas Super I,Beras,varian,2025-04-08 00:00:00,15500
Beras Kualitas Super I,Beras,varian,2025-04-09 00:00:00,15500
Beras Kualitas Super I,Beras,varian,2025-04-10 00:00:00,15500
Beras Kualitas Super I,Beras,varian,2025-04-11 00:00:00,15500
Beras Kualitas Super I,Beras,varian,2025-04-14 00:00:00,15000
Beras Kualitas Super I,Beras,varian,2025-04-15 00:00:00,15000
Beras Kualitas Super I,Beras,varian,2025-04-16 00:00:00,15000
Beras Kualitas Super I,Beras,varian,2025-04-17 00:00:00,15000
Beras Kualitas Super I,Beras,varian,2025-04-18 00:00:00,15000
Beras Kualitas Super I,Beras,varian,2025-04-21 00:00:00,15000
Beras Kualitas Super I,Beras,varian,2025-04-22 00:00:00,15000
Beras Kualitas Super I,Beras,varian,2025-04-23 00:00:00,15000
Beras Kualitas Super I,Beras,varian,2025-04-24 00:00:00,15250
Beras Kualitas Super I,Beras,varian,2025-04-25 00:00:00,15250
Beras Kualitas Super I,Beras,varian,2025-04-28 00:00:00,15250
Beras Kualitas Super I,Beras,varian,2025-04-29 00:00:00,15250
Beras Kualitas Super I,Beras,varian,2025-04-30 00:00:00,15250
Beras Kualitas Super I,Beras,varian,2025-05-01 00:00:00,15250
Beras Kualitas Super I,Beras,varian,2025-05-02 00:00:00,15250
Beras Kualitas Super I,Beras,varian,2025-05-05 00:00:00,15500
Beras Kualitas Super I,Beras,varian,2025-05-06 00:00:00,15500
Beras Kualitas Super I,Beras,varian,2025-05-07 00:00:00,15500
Beras Kualitas Super I,Beras,varian,2025-05-08 00:00:00,15500
Beras Kualitas Super I,Beras,varian,2025-05-09 00:00:00,15500
Beras Kualitas Super I,Beras,varian,2025-05-12 00:00:00,15500
Beras Kualitas Super I,Beras,varian,2025-05-13 00:00:00,15500
Beras Kualitas Super I,Beras,varian,2025-05-14 00:00:00,15500
Beras Kualitas Super I,Beras,varian,2025-05-15 00:00:00,15500
Beras Kualitas Super I,Beras,varian,2025-05-16 00:00:00,15500
Beras Kualitas Super I,Beras,varian,2025-05-19 00:00:00,15500
Beras Kualitas Super I,Beras,varian,2025-05-20 00:00:00,15500
Beras Kualitas Super I,Beras,varian,2025-05-21 00:00:00,15500
Beras Kualitas Super I,Beras,varian,2025-05-22 00:00:00,15750
Beras Kualitas Super I,Beras,varian,2025-05-23 00:00:00,15500
Beras Kualitas Super I,Beras,varian,2025-05-26 00:00:00,15500
Beras Kualitas Super I,Beras,varian,2025-05-27 00:00:00,15500
Beras Kualitas Super I,Beras,varian,2025-05-28 00:00:00,15500
Beras Kualitas Super I,Beras,varian,2025-05-29 00:00:00,15500
Beras Kualitas Super I,Beras,varian,2025-05-30 00:00:00,15500
Beras Kualitas Super I,Beras,varian,2025-06-02 00:00:00,15500
Beras Kualitas Super I,Beras,varian,2025-06-03 00:00:00,15500
Beras Kualitas Super I,Beras,varian,2025-06-04 00:00:00,15500
Beras Kualitas Super I,Beras,varian,2025-06-05 00:00:00,15500
Beras Kualitas Super I,Beras,varian,2025-06-06 00:00:00,15500
Beras Kualitas Super I,Beras,varian,2025-06-09 00:00:00,15500
Beras Kualitas Super I,Beras,varian,2025-06-10 00:00:00,15650
Beras Kualitas Super I,Beras,varian,2025-06-11 00:00:00,15650
Beras Kualitas Super I,Beras,varian,2025-06-12 00:00:00,15650
Beras Kualitas Super I,Beras,varian,2025-06-13 00:00:00,15650
Beras Kualitas Super I,Beras,varian,2025-06-16 00:00:00,15650
Beras Kualitas Super I,Beras,varian,2025-06-17 00:00:00,15650
Beras Kualitas Super I,Beras,varian,2025-06-18 00:00:00,15900
Beras Kualitas Super I,Beras,varian,2025-06-19 00:00:00,16000
Beras Kualitas Super I,Beras,varian,2025-06-20 00:00:00,15900
Beras Kualitas Super I,Beras,varian,2025-06-23 00:00:00,16250
Beras Kualitas Super I,Beras,varian,2025-06-24 00:00:00,16250
Beras Kualitas Super I,Beras,varian,2025-06-25 00:00:00,16250
Beras Kualitas Super I,Beras,varian,2025-06-26 00:00:00,16250
Beras Kualitas Super I,Beras,varian,2025-06-27 00:00:00,16250
Beras Kualitas Super I,Beras,varian,2025-06-30 00:00:00,16750
Beras Kualitas Super I,Beras,varian,2025-07-01 00:00:00,16750
Beras Kualitas Super I,Beras,varian,2025-07-02 00:00:00,16750
Beras Kualitas Super I,Beras,varian,2025-07-03 00:00:00,16750
Beras Kualitas Super I,Beras,varian,2025-07-04 00:00:00,16750
Beras Kualitas Super I,Beras,varian,2025-07-07 00:00:00,16900
Beras Kualitas Super I,Beras,varian,2025-07-08 00:00:00,16900
Beras Kualitas Super I,Beras,varian,2025-07-09 00:00:00,16900
Beras Kualitas Super I,Beras,varian,2025-07-10 00:00:00,16900
Beras Kualitas Super I,Beras,varian,2025-07-11 00:00:00,16900
Beras Kualitas Super I,Beras,varian,2025-07-14 00:00:00,16900
Beras Kualitas Super I,Beras,varian,2025-07-15 00:00:00,17000
Beras Kualitas Super I,Beras,varian,2025-07-16 00:00:00,17000
Beras Kualitas Super I,Beras,varian,2025-07-17 00:00:00,17150
Beras Kualitas Super I,Beras,varian,2025-07-18 00:00:00,17150
Beras Kualitas Super I,Beras,varian,2025-07-21 00:00:00,17250
Beras Kualitas Super I,Beras,varian,2025-07-22 00:00:00,17250
Beras Kualitas Super I,Beras,varian,2025-07-23 00:00:00,17250
Beras Kualitas Super I,Beras,varian,2025-07-24 00:00:00,17250
Beras Kualitas Super I,Beras,varian,2025-07-25 00:00:00,17250
Beras Kualitas Super I,Beras,varian,2025-07-28 00:00:00,17250
Beras Kualitas Super I,Beras,varian,2025-07-29 00:00:00,17250
Beras Kualitas Super I,Beras,varian,2025-07-30 00:00:00,17250
Beras Kualitas Super I,Beras,varian,2025-07-31 00:00:00,17250
Beras Kualitas Super I,Beras,varian,2025-08-01 00:00:00,17250
Beras Kualitas Super I,Beras,varian,2025-08-04 00:00:00,17250
Beras Kualitas Super I,Beras,varian,2025-08-05 00:00:00,17250
Beras Kualitas Super I,Beras,varian,2025-08-06 00:00:00,17250
Beras Kualitas Super I,Beras,varian,2025-08-07 00:00:00,17250
Beras Kualitas Super I,Beras,varian,2025-08-08 00:00:00,17250
Beras Kualitas Super I,Beras,varian,2025-08-11 00:00:00,17250
Beras Kualitas Super I,Beras,varian,2025-08-12 00:00:00,17250
Beras Kualitas Super I,Beras,varian,2025-08-13 00:00:00,17250
Beras Kualitas Super I,Beras,varian,2025-08-14 00:00:00,17250
Beras Kualitas Super I,Beras,varian,2025-08-15 00:00:00,17250
Beras Kualitas Super I,Beras,varian,2025-08-18 00:00:00,17250
Beras Kualitas Super I,Beras,varian,2025-08-19 00:00:00,17250
Beras Kualitas Super I,Beras,varian,2025-08-20 00:00:00,17250
Beras Kualitas Super I,Beras,varian,2025-08-21 00:00:00,17250
Beras Kualitas Super I,Beras,varian,2025-08-22 00:00:00,17250
Beras Kualitas Super I,Beras,varian,2025-08-25 00:00:00,17250
Beras Kualitas Super I,Beras,varian,2025-08-26 00:00:00,17250
Beras Kualitas Super I,Beras,varian,2025-08-27 00:00:00,17250
Beras Kualitas Super I,Beras,varian,2025-08-28 00:00:00,17250
Beras Kualitas Super I,Beras,varian,2025-08-29 00:00:00,17250
Beras Kualitas Super I,Beras,varian,2025-09-01 00:00:00,17250
Beras Kualitas Super I,Beras,varian,2025-09-02 00:00:00,17250
Beras Kualitas Super I,Beras,varian,2025-09-03 00:00:00,17250
Beras Kualitas Super I,Beras,varian,2025-09-04 00:00:00,17250
Beras Kualitas Super I,Beras,varian,2025-09-05 00:00:00,17250
Beras Kualitas Super I,Beras,varian,2025-09-08 00:00:00,17250
Beras Kualitas Super I,Beras,varian,2025-09-09 00:00:00,17250
Beras Kualitas Super I,Beras,varian,2025-09-10 00:00:00,17250
Beras Kualitas Super I,Beras,varian,2025-09-11 00:00:00,17250
Beras Kualitas Super I,Beras,varian,2025-09-12 00:00:00,17250
Beras Kualitas Super I,Beras,varian,2025-09-15 00:00:00,17250
Beras Kualitas Super I,Beras,varian,2025-09-16 00:00:00,17250
Beras Kualitas Super I,Beras,varian,2025-09-17 00:00:00,17250
Beras Kualitas Super I,Beras,varian,2025-09-18 00:00:00,17250
Beras Kualitas Super I,Beras,varian,2025-09-19 00:00:00,17250
Beras Kualitas Super I,Beras,varian,2025-09-22 00:00:00,17250
Beras Kualitas Super I,Beras,varian,2025-09-23 00:00:00,17250
Beras Kualitas Super I,Beras,varian,2025-09-24 00:00:00,17250
Beras Kualitas Super I,Beras,varian,2025-09-25 00:00:00,17250
Beras Kualitas Super I,Beras,varian,2025-09-26 00:00:00,17250
Beras Kualitas Super I,Beras,varian,2025-09-29 00:00:00,17250
Beras Kualitas Super I,Beras,varian,2025-09-30 00:00:00,17250
Beras Kualitas Super I,Beras,varian,2025-10-01 00:00:00,17250
Beras Kualitas Super I,Beras,varian,2025-10-02 00:00:00,17250
Beras Kualitas Super I,Beras,varian,2025-10-03 00:00:00,17250
Beras Kualitas Super I,Beras,varian,2025-10-06 00:00:00,17250
Beras Kualitas Super I,Beras,varian,2025-10-07 00:00:00,17250
Beras Kualitas Super I,Beras,varian,2025-10-08 00:00:00,17250
Beras Kualitas Super I,Beras,varian,2025-10-09 00:00:00,17250
Beras Kualitas Super I,Beras,varian,2025-10-10 00:00:00,17250
Beras Kualitas Super I,Beras,varian,2025-10-13 00:00:00,17250
Beras Kualitas Super I,Beras,varian,2025-10-14 00:00:00,17250
Beras Kualitas Super I,Beras,varian,2025-10-15 00:00:00,17250
Beras Kualitas Super I,Beras,varian,2025-10-16 00:00:00,17250
Beras Kualitas Super I,Beras,varian,2025-10-17 00:00:00,17250
Beras Kualitas Super I,Beras,varian,2025-10-20 00:00:00,17250
Beras Kualitas Super I,Beras,varian,2025-10-21 00:00:00,17250
Beras Kualitas Super I,Beras,varian,2025-10-22 00:00:00,17000
Beras Kualitas Super I,Beras,varian,2025-10-23 00:00:00,17000
Beras Kualitas Super I,Beras,varian,2025-10-24 00:00:00,17000
Beras Kualitas Super I,Beras,varian,2025-10-27 00:00:00,17000
Beras Kualitas Super I,Beras,varian,2025-10-28 00:00:00,17000
Beras Kualitas Super I,Beras,varian,2025-10-29 00:00:00,17000
Beras Kualitas Super I,Beras,varian,2025-10-30 00:00:00,17000
Beras Kualitas Super I,Beras,varian,2025-10-31 00:00:00,17000
Beras Kualitas Super I,Beras,varian,2025-11-03 00:00:00,17000
Beras Kualitas Super I,Beras,varian,2025-11-04 00:00:00,17000
Beras Kualitas Super I,Beras,varian,2025-11-05 00:00:00,17000
Beras Kualitas Super I,Beras,varian,2025-11-06 00:00:00,17000
Beras Kualitas Super I,Beras,varian,2025-11-07 00:00:00,17000
Beras Kualitas Super I,Beras,varian,2025-11-10 00:00:00,17000
Beras Kualitas Super I,Beras,varian,2025-11-11 00:00:00,17000
Beras Kualitas Super I,Beras,varian,2025-11-12 00:00:00,17000
Beras Kualitas Super I,Beras,varian,2025-11-13 00:00:00,17000
Beras Kualitas Super I,Beras,varian,2025-11-14 00:00:00,17000
Beras Kualitas Super I,Beras,varian,2025-11-17 00:00:00,17000
Beras Kualitas Super I,Beras,varian,2025-11-18 00:00:00,17000
Beras Kualitas Super I,Beras,varian,2025-11-19 00:00:00,17000
Beras Kualitas Super I,Beras,varian,2025-11-20 00:00:00,16250
Beras Kualitas Super I,Beras,varian,2025-11-21 00:00:00,16250
Beras Kualitas Super I,Beras,varian,2025-11-24 00:00:00,15900
Beras Kualitas Super I,Beras,varian,2025-11-25 00:00:00,15900
Beras Kualitas Super I,Beras,varian,2025-11-26 00:00:00,15900
Beras Kualitas Super I,Beras,varian,2025-11-27 00:00:00,15900
Beras Kualitas Super I,Beras,varian,2025-11-28 00:00:00,15900
Beras Kualitas Super I,Beras,varian,2025-12-01 00:00:00,15900
Beras Kualitas Super I,Beras,varian,2025-12-02 00:00:00,15650
Beras Kualitas Super I,Beras,varian,2025-12-03 00:00:00,15650
Beras Kualitas Super I,Beras,varian,2025-12-04 00:00:00,15650
Beras Kualitas Super I,Beras,varian,2025-12-05 00:00:00,15650
Beras Kualitas Super I,Beras,varian,2025-12-08 00:00:00,15650
Beras Kualitas Super I,Beras,varian,2025-12-09 00:00:00,15650
Beras Kualitas Super I,Beras,varian,2025-12-10 00:00:00,16150
Beras Kualitas Super I,Beras,varian,2025-12-11 00:00:00,16150
Beras Kualitas Super I,Beras,varian,2025-12-12 00:00:00,16150
Beras Kualitas Super I,Beras,varian,2025-12-15 00:00:00,16150
Beras Kualitas Super I,Beras,varian,2025-12-16 00:00:00,16150
Beras Kualitas Super I,Beras,varian,2025-12-17 00:00:00,16150
Beras Kualitas Super I,Beras,varian,2025-12-18 00:00:00,16150
Beras Kualitas Super I,Beras,varian,2025-12-19 00:00:00,16150
Beras Kualitas Super I,Beras,varian,2025-12-22 00:00:00,16150
Beras Kualitas Super I,Beras,varian,2025-12-23 00:00:00,16150
Beras Kualitas Super I,Beras,varian,2025-12-24 00:00:00,16150
Beras Kualitas Super I,Beras,varian,2025-12-25 00:00:00,16150
Beras Kualitas Super I,Beras,varian,2025-12-26 00:00:00,16150
Beras Kualitas Super I,Beras,varian,2025-12-29 00:00:00,16150
Beras Kualitas Super I,Beras,varian,2025-12-30 00:00:00,16150
Beras Kualitas Super I,Beras,varian,2025-12-31 00:00:00,16150
Beras Kualitas Super I,Beras,varian,2026-01-01 00:00:00,16150
Beras Kualitas Super I,Beras,varian,2026-01-02 00:00:00,16150
Beras Kualitas Super I,Beras,varian,2026-01-05 00:00:00,16150
Beras Kualitas Super I,Beras,varian,2026-01-06 00:00:00,16150
Beras Kualitas Super I,Beras,varian,2026-01-07 00:00:00,16150
Beras Kualitas Super I,Beras,varian,2026-01-08 00:00:00,16150
Beras Kualitas Super I,Beras,varian,2026-01-09 00:00:00,16150
Beras Kualitas Super I,Beras,varian,2026-01-12 00:00:00,16150
Beras Kualitas Super I,Beras,varian,2026-01-13 00:00:00,16150
Beras Kualitas Super I,Beras,varian,2026-01-14 00:00:00,16150
Beras Kualitas Super I,Beras,varian,2026-01-15 00:00:00,16150
Beras Kualitas Super I,Beras,varian,2026-01-16 00:00:00,16150
Beras Kualitas Super I,Beras,varian,2026-01-19 00:00:00,16150
Beras Kualitas Super I,Beras,varian,2026-01-20 00:00:00,16150
Beras Kualitas Super I,Beras,varian,2026-01-21 00:00:00,16150
Beras Kualitas Super I,Beras,varian,2026-01-22 00:00:00,16150
Beras Kualitas Super I,Beras,varian,2026-01-23 00:00:00,16150
Beras Kualitas Super I,Beras,varian,2026-01-26 00:00:00,16150
Beras Kualitas Super I,Beras,varian,2026-01-27 00:00:00,16150
Beras Kualitas Super I,Beras,varian,2026-01-28 00:00:00,16150
Beras Kualitas Super I,Beras,varian,2026-01-29 00:00:00,16150
Beras Kualitas Super I,Beras,varian,2026-01-30 00:00:00,16150
Beras Kualitas Super I,Beras,varian,2026-02-02 00:00:00,16150
Beras Kualitas Super I,Beras,varian,2026-02-03 00:00:00,16150
Beras Kualitas Super I,Beras,varian,2026-02-04 00:00:00,16150
Beras Kualitas Super I,Beras,varian,2026-02-05 00:00:00,16150
Beras Kualitas Super I,Beras,varian,2026-02-06 00:00:00,16150
Beras Kualitas Super I,Beras,varian,2026-02-09 00:00:00,16150
Beras Kualitas Super I,Beras,varian,2026-02-10 00:00:00,16150
Beras Kualitas Super I,Beras,varian,2026-02-11 00:00:00,16150
Beras Kualitas Super I,Beras,varian,2026-02-12 00:00:00,16150
Beras Kualitas Super I,Beras,varian,2026-02-13 00:00:00,16000
Beras Kualitas Super I,Beras,varian,2026-02-16 00:00:00,16000
Beras Kualitas Super I,Beras,varian,2026-02-17 00:00:00,16000
Beras Kualitas Super I,Beras,varian,2026-02-18 00:00:00,16000
Beras Kualitas Super I,Beras,varian,2026-02-19 00:00:00,16150
Beras Kualitas Super I,Beras,varian,2026-02-20 00:00:00,16150
Beras Kualitas Super I,Beras,varian,2026-02-23 00:00:00,16150
Beras Kualitas Super I,Beras,varian,2026-02-24 00:00:00,16150
Beras Kualitas Super I,Beras,varian,2026-02-25 00:00:00,16150
Beras Kualitas Super I,Beras,varian,2026-02-26 00:00:00,16150
Beras Kualitas Super I,Beras,varian,2026-02-27 00:00:00,16150
Beras Kualitas Super I,Beras,varian,2026-03-02 00:00:00,16150
Beras Kualitas Super I,Beras,varian,2026-03-03 00:00:00,16150
Beras Kualitas Super I,Beras,varian,2026-03-04 00:00:00,16150
Beras Kualitas Super I,Beras,varian,2026-03-05 00:00:00,16150
Beras Kualitas Super I,Beras,varian,2026-03-06 00:00:00,16150
Beras Kualitas Super I,Beras,varian,2026-03-09 00:00:00,16150
Beras Kualitas Super I,Beras,varian,2026-03-10 00:00:00,16250
Beras Kualitas Super I,Beras,varian,2026-03-11 00:00:00,16250
Beras Kualitas Super I,Beras,varian,2026-03-12 00:00:00,16250
Beras Kualitas Super I,Beras,varian,2026-03-13 00:00:00,16250
Beras Kualitas Super I,Beras,varian,2026-03-16 00:00:00,16250
Beras Kualitas Super I,Beras,varian,2026-03-17 00:00:00,16250
Beras Kualitas Super I,Beras,varian,2026-03-18 00:00:00,16250
Beras Kualitas Super I,Beras,varian,2026-03-19 00:00:00,16250
Beras Kualitas Super I,Beras,varian,2026-03-20 00:00:00,16250
Beras Kualitas Super I,Beras,varian,2026-03-23 00:00:00,16250
Beras Kualitas Super I,Beras,varian,2026-03-24 00:00:00,16250
Beras Kualitas Super I,Beras,varian,2026-03-25 00:00:00,16250
Beras Kualitas Super I,Beras,varian,2026-03-26 00:00:00,16250
Beras Kualitas Super I,Beras,varian,2026-03-27 00:00:00,16250
Beras Kualitas Super I,Beras,varian,2026-03-30 00:00:00,16250
Beras Kualitas Super I,Beras,varian,2026-03-31 00:00:00,16250
Beras Kualitas Super I,Beras,varian,2026-04-01 00:00:00,16250
Beras Kualitas Super I,Beras,varian,2026-04-02 00:00:00,16250
Beras Kualitas Super I,Beras,varian,2026-04-03 00:00:00,16250
Beras Kualitas Super I,Beras,varian,2026-04-06 00:00:00,16250
Beras Kualitas Super I,Beras,varian,2026-04-07 00:00:00,16250
Beras Kualitas Super I,Beras,varian,2026-04-08 00:00:00,16250
Beras Kualitas Super I,Beras,varian,2026-04-09 00:00:00,16250
Beras Kualitas Super I,Beras,varian,2026-04-10 00:00:00,16250
Beras Kualitas Super I,Beras,varian,2026-04-13 00:00:00,16250
Beras Kualitas Super I,Beras,varian,2026-04-14 00:00:00,16250
Beras Kualitas Super I,Beras,varian,2026-04-15 00:00:00,16250
Beras Kualitas Super I,Beras,varian,2026-04-16 00:00:00,16000
Beras Kualitas Super I,Beras,varian,2026-04-17 00:00:00,16000
Beras Kualitas Super I,Beras,varian,2026-04-20 00:00:00,16000
Beras Kualitas Super I,Beras,varian,2026-04-21 00:00:00,16000
Beras Kualitas Super I,Beras,varian,2026-04-22 00:00:00,16000
Beras Kualitas Super I,Beras,varian,2026-04-23 00:00:00,16000
Beras Kualitas Super I,Beras,varian,2026-04-24 00:00:00,16000
Beras Kualitas Super I,Beras,varian,2026-04-27 00:00:00,16000
Beras Kualitas Super I,Beras,varian,2026-04-28 00:00:00,16000
Beras Kualitas Super I,Beras,varian,2026-04-29 00:00:00,16000
Beras Kualitas Super I,Beras,varian,2026-04-30 00:00:00,16000
Beras Kualitas Super I,Beras,varian,2026-05-01 00:00:00,16000
Beras Kualitas Super I,Beras,varian,2026-05-04 00:00:00,16000
Beras Kualitas Super I,Beras,varian,2026-05-05 00:00:00,16000
Beras Kualitas Super I,Beras,varian,2026-05-06 00:00:00,16000
Beras Kualitas Super I,Beras,varian,2026-05-07 00:00:00,16000
Beras Kualitas Super I,Beras,varian,2026-05-08 00:00:00,16000
Beras Kualitas Super I,Beras,varian,2026-05-11 00:00:00,16000
Beras Kualitas Super I,Beras,varian,2026-05-12 00:00:00,16000
Beras Kualitas Super I,Beras,varian,2026-05-13 00:00:00,16000
Beras Kualitas Super I,Beras,varian,2026-05-14 00:00:00,16000
Beras Kualitas Super I,Beras,varian,2026-05-15 00:00:00,16000
Beras Kualitas Super I,Beras,varian,2026-05-18 00:00:00,16000
Beras Kualitas Super I,Beras,varian,2026-05-19 00:00:00,16000
Beras Kualitas Super I,Beras,varian,2026-05-20 00:00:00,16000
Beras Kualitas Super I,Beras,varian,2026-05-21 00:00:00,16000
Beras Kualitas Super I,Beras,varian,2026-05-22 00:00:00,16000
Beras Kualitas Super I,Beras,varian,2026-05-25 00:00:00,16000
Beras Kualitas Super I,Beras,varian,2026-05-26 00:00:00,16000
Beras Kualitas Super I,Beras,varian,2026-05-27 00:00:00,16000
Beras Kualitas Super I,Beras,varian,2026-05-28 00:00:00,16000
Beras Kualitas Super I,Beras,varian,2026-05-29 00:00:00,16000
Beras Kualitas Super I,Beras,varian,2026-06-01 00:00:00,16000
Beras Kualitas Super I,Beras,varian,2026-06-02 00:00:00,16100
Beras Kualitas Super I,Beras,varian,2026-06-03 00:00:00,16100
Beras Kualitas Super I,Beras,varian,2026-06-04 00:00:00,16100
Beras Kualitas Super I,Beras,varian,2026-06-05 00:00:00,16100
Beras Kualitas Super I,Beras,varian,2026-06-08 00:00:00,16100
Beras Kualitas Super I,Beras,varian,2026-06-09 00:00:00,16100
Beras Kualitas Super I,Beras,varian,2026-06-10 00:00:00,16100
Beras Kualitas Super I,Beras,varian,2026-06-11 00:00:00,16350
Beras Kualitas Super I,Beras,varian,2026-06-12 00:00:00,16350
Beras Kualitas Super I,Beras,varian,2026-06-15 00:00:00,16350
Beras Kualitas Super I,Beras,varian,2026-06-16 00:00:00,16350
Beras Kualitas Super I,Beras,varian,2026-06-17 00:00:00,16350
Beras Kualitas Super I,Beras,varian,2026-06-18 00:00:00,16350
Beras Kualitas Super I,Beras,varian,2026-06-19 00:00:00,16350
Beras Kualitas Super I,Beras,varian,2026-06-22 00:00:00,16350
Beras Kualitas Super I,Beras,varian,2026-06-23 00:00:00,16350
Beras Kualitas Super I,Beras,varian,2026-06-24 00:00:00,16600
Beras Kualitas Super I,Beras,varian,2026-06-25 00:00:00,17000
Beras Kualitas Super I,Beras,varian,2026-06-26 00:00:00,17000
Beras Kualitas Super I,Beras,varian,2026-06-29 00:00:00,17000
Beras Kualitas Super I,Beras,varian,2026-06-30 00:00:00,17150
Beras Kualitas Super I,Beras,varian,2026-07-01 00:00:00,17150
Beras Kualitas Super I,Beras,varian,2026-07-02 00:00:00,17150
Beras Kualitas Super I,Beras,varian,2026-07-03 00:00:00,17150
Beras Kualitas Super I,Beras,varian,2026-07-06 00:00:00,17150
Beras Kualitas Super I,Beras,varian,2026-07-07 00:00:00,17150
Beras Kualitas Super I,Beras,varian,2026-07-08 00:00:00,17150
Beras Kualitas Super I,Beras,varian,2026-07-09 00:00:00,17150
Beras Kualitas Super I,Beras,varian,2026-07-10 00:00:00,17150
Beras Kualitas Super I,Beras,varian,2026-07-13 00:00:00,17150
Beras Kualitas Super I,Beras,varian,2026-07-14 00:00:00,17150
Beras Kualitas Super I,Beras,varian,2026-07-15 00:00:00,17150
Beras Kualitas Super I,Beras,varian,2026-07-16 00:00:00,17150
Beras Kualitas Super I,Beras,varian,2026-07-17 00:00:00,17150
Beras Kualitas Super I,Beras,varian,2026-07-20 00:00:00,17150
Beras Kualitas Super I,Beras,varian,2026-07-21 00:00:00,17150
Beras Kualitas Super I,Beras,varian,2026-07-22 00:00:00,17050
Beras Kualitas Super I,Beras,varian,2026-07-23 00:00:00,17050
Beras Kualitas Super I,Beras,varian,2026-07-24 00:00:00,17050
Beras Kualitas Super I,Beras,varian,2026-07-27 00:00:00,17050
Beras Kualitas Super I,Beras,varian,2026-07-28 00:00:00,17050
Beras Kualitas Super I,Beras,varian,2026-07-29 00:00:00,17050
Beras Kualitas Super I,Beras,varian,2026-07-30 00:00:00,17050
Beras Kualitas Super I,Beras,varian,2026-07-31 00:00:00,17050
Beras Kualitas Super I,Beras,varian,2026-08-03 00:00:00,17050
Beras Kualitas Super I,Beras,varian,2026-08-04 00:00:00,17050
Beras Kualitas Super I,Beras,varian,2026-08-05 00:00:00,17150
Beras Kualitas Super I,Beras,varian,2026-08-06 00:00:00,17150
Beras Kualitas Super I,Beras,varian,2026-08-07 00:00:00,17150
Beras Kualitas Super I,Beras,varian,2026-08-10 00:00:00,17150
Beras Kualitas Super I,Beras,varian,2026-08-11 00:00:00,17150
Beras Kualitas Super I,Beras,varian,2026-08-12 00:00:00,17150
Beras Kualitas Super I,Beras,varian,2026-08-13 00:00:00,17150
Beras Kualitas Super I,Beras,varian,2026-08-14 00:00:00,17150
Beras Kualitas Super I,Beras,varian,2026-08-17 00:00:00,17150
Beras Kualitas Super I,Beras,varian,2026-08-18 00:00:00,17150
Beras Kualitas Super I,Beras,varian,2026-08-19 00:00:00,17150
Beras Kualitas Super I,Beras,varian,2026-08-20 00:00:00,17150
Beras Kualitas Super I,Beras,varian,2026-08-21 00:00:00,17500
Beras Kualitas Super I,Beras,varian,2026-08-24 00:00:00,17500
Beras Kualitas Super I,Beras,varian,2026-08-25 00:00:00,17500
Beras Kualitas Super I,Beras,varian,2026-08-26 00:00:00,17500
Beras Kualitas Super I,Beras,varian,2026-08-27 00:00:00,17500
Beras Kualitas Super I,Beras,varian,2026-08-28 00:00:00,17500
Beras Kualitas Super I,Beras,varian,2026-08-31 00:00:00,17500
Beras Kualitas Super I,Beras,varian,2026-09-01 00:00:00,17500
Beras Kualitas Super I,Beras,varian,2026-09-02 00:00:00,17650
Beras Kualitas Super I,Beras,varian,2026-09-03 00:00:00,17650
Beras Kualitas Super I,Beras,varian,2026-09-04 00:00:00,17650
Beras Kualitas Super I,Beras,varian,2026-09-07 00:00:00,17650
Beras Kualitas Super I,Beras,varian,2026-09-08 00:00:00,17650
Beras Kualitas Super II,Beras,varian,2025-01-01 00:00:00,14900
Beras Kualitas Super II,Beras,varian,2025-01-02 00:00:00,14900
Beras Kualitas Super II,Beras,varian,2025-01-03 00:00:00,14900
Beras Kualitas Super II,Beras,varian,2025-01-06 00:00:00,15000
Beras Kualitas Super II,Beras,varian,2025-01-07 00:00:00,15000
Beras Kualitas Super II,Beras,varian,2025-01-08 00:00:00,15000
Beras Kualitas Super II,Beras,varian,2025-01-09 00:00:00,15000
Beras Kualitas Super II,Beras,varian,2025-01-10 00:00:00,15000
Beras Kualitas Super II,Beras,varian,2025-01-13 00:00:00,15000
Beras Kualitas Super II,Beras,varian,2025-01-14 00:00:00,15000
Beras Kualitas Super II,Beras,varian,2025-01-15 00:00:00,15000
Beras Kualitas Super II,Beras,varian,2025-01-16 00:00:00,15000
Beras Kualitas Super II,Beras,varian,2025-01-17 00:00:00,15000
Beras Kualitas Super II,Beras,varian,2025-01-20 00:00:00,15000
Beras Kualitas Super II,Beras,varian,2025-01-21 00:00:00,15000
Beras Kualitas Super II,Beras,varian,2025-01-22 00:00:00,15000
Beras Kualitas Super II,Beras,varian,2025-01-23 00:00:00,15000
Beras Kualitas Super II,Beras,varian,2025-01-24 00:00:00,15000
Beras Kualitas Super II,Beras,varian,2025-01-27 00:00:00,15000
Beras Kualitas Super II,Beras,varian,2025-01-28 00:00:00,15000
Beras Kualitas Super II,Beras,varian,2025-01-29 00:00:00,15000
Beras Kualitas Super II,Beras,varian,2025-01-30 00:00:00,15000
Beras Kualitas Super II,Beras,varian,2025-01-31 00:00:00,15000
Beras Kualitas Super II,Beras,varian,2025-02-03 00:00:00,15000
Beras Kualitas Super II,Beras,varian,2025-02-04 00:00:00,15000
Beras Kualitas Super II,Beras,varian,2025-02-05 00:00:00,15000
Beras Kualitas Super II,Beras,varian,2025-02-06 00:00:00,15000
Beras Kualitas Super II,Beras,varian,2025-02-07 00:00:00,15150
Beras Kualitas Super II,Beras,varian,2025-02-10 00:00:00,15150
Beras Kualitas Super II,Beras,varian,2025-02-11 00:00:00,15150
Beras Kualitas Super II,Beras,varian,2025-02-12 00:00:00,15150
Beras Kualitas Super II,Beras,varian,2025-02-13 00:00:00,15150
Beras Kualitas Super II,Beras,varian,2025-02-14 00:00:00,15150
Beras Kualitas Super II,Beras,varian,2025-02-17 00:00:00,15150
Beras Kualitas Super II,Beras,varian,2025-02-18 00:00:00,15150
Beras Kualitas Super II,Beras,varian,2025-02-19 00:00:00,15150
Beras Kualitas Super II,Beras,varian,2025-02-20 00:00:00,15150
Beras Kualitas Super II,Beras,varian,2025-02-21 00:00:00,15150
Beras Kualitas Super II,Beras,varian,2025-02-24 00:00:00,15150
Beras Kualitas Super II,Beras,varian,2025-02-25 00:00:00,15150
Beras Kualitas Super II,Beras,varian,2025-02-26 00:00:00,15000
Beras Kualitas Super II,Beras,varian,2025-02-27 00:00:00,15000
Beras Kualitas Super II,Beras,varian,2025-02-28 00:00:00,15000
Beras Kualitas Super II,Beras,varian,2025-03-03 00:00:00,15000
Beras Kualitas Super II,Beras,varian,2025-03-04 00:00:00,15000
Beras Kualitas Super II,Beras,varian,2025-03-05 00:00:00,15000
Beras Kualitas Super II,Beras,varian,2025-03-06 00:00:00,15000
Beras Kualitas Super II,Beras,varian,2025-03-07 00:00:00,15000
Beras Kualitas Super II,Beras,varian,2025-03-10 00:00:00,15000
Beras Kualitas Super II,Beras,varian,2025-03-11 00:00:00,15000
Beras Kualitas Super II,Beras,varian,2025-03-12 00:00:00,15000
Beras Kualitas Super II,Beras,varian,2025-03-13 00:00:00,15000
Beras Kualitas Super II,Beras,varian,2025-03-14 00:00:00,15000
Beras Kualitas Super II,Beras,varian,2025-03-17 00:00:00,15000
Beras Kualitas Super II,Beras,varian,2025-03-18 00:00:00,15000
Beras Kualitas Super II,Beras,varian,2025-03-19 00:00:00,15000
Beras Kualitas Super II,Beras,varian,2025-03-20 00:00:00,15000
Beras Kualitas Super II,Beras,varian,2025-03-21 00:00:00,15000
Beras Kualitas Super II,Beras,varian,2025-03-24 00:00:00,15000
Beras Kualitas Super II,Beras,varian,2025-03-25 00:00:00,15000
Beras Kualitas Super II,Beras,varian,2025-03-26 00:00:00,15000
Beras Kualitas Super II,Beras,varian,2025-03-27 00:00:00,15000
Beras Kualitas Super II,Beras,varian,2025-03-28 00:00:00,15000
Beras Kualitas Super II,Beras,varian,2025-03-31 00:00:00,15000
Beras Kualitas Super II,Beras,varian,2025-04-01 00:00:00,15000
Beras Kualitas Super II,Beras,varian,2025-04-02 00:00:00,15000
Beras Kualitas Super II,Beras,varian,2025-04-03 00:00:00,15000
Beras Kualitas Super II,Beras,varian,2025-04-04 00:00:00,15000
Beras Kualitas Super II,Beras,varian,2025-04-07 00:00:00,15000
Beras Kualitas Super II,Beras,varian,2025-04-08 00:00:00,15000
Beras Kualitas Super II,Beras,varian,2025-04-09 00:00:00,15000
Beras Kualitas Super II,Beras,varian,2025-04-10 00:00:00,15000
Beras Kualitas Super II,Beras,varian,2025-04-11 00:00:00,15000
Beras Kualitas Super II,Beras,varian,2025-04-14 00:00:00,14750
Beras Kualitas Super II,Beras,varian,2025-04-15 00:00:00,14750
Beras Kualitas Super II,Beras,varian,2025-04-16 00:00:00,14750
Beras Kualitas Super II,Beras,varian,2025-04-17 00:00:00,14750
Beras Kualitas Super II,Beras,varian,2025-04-18 00:00:00,14750
Beras Kualitas Super II,Beras,varian,2025-04-21 00:00:00,14750
Beras Kualitas Super II,Beras,varian,2025-04-22 00:00:00,14750
Beras Kualitas Super II,Beras,varian,2025-04-23 00:00:00,14750
Beras Kualitas Super II,Beras,varian,2025-04-24 00:00:00,15000
Beras Kualitas Super II,Beras,varian,2025-04-25 00:00:00,15000
Beras Kualitas Super II,Beras,varian,2025-04-28 00:00:00,15000
Beras Kualitas Super II,Beras,varian,2025-04-29 00:00:00,15000
Beras Kualitas Super II,Beras,varian,2025-04-30 00:00:00,15150
Beras Kualitas Super II,Beras,varian,2025-05-01 00:00:00,15150
Beras Kualitas Super II,Beras,varian,2025-05-02 00:00:00,15150
Beras Kualitas Super II,Beras,varian,2025-05-05 00:00:00,15150
Beras Kualitas Super II,Beras,varian,2025-05-06 00:00:00,15150
Beras Kualitas Super II,Beras,varian,2025-05-07 00:00:00,15150
Beras Kualitas Super II,Beras,varian,2025-05-08 00:00:00,15150
Beras Kualitas Super II,Beras,varian,2025-05-09 00:00:00,15150
Beras Kualitas Super II,Beras,varian,2025-05-12 00:00:00,15150
Beras Kualitas Super II,Beras,varian,2025-05-13 00:00:00,15150
Beras Kualitas Super II,Beras,varian,2025-05-14 00:00:00,15150
Beras Kualitas Super II,Beras,varian,2025-05-15 00:00:00,15150
Beras Kualitas Super II,Beras,varian,2025-05-16 00:00:00,15150
Beras Kualitas Super II,Beras,varian,2025-05-19 00:00:00,15250
Beras Kualitas Super II,Beras,varian,2025-05-20 00:00:00,15250
Beras Kualitas Super II,Beras,varian,2025-05-21 00:00:00,15250
Beras Kualitas Super II,Beras,varian,2025-05-22 00:00:00,15250
Beras Kualitas Super II,Beras,varian,2025-05-23 00:00:00,15250
Beras Kualitas Super II,Beras,varian,2025-05-26 00:00:00,15250
Beras Kualitas Super II,Beras,varian,2025-05-27 00:00:00,15250
Beras Kualitas Super II,Beras,varian,2025-05-28 00:00:00,15250
Beras Kualitas Super II,Beras,varian,2025-05-29 00:00:00,15250
Beras Kualitas Super II,Beras,varian,2025-05-30 00:00:00,15250
Beras Kualitas Super II,Beras,varian,2025-06-02 00:00:00,15250
Beras Kualitas Super II,Beras,varian,2025-06-03 00:00:00,15250
Beras Kualitas Super II,Beras,varian,2025-06-04 00:00:00,15250
Beras Kualitas Super II,Beras,varian,2025-06-05 00:00:00,15250
Beras Kualitas Super II,Beras,varian,2025-06-06 00:00:00,15250
Beras Kualitas Super II,Beras,varian,2025-06-09 00:00:00,15250
Beras Kualitas Super II,Beras,varian,2025-06-10 00:00:00,15500
Beras Kualitas Super II,Beras,varian,2025-06-11 00:00:00,15500
Beras Kualitas Super II,Beras,varian,2025-06-12 00:00:00,15500
Beras Kualitas Super II,Beras,varian,2025-06-13 00:00:00,15500
Beras Kualitas Super II,Beras,varian,2025-06-16 00:00:00,15650
Beras Kualitas Super II,Beras,varian,2025-06-17 00:00:00,15900
Beras Kualitas Super II,Beras,varian,2025-06-18 00:00:00,15900
Beras Kualitas Super II,Beras,varian,2025-06-19 00:00:00,15900
Beras Kualitas Super II,Beras,varian,2025-06-20 00:00:00,15900
Beras Kualitas Super II,Beras,varian,2025-06-23 00:00:00,16500
Beras Kualitas Super II,Beras,varian,2025-06-24 00:00:00,16500
Beras Kualitas Super II,Beras,varian,2025-06-25 00:00:00,16500
Beras Kualitas Super II,Beras,varian,2025-06-26 00:00:00,16500
Beras Kualitas Super II,Beras,varian,2025-06-27 00:00:00,16500
Beras Kualitas Super II,Beras,varian,2025-06-30 00:00:00,16500
Beras Kualitas Super II,Beras,varian,2025-07-01 00:00:00,16500
Beras Kualitas Super II,Beras,varian,2025-07-02 00:00:00,16500
Beras Kualitas Super II,Beras,varian,2025-07-03 00:00:00,16500
Beras Kualitas Super II,Beras,varian,2025-07-04 00:00:00,16500
Beras Kualitas Super II,Beras,varian,2025-07-07 00:00:00,16500
Beras Kualitas Super II,Beras,varian,2025-07-08 00:00:00,16500
Beras Kualitas Super II,Beras,varian,2025-07-09 00:00:00,16500
Beras Kualitas Super II,Beras,varian,2025-07-10 00:00:00,16500
Beras Kualitas Super II,Beras,varian,2025-07-11 00:00:00,16500
Beras Kualitas Super II,Beras,varian,2025-07-14 00:00:00,16650
Beras Kualitas Super II,Beras,varian,2025-07-15 00:00:00,16750
Beras Kualitas Super II,Beras,varian,2025-07-16 00:00:00,16750
Beras Kualitas Super II,Beras,varian,2025-07-17 00:00:00,16750
Beras Kualitas Super II,Beras,varian,2025-07-18 00:00:00,16750
Beras Kualitas Super II,Beras,varian,2025-07-21 00:00:00,16750
Beras Kualitas Super II,Beras,varian,2025-07-22 00:00:00,16750
Beras Kualitas Super II,Beras,varian,2025-07-23 00:00:00,16900
Beras Kualitas Super II,Beras,varian,2025-07-24 00:00:00,16900
Beras Kualitas Super II,Beras,varian,2025-07-25 00:00:00,16900
Beras Kualitas Super II,Beras,varian,2025-07-28 00:00:00,16750
Beras Kualitas Super II,Beras,varian,2025-07-29 00:00:00,16750
Beras Kualitas Super II,Beras,varian,2025-07-30 00:00:00,16750
Beras Kualitas Super II,Beras,varian,2025-07-31 00:00:00,16750
Beras Kualitas Super II,Beras,varian,2025-08-01 00:00:00,16750
Beras Kualitas Super II,Beras,varian,2025-08-04 00:00:00,16750
Beras Kualitas Super II,Beras,varian,2025-08-05 00:00:00,16900
Beras Kualitas Super II,Beras,varian,2025-08-06 00:00:00,16900
Beras Kualitas Super II,Beras,varian,2025-08-07 00:00:00,16900
Beras Kualitas Super II,Beras,varian,2025-08-08 00:00:00,16900
Beras Kualitas Super II,Beras,varian,2025-08-11 00:00:00,16900
Beras Kualitas Super II,Beras,varian,2025-08-12 00:00:00,16750
Beras Kualitas Super II,Beras,varian,2025-08-13 00:00:00,16750
Beras Kualitas Super II,Beras,varian,2025-08-14 00:00:00,16750
Beras Kualitas Super II,Beras,varian,2025-08-15 00:00:00,16750
Beras Kualitas Super II,Beras,varian,2025-08-18 00:00:00,16750
Beras Kualitas Super II,Beras,varian,2025-08-19 00:00:00,16750
Beras Kualitas Super II,Beras,varian,2025-08-20 00:00:00,16750
Beras Kualitas Super II,Beras,varian,2025-08-21 00:00:00,16750
Beras Kualitas Super II,Beras,varian,2025-08-22 00:00:00,16750
Beras Kualitas Super II,Beras,varian,2025-08-25 00:00:00,16750
Beras Kualitas Super II,Beras,varian,2025-08-26 00:00:00,16750
Beras Kualitas Super II,Beras,varian,2025-08-27 00:00:00,16750
Beras Kualitas Super II,Beras,varian,2025-08-28 00:00:00,16500
Beras Kualitas Super II,Beras,varian,2025-08-29 00:00:00,16500
Beras Kualitas Super II,Beras,varian,2025-09-01 00:00:00,16500
Beras Kualitas Super II,Beras,varian,2025-09-02 00:00:00,16500
Beras Kualitas Super II,Beras,varian,2025-09-03 00:00:00,16500
Beras Kualitas Super II,Beras,varian,2025-09-04 00:00:00,16500
Beras Kualitas Super II,Beras,varian,2025-09-05 00:00:00,16500
Beras Kualitas Super II,Beras,varian,2025-09-08 00:00:00,16500
Beras Kualitas Super II,Beras,varian,2025-09-09 00:00:00,16400
Beras Kualitas Super II,Beras,varian,2025-09-10 00:00:00,16400
Beras Kualitas Super II,Beras,varian,2025-09-11 00:00:00,16400
Beras Kualitas Super II,Beras,varian,2025-09-12 00:00:00,16400
Beras Kualitas Super II,Beras,varian,2025-09-15 00:00:00,16400
Beras Kualitas Super II,Beras,varian,2025-09-16 00:00:00,16400
Beras Kualitas Super II,Beras,varian,2025-09-17 00:00:00,16400
Beras Kualitas Super II,Beras,varian,2025-09-18 00:00:00,16400
Beras Kualitas Super II,Beras,varian,2025-09-19 00:00:00,16400
Beras Kualitas Super II,Beras,varian,2025-09-22 00:00:00,16400
Beras Kualitas Super II,Beras,varian,2025-09-23 00:00:00,16250
Beras Kualitas Super II,Beras,varian,2025-09-24 00:00:00,16250
Beras Kualitas Super II,Beras,varian,2025-09-25 00:00:00,16250
Beras Kualitas Super II,Beras,varian,2025-09-26 00:00:00,16250
Beras Kualitas Super II,Beras,varian,2025-09-29 00:00:00,16250
Beras Kualitas Super II,Beras,varian,2025-09-30 00:00:00,16250
Beras Kualitas Super II,Beras,varian,2025-10-01 00:00:00,16250
Beras Kualitas Super II,Beras,varian,2025-10-02 00:00:00,16250
Beras Kualitas Super II,Beras,varian,2025-10-03 00:00:00,16250
Beras Kualitas Super II,Beras,varian,2025-10-06 00:00:00,16250
Beras Kualitas Super II,Beras,varian,2025-10-07 00:00:00,16250
Beras Kualitas Super II,Beras,varian,2025-10-08 00:00:00,16250
Beras Kualitas Super II,Beras,varian,2025-10-09 00:00:00,16250
Beras Kualitas Super II,Beras,varian,2025-10-10 00:00:00,16250
Beras Kualitas Super II,Beras,varian,2025-10-13 00:00:00,16150
Beras Kualitas Super II,Beras,varian,2025-10-14 00:00:00,16150
Beras Kualitas Super II,Beras,varian,2025-10-15 00:00:00,16150
Beras Kualitas Super II,Beras,varian,2025-10-16 00:00:00,16250
Beras Kualitas Super II,Beras,varian,2025-10-17 00:00:00,16250
Beras Kualitas Super II,Beras,varian,2025-10-20 00:00:00,16000
Beras Kualitas Super II,Beras,varian,2025-10-21 00:00:00,16000
Beras Kualitas Super II,Beras,varian,2025-10-22 00:00:00,16000
Beras Kualitas Super II,Beras,varian,2025-10-23 00:00:00,16000
Beras Kualitas Super II,Beras,varian,2025-10-24 00:00:00,16000
Beras Kualitas Super II,Beras,varian,2025-10-27 00:00:00,16000
Beras Kualitas Super II,Beras,varian,2025-10-28 00:00:00,15900
Beras Kualitas Super II,Beras,varian,2025-10-29 00:00:00,15900
Beras Kualitas Super II,Beras,varian,2025-10-30 00:00:00,15900
Beras Kualitas Super II,Beras,varian,2025-10-31 00:00:00,15900
Beras Kualitas Super II,Beras,varian,2025-11-03 00:00:00,15900
Beras Kualitas Super II,Beras,varian,2025-11-04 00:00:00,15900
Beras Kualitas Super II,Beras,varian,2025-11-05 00:00:00,15900
Beras Kualitas Super II,Beras,varian,2025-11-06 00:00:00,15900
Beras Kualitas Super II,Beras,varian,2025-11-07 00:00:00,15900
Beras Kualitas Super II,Beras,varian,2025-11-10 00:00:00,15900
Beras Kualitas Super II,Beras,varian,2025-11-11 00:00:00,15900
Beras Kualitas Super II,Beras,varian,2025-11-12 00:00:00,15900
Beras Kualitas Super II,Beras,varian,2025-11-13 00:00:00,15900
Beras Kualitas Super II,Beras,varian,2025-11-14 00:00:00,15900
Beras Kualitas Super II,Beras,varian,2025-11-17 00:00:00,15900
Beras Kualitas Super II,Beras,varian,2025-11-18 00:00:00,15900
Beras Kualitas Super II,Beras,varian,2025-11-19 00:00:00,15900
Beras Kualitas Super II,Beras,varian,2025-11-20 00:00:00,15900
Beras Kualitas Super II,Beras,varian,2025-11-21 00:00:00,15900
Beras Kualitas Super II,Beras,varian,2025-11-24 00:00:00,15900
Beras Kualitas Super II,Beras,varian,2025-11-25 00:00:00,15900
Beras Kualitas Super II,Beras,varian,2025-11-26 00:00:00,15900
Beras Kualitas Super II,Beras,varian,2025-11-27 00:00:00,15650
Beras Kualitas Super II,Beras,varian,2025-11-28 00:00:00,15650
Beras Kualitas Super II,Beras,varian,2025-12-01 00:00:00,15650
Beras Kualitas Super II,Beras,varian,2025-12-02 00:00:00,15650
Beras Kualitas Super II,Beras,varian,2025-12-03 00:00:00,15650
Beras Kualitas Super II,Beras,varian,2025-12-04 00:00:00,15650
Beras Kualitas Super II,Beras,varian,2025-12-05 00:00:00,15650
Beras Kualitas Super II,Beras,varian,2025-12-08 00:00:00,15650
Beras Kualitas Super II,Beras,varian,2025-12-09 00:00:00,15650
Beras Kualitas Super II,Beras,varian,2025-12-10 00:00:00,15650
Beras Kualitas Super II,Beras,varian,2025-12-11 00:00:00,15650
Beras Kualitas Super II,Beras,varian,2025-12-12 00:00:00,15650
Beras Kualitas Super II,Beras,varian,2025-12-15 00:00:00,15650
Beras Kualitas Super II,Beras,varian,2025-12-16 00:00:00,15650
Beras Kualitas Super II,Beras,varian,2025-12-17 00:00:00,15650
Beras Kualitas Super II,Beras,varian,2025-12-18 00:00:00,15650
Beras Kualitas Super II,Beras,varian,2025-12-19 00:00:00,15650
Beras Kualitas Super II,Beras,varian,2025-12-22 00:00:00,15650
Beras Kualitas Super II,Beras,varian,2025-12-23 00:00:00,15650
Beras Kualitas Super II,Beras,varian,2025-12-24 00:00:00,15650
Beras Kualitas Super II,Beras,varian,2025-12-25 00:00:00,15650
Beras Kualitas Super II,Beras,varian,2025-12-26 00:00:00,15650
Beras Kualitas Super II,Beras,varian,2025-12-29 00:00:00,15900
Beras Kualitas Super II,Beras,varian,2025-12-30 00:00:00,15900
Beras Kualitas Super II,Beras,varian,2025-12-31 00:00:00,15900
Beras Kualitas Super II,Beras,varian,2026-01-01 00:00:00,15900
Beras Kualitas Super II,Beras,varian,2026-01-02 00:00:00,15900
Beras Kualitas Super II,Beras,varian,2026-01-05 00:00:00,15900
Beras Kualitas Super II,Beras,varian,2026-01-06 00:00:00,15900
Beras Kualitas Super II,Beras,varian,2026-01-07 00:00:00,15900
Beras Kualitas Super II,Beras,varian,2026-01-08 00:00:00,15900
Beras Kualitas Super II,Beras,varian,2026-01-09 00:00:00,15900
Beras Kualitas Super II,Beras,varian,2026-01-12 00:00:00,15900
Beras Kualitas Super II,Beras,varian,2026-01-13 00:00:00,15900
Beras Kualitas Super II,Beras,varian,2026-01-14 00:00:00,15900
Beras Kualitas Super II,Beras,varian,2026-01-15 00:00:00,15650
Beras Kualitas Super II,Beras,varian,2026-01-16 00:00:00,15650
Beras Kualitas Super II,Beras,varian,2026-01-19 00:00:00,15650
Beras Kualitas Super II,Beras,varian,2026-01-20 00:00:00,15650
Beras Kualitas Super II,Beras,varian,2026-01-21 00:00:00,15650
Beras Kualitas Super II,Beras,varian,2026-01-22 00:00:00,15650
Beras Kualitas Super II,Beras,varian,2026-01-23 00:00:00,15650
Beras Kualitas Super II,Beras,varian,2026-01-26 00:00:00,15650
Beras Kualitas Super II,Beras,varian,2026-01-27 00:00:00,15650
Beras Kualitas Super II,Beras,varian,2026-01-28 00:00:00,15650
Beras Kualitas Super II,Beras,varian,2026-01-29 00:00:00,15650
Beras Kualitas Super II,Beras,varian,2026-01-30 00:00:00,15650
Beras Kualitas Super II,Beras,varian,2026-02-02 00:00:00,15650
Beras Kualitas Super II,Beras,varian,2026-02-03 00:00:00,15650
Beras Kualitas Super II,Beras,varian,2026-02-04 00:00:00,15650
Beras Kualitas Super II,Beras,varian,2026-02-05 00:00:00,15650
Beras Kualitas Super II,Beras,varian,2026-02-06 00:00:00,15650
Beras Kualitas Super II,Beras,varian,2026-02-09 00:00:00,15650
Beras Kualitas Super II,Beras,varian,2026-02-10 00:00:00,15650
Beras Kualitas Super II,Beras,varian,2026-02-11 00:00:00,15650
Beras Kualitas Super II,Beras,varian,2026-02-12 00:00:00,15650
Beras Kualitas Super II,Beras,varian,2026-02-13 00:00:00,15500
Beras Kualitas Super II,Beras,varian,2026-02-16 00:00:00,15500
Beras Kualitas Super II,Beras,varian,2026-02-17 00:00:00,15500
Beras Kualitas Super II,Beras,varian,2026-02-18 00:00:00,15500
Beras Kualitas Super II,Beras,varian,2026-02-19 00:00:00,15650
Beras Kualitas Super II,Beras,varian,2026-02-20 00:00:00,15650
Beras Kualitas Super II,Beras,varian,2026-02-23 00:00:00,15650
Beras Kualitas Super II,Beras,varian,2026-02-24 00:00:00,15650
Beras Kualitas Super II,Beras,varian,2026-02-25 00:00:00,15650
Beras Kualitas Super II,Beras,varian,2026-02-26 00:00:00,15650
Beras Kualitas Super II,Beras,varian,2026-02-27 00:00:00,15650
Beras Kualitas Super II,Beras,varian,2026-03-02 00:00:00,15650
Beras Kualitas Super II,Beras,varian,2026-03-03 00:00:00,15650
Beras Kualitas Super II,Beras,varian,2026-03-04 00:00:00,15650
Beras Kualitas Super II,Beras,varian,2026-03-05 00:00:00,15650
Beras Kualitas Super II,Beras,varian,2026-03-06 00:00:00,15650
Beras Kualitas Super II,Beras,varian,2026-03-09 00:00:00,15650
Beras Kualitas Super II,Beras,varian,2026-03-10 00:00:00,15650
Beras Kualitas Super II,Beras,varian,2026-03-11 00:00:00,15650
Beras Kualitas Super II,Beras,varian,2026-03-12 00:00:00,15750
Beras Kualitas Super II,Beras,varian,2026-03-13 00:00:00,15750
Beras Kualitas Super II,Beras,varian,2026-03-16 00:00:00,15750
Beras Kualitas Super II,Beras,varian,2026-03-17 00:00:00,15750
Beras Kualitas Super II,Beras,varian,2026-03-18 00:00:00,15750
Beras Kualitas Super II,Beras,varian,2026-03-19 00:00:00,15750
Beras Kualitas Super II,Beras,varian,2026-03-20 00:00:00,15750
Beras Kualitas Super II,Beras,varian,2026-03-23 00:00:00,15750
Beras Kualitas Super II,Beras,varian,2026-03-24 00:00:00,15750
Beras Kualitas Super II,Beras,varian,2026-03-25 00:00:00,15750
Beras Kualitas Super II,Beras,varian,2026-03-26 00:00:00,15750
Beras Kualitas Super II,Beras,varian,2026-03-27 00:00:00,15750
Beras Kualitas Super II,Beras,varian,2026-03-30 00:00:00,15750
Beras Kualitas Super II,Beras,varian,2026-03-31 00:00:00,15750
Beras Kualitas Super II,Beras,varian,2026-04-01 00:00:00,15750
Beras Kualitas Super II,Beras,varian,2026-04-02 00:00:00,15750
Beras Kualitas Super II,Beras,varian,2026-04-03 00:00:00,15750
Beras Kualitas Super II,Beras,varian,2026-04-06 00:00:00,15750
Beras Kualitas Super II,Beras,varian,2026-04-07 00:00:00,15750
Beras Kualitas Super II,Beras,varian,2026-04-08 00:00:00,15750
Beras Kualitas Super II,Beras,varian,2026-04-09 00:00:00,15750
Beras Kualitas Super II,Beras,varian,2026-04-10 00:00:00,15750
Beras Kualitas Super II,Beras,varian,2026-04-13 00:00:00,15750
Beras Kualitas Super II,Beras,varian,2026-04-14 00:00:00,15750
Beras Kualitas Super II,Beras,varian,2026-04-15 00:00:00,15750
Beras Kualitas Super II,Beras,varian,2026-04-16 00:00:00,15750
Beras Kualitas Super II,Beras,varian,2026-04-17 00:00:00,15750
Beras Kualitas Super II,Beras,varian,2026-04-20 00:00:00,15750
Beras Kualitas Super II,Beras,varian,2026-04-21 00:00:00,15750
Beras Kualitas Super II,Beras,varian,2026-04-22 00:00:00,15750
Beras Kualitas Super II,Beras,varian,2026-04-23 00:00:00,15750
Beras Kualitas Super II,Beras,varian,2026-04-24 00:00:00,15750
Beras Kualitas Super II,Beras,varian,2026-04-27 00:00:00,15900
Beras Kualitas Super II,Beras,varian,2026-04-28 00:00:00,15900
Beras Kualitas Super II,Beras,varian,2026-04-29 00:00:00,15900
Beras Kualitas Super II,Beras,varian,2026-04-30 00:00:00,15900
Beras Kualitas Super II,Beras,varian,2026-05-01 00:00:00,15900
Beras Kualitas Super II,Beras,varian,2026-05-04 00:00:00,15900
Beras Kualitas Super II,Beras,varian,2026-05-05 00:00:00,15900
Beras Kualitas Super II,Beras,varian,2026-05-06 00:00:00,15900
Beras Kualitas Super II,Beras,varian,2026-05-07 00:00:00,15900
Beras Kualitas Super II,Beras,varian,2026-05-08 00:00:00,15900
Beras Kualitas Super II,Beras,varian,2026-05-11 00:00:00,15900
Beras Kualitas Super II,Beras,varian,2026-05-12 00:00:00,15900
Beras Kualitas Super II,Beras,varian,2026-05-13 00:00:00,15900
Beras Kualitas Super II,Beras,varian,2026-05-14 00:00:00,15900
Beras Kualitas Super II,Beras,varian,2026-05-15 00:00:00,15900
Beras Kualitas Super II,Beras,varian,2026-05-18 00:00:00,15900
Beras Kualitas Super II,Beras,varian,2026-05-19 00:00:00,15900
Beras Kualitas Super II,Beras,varian,2026-05-20 00:00:00,15900
Beras Kualitas Super II,Beras,varian,2026-05-21 00:00:00,15900
Beras Kualitas Super II,Beras,varian,2026-05-22 00:00:00,15900
Beras Kualitas Super II,Beras,varian,2026-05-25 00:00:00,15900
Beras Kualitas Super II,Beras,varian,2026-05-26 00:00:00,15900
Beras Kualitas Super II,Beras,varian,2026-05-27 00:00:00,15900
Beras Kualitas Super II,Beras,varian,2026-05-28 00:00:00,15900
Beras Kualitas Super II,Beras,varian,2026-05-29 00:00:00,15900
Beras Kualitas Super II,Beras,varian,2026-06-01 00:00:00,15900
Beras Kualitas Super II,Beras,varian,2026-06-02 00:00:00,15900
Beras Kualitas Super II,Beras,varian,2026-06-03 00:00:00,15900
Beras Kualitas Super II,Beras,varian,2026-06-04 00:00:00,15900
Beras Kualitas Super II,Beras,varian,2026-06-05 00:00:00,15900
Beras Kualitas Super II,Beras,varian,2026-06-08 00:00:00,15900
Beras Kualitas Super II,Beras,varian,2026-06-09 00:00:00,15900
Beras Kualitas Super II,Beras,varian,2026-06-10 00:00:00,15900
Beras Kualitas Super II,Beras,varian,2026-06-11 00:00:00,16150
Beras Kualitas Super II,Beras,varian,2026-06-12 00:00:00,16150
Beras Kualitas Super II,Beras,varian,2026-06-15 00:00:00,16150
Beras Kualitas Super II,Beras,varian,2026-06-16 00:00:00,16150
Beras Kualitas Super II,Beras,varian,2026-06-17 00:00:00,16150
Beras Kualitas Super II,Beras,varian,2026-06-18 00:00:00,16150
Beras Kualitas Super II,Beras,varian,2026-06-19 00:00:00,16150
Beras Kualitas Super II,Beras,varian,2026-06-22 00:00:00,16150
Beras Kualitas Super II,Beras,varian,2026-06-23 00:00:00,16150
Beras Kualitas Super II,Beras,varian,2026-06-24 00:00:00,16150
Beras Kualitas Super II,Beras,varian,2026-06-25 00:00:00,16500
Beras Kualitas Super II,Beras,varian,2026-06-26 00:00:00,16500
Beras Kualitas Super II,Beras,varian,2026-06-29 00:00:00,16500
Beras Kualitas Super II,Beras,varian,2026-06-30 00:00:00,16650
Beras Kualitas Super II,Beras,varian,2026-07-01 00:00:00,16650
Beras Kualitas Super II,Beras,varian,2026-07-02 00:00:00,16650
Beras Kualitas Super II,Beras,varian,2026-07-03 00:00:00,16650
Beras Kualitas Super II,Beras,varian,2026-07-06 00:00:00,16650
Beras Kualitas Super II,Beras,varian,2026-07-07 00:00:00,16650
Beras Kualitas Super II,Beras,varian,2026-07-08 00:00:00,16650
Beras Kualitas Super II,Beras,varian,2026-07-09 00:00:00,16650
Beras Kualitas Super II,Beras,varian,2026-07-10 00:00:00,16650
Beras Kualitas Super II,Beras,varian,2026-07-13 00:00:00,16650
Beras Kualitas Super II,Beras,varian,2026-07-14 00:00:00,16650
Beras Kualitas Super II,Beras,varian,2026-07-15 00:00:00,16650
Beras Kualitas Super II,Beras,varian,2026-07-16 00:00:00,16650
Beras Kualitas Super II,Beras,varian,2026-07-17 00:00:00,16750
Beras Kualitas Super II,Beras,varian,2026-07-20 00:00:00,16750
Beras Kualitas Super II,Beras,varian,2026-07-21 00:00:00,16750
Beras Kualitas Super II,Beras,varian,2026-07-22 00:00:00,16750
Beras Kualitas Super II,Beras,varian,2026-07-23 00:00:00,16750
Beras Kualitas Super II,Beras,varian,2026-07-24 00:00:00,16750
Beras Kualitas Super II,Beras,varian,2026-07-27 00:00:00,16750
Beras Kualitas Super II,Beras,varian,2026-07-28 00:00:00,16750
Beras Kualitas Super II,Beras,varian,2026-07-29 00:00:00,16750
Beras Kualitas Super II,Beras,varian,2026-07-30 00:00:00,16750
Beras Kualitas Super II,Beras,varian,2026-07-31 00:00:00,16750
Beras Kualitas Super II,Beras,varian,2026-08-03 00:00:00,16750
Beras Kualitas Super II,Beras,varian,2026-08-04 00:00:00,16750
Beras Kualitas Super II,Beras,varian,2026-08-05 00:00:00,16900
Beras Kualitas Super II,Beras,varian,2026-08-06 00:00:00,16900
Beras Kualitas Super II,Beras,varian,2026-08-07 00:00:00,16900
Beras Kualitas Super II,Beras,varian,2026-08-10 00:00:00,16900
Beras Kualitas Super II,Beras,varian,2026-08-11 00:00:00,16900
Beras Kualitas Super II,Beras,varian,2026-08-12 00:00:00,16900
Beras Kualitas Super II,Beras,varian,2026-08-13 00:00:00,16900
Beras Kualitas Super II,Beras,varian,2026-08-14 00:00:00,16900
Beras Kualitas Super II,Beras,varian,2026-08-17 00:00:00,16900
Beras Kualitas Super II,Beras,varian,2026-08-18 00:00:00,16900
Beras Kualitas Super II,Beras,varian,2026-08-19 00:00:00,16900
Beras Kualitas Super II,Beras,varian,2026-08-20 00:00:00,16900
Beras Kualitas Super II,Beras,varian,2026-08-21 00:00:00,16900
Beras Kualitas Super II,Beras,varian,2026-08-24 00:00:00,16900
Beras Kualitas Super II,Beras,varian,2026-08-25 00:00:00,16900
Beras Kualitas Super II,Beras,varian,2026-08-26 00:00:00,16900
Beras Kualitas Super II,Beras,varian,2026-08-27 00:00:00,16900
Beras Kualitas Super II,Beras,varian,2026-08-28 00:00:00,16900
Beras Kualitas Super II,Beras,varian,2026-08-31 00:00:00,16900
Beras Kualitas Super II,Beras,varian,2026-09-01 00:00:00,16900
Beras Kualitas Super II,Beras,varian,2026-09-02 00:00:00,17000
Beras Kualitas Super II,Beras,varian,2026-09-03 00:00:00,17000
Beras Kualitas Super II,Beras,varian,2026-09-04 00:00:00,17000
Beras Kualitas Super II,Beras,varian,2026-09-07 00:00:00,16900
Beras Kualitas Super II,Beras,varian,2026-09-08 00:00:00,16900
Cabai Merah,Cabai Merah,kategori,2025-01-01 00:00:00,28500
Cabai Merah,Cabai Merah,kategori,2025-01-02 00:00:00,30250
Cabai Merah,Cabai Merah,kategori,2025-01-03 00:00:00,31250
Cabai Merah,Cabai Merah,kategori,2025-01-06 00:00:00,29500
Cabai Merah,Cabai Merah,kategori,2025-01-07 00:00:00,33250
Cabai Merah,Cabai Merah,kategori,2025-01-08 00:00:00,30500
Cabai Merah,Cabai Merah,kategori,2025-01-09 00:00:00,32750
Cabai Merah,Cabai Merah,kategori,2025-01-10 00:00:00,34000
Cabai Merah,Cabai Merah,kategori,2025-01-13 00:00:00,34250
Cabai Merah,Cabai Merah,kategori,2025-01-14 00:00:00,32000
Cabai Merah,Cabai Merah,kategori,2025-01-15 00:00:00,32250
Cabai Merah,Cabai Merah,kategori,2025-01-16 00:00:00,31750
Cabai Merah,Cabai Merah,kategori,2025-01-17 00:00:00,30000
Cabai Merah,Cabai Merah,kategori,2025-01-20 00:00:00,30000
Cabai Merah,Cabai Merah,kategori,2025-01-21 00:00:00,30000
Cabai Merah,Cabai Merah,kategori,2025-01-22 00:00:00,29000
Cabai Merah,Cabai Merah,kategori,2025-01-23 00:00:00,27750
Cabai Merah,Cabai Merah,kategori,2025-01-24 00:00:00,29000
Cabai Merah,Cabai Merah,kategori,2025-01-27 00:00:00,29000
Cabai Merah,Cabai Merah,kategori,2025-01-28 00:00:00,29000
Cabai Merah,Cabai Merah,kategori,2025-01-29 00:00:00,29000
Cabai Merah,Cabai Merah,kategori,2025-01-30 00:00:00,29500
Cabai Merah,Cabai Merah,kategori,2025-01-31 00:00:00,29500
Cabai Merah,Cabai Merah,kategori,2025-02-03 00:00:00,32250
Cabai Merah,Cabai Merah,kategori,2025-02-04 00:00:00,32000
Cabai Merah,Cabai Merah,kategori,2025-02-05 00:00:00,31250
Cabai Merah,Cabai Merah,kategori,2025-02-06 00:00:00,27250
Cabai Merah,Cabai Merah,kategori,2025-02-07 00:00:00,24250
Cabai Merah,Cabai Merah,kategori,2025-02-10 00:00:00,27250
Cabai Merah,Cabai Merah,kategori,2025-02-11 00:00:00,24500
Cabai Merah,Cabai Merah,kategori,2025-02-12 00:00:00,24500
Cabai Merah,Cabai Merah,kategori,2025-02-13 00:00:00,24000
Cabai Merah,Cabai Merah,kategori,2025-02-14 00:00:00,24250
Cabai Merah,Cabai Merah,kategori,2025-02-17 00:00:00,28250
Cabai Merah,Cabai Merah,kategori,2025-02-18 00:00:00,30250
Cabai Merah,Cabai Merah,kategori,2025-02-19 00:00:00,34000
Cabai Merah,Cabai Merah,kategori,2025-02-20 00:00:00,34000
Cabai Merah,Cabai Merah,kategori,2025-02-21 00:00:00,33000
Cabai Merah,Cabai Merah,kategori,2025-02-24 00:00:00,50750
Cabai Merah,Cabai Merah,kategori,2025-02-25 00:00:00,46000
Cabai Merah,Cabai Merah,kategori,2025-02-26 00:00:00,45750
Cabai Merah,Cabai Merah,kategori,2025-02-27 00:00:00,42500
Cabai Merah,Cabai Merah,kategori,2025-02-28 00:00:00,39500
Cabai Merah,Cabai Merah,kategori,2025-03-03 00:00:00,52000
Cabai Merah,Cabai Merah,kategori,2025-03-04 00:00:00,52000
Cabai Merah,Cabai Merah,kategori,2025-03-05 00:00:00,44500
Cabai Merah,Cabai Merah,kategori,2025-03-06 00:00:00,43000
Cabai Merah,Cabai Merah,kategori,2025-03-07 00:00:00,40000
Cabai Merah,Cabai Merah,kategori,2025-03-10 00:00:00,42250
Cabai Merah,Cabai Merah,kategori,2025-03-11 00:00:00,41250
Cabai Merah,Cabai Merah,kategori,2025-03-12 00:00:00,43500
Cabai Merah,Cabai Merah,kategori,2025-03-13 00:00:00,43500
Cabai Merah,Cabai Merah,kategori,2025-03-14 00:00:00,43750
Cabai Merah,Cabai Merah,kategori,2025-03-17 00:00:00,50000
Cabai Merah,Cabai Merah,kategori,2025-03-18 00:00:00,48000
Cabai Merah,Cabai Merah,kategori,2025-03-19 00:00:00,44250
Cabai Merah,Cabai Merah,kategori,2025-03-20 00:00:00,44250
Cabai Merah,Cabai Merah,kategori,2025-03-21 00:00:00,44250
Cabai Merah,Cabai Merah,kategori,2025-03-24 00:00:00,46000
Cabai Merah,Cabai Merah,kategori,2025-03-25 00:00:00,43000
Cabai Merah,Cabai Merah,kategori,2025-03-26 00:00:00,49000
Cabai Merah,Cabai Merah,kategori,2025-03-27 00:00:00,47250
Cabai Merah,Cabai Merah,kategori,2025-03-28 00:00:00,47250
Cabai Merah,Cabai Merah,kategori,2025-03-31 00:00:00,47250
Cabai Merah,Cabai Merah,kategori,2025-04-01 00:00:00,47250
Cabai Merah,Cabai Merah,kategori,2025-04-02 00:00:00,47250
Cabai Merah,Cabai Merah,kategori,2025-04-03 00:00:00,47250
Cabai Merah,Cabai Merah,kategori,2025-04-04 00:00:00,47250
Cabai Merah,Cabai Merah,kategori,2025-04-07 00:00:00,47250
Cabai Merah,Cabai Merah,kategori,2025-04-08 00:00:00,46000
Cabai Merah,Cabai Merah,kategori,2025-04-09 00:00:00,42500
Cabai Merah,Cabai Merah,kategori,2025-04-10 00:00:00,39750
Cabai Merah,Cabai Merah,kategori,2025-04-11 00:00:00,35750
Cabai Merah,Cabai Merah,kategori,2025-04-14 00:00:00,56050
Cabai Merah,Cabai Merah,kategori,2025-04-15 00:00:00,50000
Cabai Merah,Cabai Merah,kategori,2025-04-16 00:00:00,50000
Cabai Merah,Cabai Merah,kategori,2025-04-17 00:00:00,50750
Cabai Merah,Cabai Merah,kategori,2025-04-18 00:00:00,50750
Cabai Merah,Cabai Merah,kategori,2025-04-21 00:00:00,63750
Cabai Merah,Cabai Merah,kategori,2025-04-22 00:00:00,55250
Cabai Merah,Cabai Merah,kategori,2025-04-23 00:00:00,54000
Cabai Merah,Cabai Merah,kategori,2025-04-24 00:00:00,50000
Cabai Merah,Cabai Merah,kategori,2025-04-25 00:00:00,49750
Cabai Merah,Cabai Merah,kategori,2025-04-28 00:00:00,58000
Cabai Merah,Cabai Merah,kategori,2025-04-29 00:00:00,57250
Cabai Merah,Cabai Merah,kategori,2025-04-30 00:00:00,62500
Cabai Merah,Cabai Merah,kategori,2025-05-01 00:00:00,62500
Cabai Merah,Cabai Merah,kategori,2025-05-02 00:00:00,69000
Cabai Merah,Cabai Merah,kategori,2025-05-05 00:00:00,91250
Cabai Merah,Cabai Merah,kategori,2025-05-06 00:00:00,77500
Cabai Merah,Cabai Merah,kategori,2025-05-07 00:00:00,75000
Cabai Merah,Cabai Merah,kategori,2025-05-08 00:00:00,74000
Cabai Merah,Cabai Merah,kategori,2025-05-09 00:00:00,72500
Cabai Merah,Cabai Merah,kategori,2025-05-12 00:00:00,72500
Cabai Merah,Cabai Merah,kategori,2025-05-13 00:00:00,72500
Cabai Merah,Cabai Merah,kategori,2025-05-14 00:00:00,66250
Cabai Merah,Cabai Merah,kategori,2025-05-15 00:00:00,66750
Cabai Merah,Cabai Merah,kategori,2025-05-16 00:00:00,65250
Cabai Merah,Cabai Merah,kategori,2025-05-19 00:00:00,61500
Cabai Merah,Cabai Merah,kategori,2025-05-20 00:00:00,61000
Cabai Merah,Cabai Merah,kategori,2025-05-21 00:00:00,60000
Cabai Merah,Cabai Merah,kategori,2025-05-22 00:00:00,54000
Cabai Merah,Cabai Merah,kategori,2025-05-23 00:00:00,52750
Cabai Merah,Cabai Merah,kategori,2025-05-26 00:00:00,50250
Cabai Merah,Cabai Merah,kategori,2025-05-27 00:00:00,49000
Cabai Merah,Cabai Merah,kategori,2025-05-28 00:00:00,47750
Cabai Merah,Cabai Merah,kategori,2025-05-29 00:00:00,47750
Cabai Merah,Cabai Merah,kategori,2025-05-30 00:00:00,47750
Cabai Merah,Cabai Merah,kategori,2025-06-02 00:00:00,52500
Cabai Merah,Cabai Merah,kategori,2025-06-03 00:00:00,52500
Cabai Merah,Cabai Merah,kategori,2025-06-04 00:00:00,53750
Cabai Merah,Cabai Merah,kategori,2025-06-05 00:00:00,59000
Cabai Merah,Cabai Merah,kategori,2025-06-06 00:00:00,59000
Cabai Merah,Cabai Merah,kategori,2025-06-09 00:00:00,59000
Cabai Merah,Cabai Merah,kategori,2025-06-10 00:00:00,66500
Cabai Merah,Cabai Merah,kategori,2025-06-11 00:00:00,57750
Cabai Merah,Cabai Merah,kategori,2025-06-12 00:00:00,56750
Cabai Merah,Cabai Merah,kategori,2025-06-13 00:00:00,57750
Cabai Merah,Cabai Merah,kategori,2025-06-16 00:00:00,58750
Cabai Merah,Cabai Merah,kategori,2025-06-17 00:00:00,55000
Cabai Merah,Cabai Merah,kategori,2025-06-18 00:00:00,54000
Cabai Merah,Cabai Merah,kategori,2025-06-19 00:00:00,51250
Cabai Merah,Cabai Merah,kategori,2025-06-20 00:00:00,47500
Cabai Merah,Cabai Merah,kategori,2025-06-23 00:00:00,50000
Cabai Merah,Cabai Merah,kategori,2025-06-24 00:00:00,50000
Cabai Merah,Cabai Merah,kategori,2025-06-25 00:00:00,51500
Cabai Merah,Cabai Merah,kategori,2025-06-26 00:00:00,55250
Cabai Merah,Cabai Merah,kategori,2025-06-27 00:00:00,55250
Cabai Merah,Cabai Merah,kategori,2025-06-30 00:00:00,50000
Cabai Merah,Cabai Merah,kategori,2025-07-01 00:00:00,46500
Cabai Merah,Cabai Merah,kategori,2025-07-02 00:00:00,46500
Cabai Merah,Cabai Merah,kategori,2025-07-03 00:00:00,44250
Cabai Merah,Cabai Merah,kategori,2025-07-04 00:00:00,44250
Cabai Merah,Cabai Merah,kategori,2025-07-07 00:00:00,66250
Cabai Merah,Cabai Merah,kategori,2025-07-08 00:00:00,64000
Cabai Merah,Cabai Merah,kategori,2025-07-09 00:00:00,56500
Cabai Merah,Cabai Merah,kategori,2025-07-10 00:00:00,58750
Cabai Merah,Cabai Merah,kategori,2025-07-11 00:00:00,58750
Cabai Merah,Cabai Merah,kategori,2025-07-14 00:00:00,65000
Cabai Merah,Cabai Merah,kategori,2025-07-15 00:00:00,57500
Cabai Merah,Cabai Merah,kategori,2025-07-16 00:00:00,57500
Cabai Merah,Cabai Merah,kategori,2025-07-17 00:00:00,60000
Cabai Merah,Cabai Merah,kategori,2025-07-18 00:00:00,60000
Cabai Merah,Cabai Merah,kategori,2025-07-21 00:00:00,62250
Cabai Merah,Cabai Merah,kategori,2025-07-22 00:00:00,56250
Cabai Merah,Cabai Merah,kategori,2025-07-23 00:00:00,54250
Cabai Merah,Cabai Merah,kategori,2025-07-24 00:00:00,52750
Cabai Merah,Cabai Merah,kategori,2025-07-25 00:00:00,47500
Cabai Merah,Cabai Merah,kategori,2025-07-28 00:00:00,36750
Cabai Merah,Cabai Merah,kategori,2025-07-29 00:00:00,32750
Cabai Merah,Cabai Merah,kategori,2025-07-30 00:00:00,26250
Cabai Merah,Cabai Merah,kategori,2025-07-31 00:00:00,23250
Cabai Merah,Cabai Merah,kategori,2025-08-01 00:00:00,22250
Cabai Merah,Cabai Merah,kategori,2025-08-04 00:00:00,21000
Cabai Merah,Cabai Merah,kategori,2025-08-05 00:00:00,21000
Cabai Merah,Cabai Merah,kategori,2025-08-06 00:00:00,21000
Cabai Merah,Cabai Merah,kategori,2025-08-07 00:00:00,22250
Cabai Merah,Cabai Merah,kategori,2025-08-08 00:00:00,23500
Cabai Merah,Cabai Merah,kategori,2025-08-11 00:00:00,36250
Cabai Merah,Cabai Merah,kategori,2025-08-12 00:00:00,35000
Cabai Merah,Cabai Merah,kategori,2025-08-13 00:00:00,35000
Cabai Merah,Cabai Merah,kategori,2025-08-14 00:00:00,33750
Cabai Merah,Cabai Merah,kategori,2025-08-15 00:00:00,33500
Cabai Merah,Cabai Merah,kategori,2025-08-18 00:00:00,33500
Cabai Merah,Cabai Merah,kategori,2025-08-19 00:00:00,27000
Cabai Merah,Cabai Merah,kategori,2025-08-20 00:00:00,24250
Cabai Merah,Cabai Merah,kategori,2025-08-21 00:00:00,24250
Cabai Merah,Cabai Merah,kategori,2025-08-22 00:00:00,23500
Cabai Merah,Cabai Merah,kategori,2025-08-25 00:00:00,20000
Cabai Merah,Cabai Merah,kategori,2025-08-26 00:00:00,20000
Cabai Merah,Cabai Merah,kategori,2025-08-27 00:00:00,22000
Cabai Merah,Cabai Merah,kategori,2025-08-28 00:00:00,20000
Cabai Merah,Cabai Merah,kategori,2025-08-29 00:00:00,20000
Cabai Merah,Cabai Merah,kategori,2025-09-01 00:00:00,26250
Cabai Merah,Cabai Merah,kategori,2025-09-02 00:00:00,24750
Cabai Merah,Cabai Merah,kategori,2025-09-03 00:00:00,24500
Cabai Merah,Cabai Merah,kategori,2025-09-04 00:00:00,24500
Cabai Merah,Cabai Merah,kategori,2025-09-05 00:00:00,24500
Cabai Merah,Cabai Merah,kategori,2025-09-08 00:00:00,28500
Cabai Merah,Cabai Merah,kategori,2025-09-09 00:00:00,26250
Cabai Merah,Cabai Merah,kategori,2025-09-10 00:00:00,26750
Cabai Merah,Cabai Merah,kategori,2025-09-11 00:00:00,26250
Cabai Merah,Cabai Merah,kategori,2025-09-12 00:00:00,25750
Cabai Merah,Cabai Merah,kategori,2025-09-15 00:00:00,29000
Cabai Merah,Cabai Merah,kategori,2025-09-16 00:00:00,28500
Cabai Merah,Cabai Merah,kategori,2025-09-17 00:00:00,28250
Cabai Merah,Cabai Merah,kategori,2025-09-18 00:00:00,28250
Cabai Merah,Cabai Merah,kategori,2025-09-19 00:00:00,30500
Cabai Merah,Cabai Merah,kategori,2025-09-22 00:00:00,31750
Cabai Merah,Cabai Merah,kategori,2025-09-23 00:00:00,31250
Cabai Merah,Cabai Merah,kategori,2025-09-24 00:00:00,32750
Cabai Merah,Cabai Merah,kategori,2025-09-25 00:00:00,33500
Cabai Merah,Cabai Merah,kategori,2025-09-26 00:00:00,33500
Cabai Merah,Cabai Merah,kategori,2025-09-29 00:00:00,38000
Cabai Merah,Cabai Merah,kategori,2025-09-30 00:00:00,31750
Cabai Merah,Cabai Merah,kategori,2025-10-01 00:00:00,33000
Cabai Merah,Cabai Merah,kategori,2025-10-02 00:00:00,32750
Cabai Merah,Cabai Merah,kategori,2025-10-03 00:00:00,37500
Cabai Merah,Cabai Merah,kategori,2025-10-06 00:00:00,38500
Cabai Merah,Cabai Merah,kategori,2025-10-07 00:00:00,41250
Cabai Merah,Cabai Merah,kategori,2025-10-08 00:00:00,40000
Cabai Merah,Cabai Merah,kategori,2025-10-09 00:00:00,42500
Cabai Merah,Cabai Merah,kategori,2025-10-10 00:00:00,41250
Cabai Merah,Cabai Merah,kategori,2025-10-13 00:00:00,38750
Cabai Merah,Cabai Merah,kategori,2025-10-14 00:00:00,35000
Cabai Merah,Cabai Merah,kategori,2025-10-15 00:00:00,32500
Cabai Merah,Cabai Merah,kategori,2025-10-16 00:00:00,28000
Cabai Merah,Cabai Merah,kategori,2025-10-17 00:00:00,25750
Cabai Merah,Cabai Merah,kategori,2025-10-20 00:00:00,31250
Cabai Merah,Cabai Merah,kategori,2025-10-21 00:00:00,31750
Cabai Merah,Cabai Merah,kategori,2025-10-22 00:00:00,32500
Cabai Merah,Cabai Merah,kategori,2025-10-23 00:00:00,34750
Cabai Merah,Cabai Merah,kategori,2025-10-24 00:00:00,30500
Cabai Merah,Cabai Merah,kategori,2025-10-27 00:00:00,30500
Cabai Merah,Cabai Merah,kategori,2025-10-28 00:00:00,31500
Cabai Merah,Cabai Merah,kategori,2025-10-29 00:00:00,33250
Cabai Merah,Cabai Merah,kategori,2025-10-30 00:00:00,32750
Cabai Merah,Cabai Merah,kategori,2025-10-31 00:00:00,30000
Cabai Merah,Cabai Merah,kategori,2025-11-03 00:00:00,30000
Cabai Merah,Cabai Merah,kategori,2025-11-04 00:00:00,28750
Cabai Merah,Cabai Merah,kategori,2025-11-05 00:00:00,27500
Cabai Merah,Cabai Merah,kategori,2025-11-06 00:00:00,28750
Cabai Merah,Cabai Merah,kategori,2025-11-07 00:00:00,27500
Cabai Merah,Cabai Merah,kategori,2025-11-10 00:00:00,27500
Cabai Merah,Cabai Merah,kategori,2025-11-11 00:00:00,28750
Cabai Merah,Cabai Merah,kategori,2025-11-12 00:00:00,28750
Cabai Merah,Cabai Merah,kategori,2025-11-13 00:00:00,28750
Cabai Merah,Cabai Merah,kategori,2025-11-14 00:00:00,27250
Cabai Merah,Cabai Merah,kategori,2025-11-17 00:00:00,27000
Cabai Merah,Cabai Merah,kategori,2025-11-18 00:00:00,26000
Cabai Merah,Cabai Merah,kategori,2025-11-19 00:00:00,27250
Cabai Merah,Cabai Merah,kategori,2025-11-20 00:00:00,27250
Cabai Merah,Cabai Merah,kategori,2025-11-21 00:00:00,27250
Cabai Merah,Cabai Merah,kategori,2025-11-24 00:00:00,26000
Cabai Merah,Cabai Merah,kategori,2025-11-25 00:00:00,28750
Cabai Merah,Cabai Merah,kategori,2025-11-26 00:00:00,28500
Cabai Merah,Cabai Merah,kategori,2025-11-27 00:00:00,28750
Cabai Merah,Cabai Merah,kategori,2025-11-28 00:00:00,28750
Cabai Merah,Cabai Merah,kategori,2025-12-01 00:00:00,35000
Cabai Merah,Cabai Merah,kategori,2025-12-02 00:00:00,33000
Cabai Merah,Cabai Merah,kategori,2025-12-03 00:00:00,35000
Cabai Merah,Cabai Merah,kategori,2025-12-04 00:00:00,28750
Cabai Merah,Cabai Merah,kategori,2025-12-05 00:00:00,27250
Cabai Merah,Cabai Merah,kategori,2025-12-08 00:00:00,29500
Cabai Merah,Cabai Merah,kategori,2025-12-09 00:00:00,29500
Cabai Merah,Cabai Merah,kategori,2025-12-10 00:00:00,29500
Cabai Merah,Cabai Merah,kategori,2025-12-11 00:00:00,29500
Cabai Merah,Cabai Merah,kategori,2025-12-12 00:00:00,29500
Cabai Merah,Cabai Merah,kategori,2025-12-15 00:00:00,35000
Cabai Merah,Cabai Merah,kategori,2025-12-16 00:00:00,32500
Cabai Merah,Cabai Merah,kategori,2025-12-17 00:00:00,30000
Cabai Merah,Cabai Merah,kategori,2025-12-18 00:00:00,31250
Cabai Merah,Cabai Merah,kategori,2025-12-19 00:00:00,31250
Cabai Merah,Cabai Merah,kategori,2025-12-22 00:00:00,30000
Cabai Merah,Cabai Merah,kategori,2025-12-23 00:00:00,30000
Cabai Merah,Cabai Merah,kategori,2025-12-24 00:00:00,25000
Cabai Merah,Cabai Merah,kategori,2025-12-25 00:00:00,25000
Cabai Merah,Cabai Merah,kategori,2025-12-26 00:00:00,25000
Cabai Merah,Cabai Merah,kategori,2025-12-29 00:00:00,23750
Cabai Merah,Cabai Merah,kategori,2025-12-30 00:00:00,16750
Cabai Merah,Cabai Merah,kategori,2025-12-31 00:00:00,16750
Cabai Merah,Cabai Merah,kategori,2026-01-01 00:00:00,16750
Cabai Merah,Cabai Merah,kategori,2026-01-02 00:00:00,16250
Cabai Merah,Cabai Merah,kategori,2026-01-05 00:00:00,16250
Cabai Merah,Cabai Merah,kategori,2026-01-06 00:00:00,16250
Cabai Merah,Cabai Merah,kategori,2026-01-07 00:00:00,16250
Cabai Merah,Cabai Merah,kategori,2026-01-08 00:00:00,11250
Cabai Merah,Cabai Merah,kategori,2026-01-09 00:00:00,11250
Cabai Merah,Cabai Merah,kategori,2026-01-12 00:00:00,13000
Cabai Merah,Cabai Merah,kategori,2026-01-13 00:00:00,14250
Cabai Merah,Cabai Merah,kategori,2026-01-14 00:00:00,12250
Cabai Merah,Cabai Merah,kategori,2026-01-15 00:00:00,12250
Cabai Merah,Cabai Merah,kategori,2026-01-16 00:00:00,12250
Cabai Merah,Cabai Merah,kategori,2026-01-19 00:00:00,11000
Cabai Merah,Cabai Merah,kategori,2026-01-20 00:00:00,12500
Cabai Merah,Cabai Merah,kategori,2026-01-21 00:00:00,13000
Cabai Merah,Cabai Merah,kategori,2026-01-22 00:00:00,11750
Cabai Merah,Cabai Merah,kategori,2026-01-23 00:00:00,11250
Cabai Merah,Cabai Merah,kategori,2026-01-26 00:00:00,13000
Cabai Merah,Cabai Merah,kategori,2026-01-27 00:00:00,13500
Cabai Merah,Cabai Merah,kategori,2026-01-28 00:00:00,13500
Cabai Merah,Cabai Merah,kategori,2026-01-29 00:00:00,13500
Cabai Merah,Cabai Merah,kategori,2026-01-30 00:00:00,13000
Cabai Merah,Cabai Merah,kategori,2026-02-02 00:00:00,13250
Cabai Merah,Cabai Merah,kategori,2026-02-03 00:00:00,16000
Cabai Merah,Cabai Merah,kategori,2026-02-04 00:00:00,16250
Cabai Merah,Cabai Merah,kategori,2026-02-05 00:00:00,15000
Cabai Merah,Cabai Merah,kategori,2026-02-06 00:00:00,15000
Cabai Merah,Cabai Merah,kategori,2026-02-09 00:00:00,15500
Cabai Merah,Cabai Merah,kategori,2026-02-10 00:00:00,17500
Cabai Merah,Cabai Merah,kategori,2026-02-11 00:00:00,17000
Cabai Merah,Cabai Merah,kategori,2026-02-12 00:00:00,18250
Cabai Merah,Cabai Merah,kategori,2026-02-13 00:00:00,19500
Cabai Merah,Cabai Merah,kategori,2026-02-16 00:00:00,19500
Cabai Merah,Cabai Merah,kategori,2026-02-17 00:00:00,19500
Cabai Merah,Cabai Merah,kategori,2026-02-18 00:00:00,25750
Cabai Merah,Cabai Merah,kategori,2026-02-19 00:00:00,25750
Cabai Merah,Cabai Merah,kategori,2026-02-20 00:00:00,28250
Cabai Merah,Cabai Merah,kategori,2026-02-23 00:00:00,25750
Cabai Merah,Cabai Merah,kategori,2026-02-24 00:00:00,25750
Cabai Merah,Cabai Merah,kategori,2026-02-25 00:00:00,25000
Cabai Merah,Cabai Merah,kategori,2026-02-26 00:00:00,22500
Cabai Merah,Cabai Merah,kategori,2026-02-27 00:00:00,23500
Cabai Merah,Cabai Merah,kategori,2026-03-02 00:00:00,28000
Cabai Merah,Cabai Merah,kategori,2026-03-03 00:00:00,29500
Cabai Merah,Cabai Merah,kategori,2026-03-04 00:00:00,31250
Cabai Merah,Cabai Merah,kategori,2026-03-05 00:00:00,30000
Cabai Merah,Cabai Merah,kategori,2026-03-06 00:00:00,29500
Cabai Merah,Cabai Merah,kategori,2026-03-09 00:00:00,27500
Cabai Merah,Cabai Merah,kategori,2026-03-10 00:00:00,27500
Cabai Merah,Cabai Merah,kategori,2026-03-11 00:00:00,24750
Cabai Merah,Cabai Merah,kategori,2026-03-12 00:00:00,24750
Cabai Merah,Cabai Merah,kategori,2026-03-13 00:00:00,23500
Cabai Merah,Cabai Merah,kategori,2026-03-16 00:00:00,30500
Cabai Merah,Cabai Merah,kategori,2026-03-17 00:00:00,29250
Cabai Merah,Cabai Merah,kategori,2026-03-18 00:00:00,29250
Cabai Merah,Cabai Merah,kategori,2026-03-19 00:00:00,29250
Cabai Merah,Cabai Merah,kategori,2026-03-20 00:00:00,29250
Cabai Merah,Cabai Merah,kategori,2026-03-23 00:00:00,29250
Cabai Merah,Cabai Merah,kategori,2026-03-24 00:00:00,29250
Cabai Merah,Cabai Merah,kategori,2026-03-25 00:00:00,27750
Cabai Merah,Cabai Merah,kategori,2026-03-26 00:00:00,27750
Cabai Merah,Cabai Merah,kategori,2026-03-27 00:00:00,31750
Cabai Merah,Cabai Merah,kategori,2026-03-30 00:00:00,36000
Cabai Merah,Cabai Merah,kategori,2026-03-31 00:00:00,36250
Cabai Merah,Cabai Merah,kategori,2026-04-01 00:00:00,37500
Cabai Merah,Cabai Merah,kategori,2026-04-02 00:00:00,37500
Cabai Merah,Cabai Merah,kategori,2026-04-03 00:00:00,37500
Cabai Merah,Cabai Merah,kategori,2026-04-06 00:00:00,41250
Cabai Merah,Cabai Merah,kategori,2026-04-07 00:00:00,39000
Cabai Merah,Cabai Merah,kategori,2026-04-08 00:00:00,35250
Cabai Merah,Cabai Merah,kategori,2026-04-09 00:00:00,33750
Cabai Merah,Cabai Merah,kategori,2026-04-10 00:00:00,31250
Cabai Merah,Cabai Merah,kategori,2026-04-13 00:00:00,36500
Cabai Merah,Cabai Merah,kategori,2026-04-14 00:00:00,33750
Cabai Merah,Cabai Merah,kategori,2026-04-15 00:00:00,33750
Cabai Merah,Cabai Merah,kategori,2026-04-16 00:00:00,36250
Cabai Merah,Cabai Merah,kategori,2026-04-17 00:00:00,35000
Cabai Merah,Cabai Merah,kategori,2026-04-20 00:00:00,35000
Cabai Merah,Cabai Merah,kategori,2026-04-21 00:00:00,35000
Cabai Merah,Cabai Merah,kategori,2026-04-22 00:00:00,32250
Cabai Merah,Cabai Merah,kategori,2026-04-23 00:00:00,32250
Cabai Merah,Cabai Merah,kategori,2026-04-24 00:00:00,31250
Cabai Merah,Cabai Merah,kategori,2026-04-27 00:00:00,29500
Cabai Merah,Cabai Merah,kategori,2026-04-28 00:00:00,25750
Cabai Merah,Cabai Merah,kategori,2026-04-29 00:00:00,23750
Cabai Merah,Cabai Merah,kategori,2026-04-30 00:00:00,22500
Cabai Merah,Cabai Merah,kategori,2026-05-01 00:00:00,22500
Cabai Merah,Cabai Merah,kategori,2026-05-04 00:00:00,27500
Cabai Merah,Cabai Merah,kategori,2026-05-05 00:00:00,24500
Cabai Merah,Cabai Merah,kategori,2026-05-06 00:00:00,28000
Cabai Merah,Cabai Merah,kategori,2026-05-07 00:00:00,35000
Cabai Merah,Cabai Merah,kategori,2026-05-08 00:00:00,38000
Cabai Merah,Cabai Merah,kategori,2026-05-11 00:00:00,43750
Cabai Merah,Cabai Merah,kategori,2026-05-12 00:00:00,47000
Cabai Merah,Cabai Merah,kategori,2026-05-13 00:00:00,46000
Cabai Merah,Cabai Merah,kategori,2026-05-14 00:00:00,46000
Cabai Merah,Cabai Merah,kategori,2026-05-15 00:00:00,46000
Cabai Merah,Cabai Merah,kategori,2026-05-18 00:00:00,42250
Cabai Merah,Cabai Merah,kategori,2026-05-19 00:00:00,40000
Cabai Merah,Cabai Merah,kategori,2026-05-20 00:00:00,41250
Cabai Merah,Cabai Merah,kategori,2026-05-21 00:00:00,41250
Cabai Merah,Cabai Merah,kategori,2026-05-22 00:00:00,50000
Cabai Merah,Cabai Merah,kategori,2026-05-25 00:00:00,75000
Cabai Merah,Cabai Merah,kategori,2026-05-26 00:00:00,70000
Cabai Merah,Cabai Merah,kategori,2026-05-27 00:00:00,70000
Cabai Merah,Cabai Merah,kategori,2026-05-28 00:00:00,70000
Cabai Merah,Cabai Merah,kategori,2026-05-29 00:00:00,58750
Cabai Merah,Cabai Merah,kategori,2026-06-01 00:00:00,58750
Cabai Merah,Cabai Merah,kategori,2026-06-02 00:00:00,60000
Cabai Merah,Cabai Merah,kategori,2026-06-03 00:00:00,63750
Cabai Merah,Cabai Merah,kategori,2026-06-04 00:00:00,63750
Cabai Merah,Cabai Merah,kategori,2026-06-05 00:00:00,65000
Cabai Merah,Cabai Merah,kategori,2026-06-08 00:00:00,61250
Cabai Merah,Cabai Merah,kategori,2026-06-09 00:00:00,55000
Cabai Merah,Cabai Merah,kategori,2026-06-10 00:00:00,53750
Cabai Merah,Cabai Merah,kategori,2026-06-11 00:00:00,48750
Cabai Merah,Cabai Merah,kategori,2026-06-12 00:00:00,47500
Cabai Merah,Cabai Merah,kategori,2026-06-15 00:00:00,48750
Cabai Merah,Cabai Merah,kategori,2026-06-16 00:00:00,48750
Cabai Merah,Cabai Merah,kategori,2026-06-17 00:00:00,46000
Cabai Merah,Cabai Merah,kategori,2026-06-18 00:00:00,55000
Cabai Merah,Cabai Merah,kategori,2026-06-19 00:00:00,57500
Cabai Merah,Cabai Merah,kategori,2026-06-22 00:00:00,44750
Cabai Merah,Cabai Merah,kategori,2026-06-23 00:00:00,42250
Cabai Merah,Cabai Merah,kategori,2026-06-24 00:00:00,42250
Cabai Merah,Cabai Merah,kategori,2026-06-25 00:00:00,42250
Cabai Merah,Cabai Merah,kategori,2026-06-26 00:00:00,41250
Cabai Merah,Cabai Merah,kategori,2026-06-29 00:00:00,32000
Cabai Merah,Cabai Merah,kategori,2026-06-30 00:00:00,29500
Cabai Merah,Cabai Merah,kategori,2026-07-01 00:00:00,29500
Cabai Merah,Cabai Merah,kategori,2026-07-02 00:00:00,29000
Cabai Merah,Cabai Merah,kategori,2026-07-03 00:00:00,29000
Cabai Merah,Cabai Merah,kategori,2026-07-06 00:00:00,28750
Cabai Merah,Cabai Merah,kategori,2026-07-07 00:00:00,27000
Cabai Merah,Cabai Merah,kategori,2026-07-08 00:00:00,25750
Cabai Merah,Cabai Merah,kategori,2026-07-09 00:00:00,25000
Cabai Merah,Cabai Merah,kategori,2026-07-10 00:00:00,22500
Cabai Merah,Cabai Merah,kategori,2026-07-13 00:00:00,21250
Cabai Merah,Cabai Merah,kategori,2026-07-14 00:00:00,21250
Cabai Merah,Cabai Merah,kategori,2026-07-15 00:00:00,20000
Cabai Merah,Cabai Merah,kategori,2026-07-16 00:00:00,19000
Cabai Merah,Cabai Merah,kategori,2026-07-17 00:00:00,19000
Cabai Merah,Cabai Merah,kategori,2026-07-20 00:00:00,18750
Cabai Merah,Cabai Merah,kategori,2026-07-21 00:00:00,18750
Cabai Merah,Cabai Merah,kategori,2026-07-22 00:00:00,18750
Cabai Merah,Cabai Merah,kategori,2026-07-23 00:00:00,18750
Cabai Merah,Cabai Merah,kategori,2026-07-24 00:00:00,18750
Cabai Merah,Cabai Merah,kategori,2026-07-27 00:00:00,35000
Cabai Merah,Cabai Merah,kategori,2026-07-28 00:00:00,26250
Cabai Merah,Cabai Merah,kategori,2026-07-29 00:00:00,24750
Cabai Merah,Cabai Merah,kategori,2026-07-30 00:00:00,21250
Cabai Merah,Cabai Merah,kategori,2026-07-31 00:00:00,21250
Cabai Merah,Cabai Merah,kategori,2026-08-03 00:00:00,31250
Cabai Merah,Cabai Merah,kategori,2026-08-04 00:00:00,28750
Cabai Merah,Cabai Merah,kategori,2026-08-05 00:00:00,28750
Cabai Merah,Cabai Merah,kategori,2026-08-06 00:00:00,30000
Cabai Merah,Cabai Merah,kategori,2026-08-07 00:00:00,35000
Cabai Merah,Cabai Merah,kategori,2026-08-10 00:00:00,56250
Cabai Merah,Cabai Merah,kategori,2026-08-11 00:00:00,53750
Cabai Merah,Cabai Merah,kategori,2026-08-12 00:00:00,53750
Cabai Merah,Cabai Merah,kategori,2026-08-13 00:00:00,51250
Cabai Merah,Cabai Merah,kategori,2026-08-14 00:00:00,50000
Cabai Merah,Cabai Merah,kategori,2026-08-17 00:00:00,50000
Cabai Merah,Cabai Merah,kategori,2026-08-18 00:00:00,62500
Cabai Merah,Cabai Merah,kategori,2026-08-19 00:00:00,63750
Cabai Merah,Cabai Merah,kategori,2026-08-20 00:00:00,66250
Cabai Merah,Cabai Merah,kategori,2026-08-21 00:00:00,65000
Cabai Merah,Cabai Merah,kategori,2026-08-24 00:00:00,75000
Cabai Merah,Cabai Merah,kategori,2026-08-25 00:00:00,75000
Cabai Merah,Cabai Merah,kategori,2026-08-26 00:00:00,82500
Cabai Merah,Cabai Merah,kategori,2026-08-27 00:00:00,80000
Cabai Merah,Cabai Merah,kategori,2026-08-28 00:00:00,87500
Cabai Merah,Cabai Merah,kategori,2026-08-31 00:00:00,93500
Cabai Merah,Cabai Merah,kategori,2026-09-01 00:00:00,93500
Cabai Merah,Cabai Merah,kategori,2026-09-02 00:00:00,81000
Cabai Merah,Cabai Merah,kategori,2026-09-03 00:00:00,80000
Cabai Merah,Cabai Merah,kategori,2026-09-04 00:00:00,85000
Cabai Merah,Cabai Merah,kategori,2026-09-07 00:00:00,90000
Cabai Merah,Cabai Merah,kategori,2026-09-08 00:00:00,
Cabai Merah Keriting,Cabai Merah,varian,2025-01-01 00:00:00,28500
Cabai Merah Keriting,Cabai Merah,varian,2025-01-02 00:00:00,30250
Cabai Merah Keriting,Cabai Merah,varian,2025-01-03 00:00:00,31250
Cabai Merah Keriting,Cabai Merah,varian,2025-01-06 00:00:00,29500
Cabai Merah Keriting,Cabai Merah,varian,2025-01-07 00:00:00,33250
Cabai Merah Keriting,Cabai Merah,varian,2025-01-08 00:00:00,30500
Cabai Merah Keriting,Cabai Merah,varian,2025-01-09 00:00:00,32750
Cabai Merah Keriting,Cabai Merah,varian,2025-01-10 00:00:00,34000
Cabai Merah Keriting,Cabai Merah,varian,2025-01-13 00:00:00,34250
Cabai Merah Keriting,Cabai Merah,varian,2025-01-14 00:00:00,32000
Cabai Merah Keriting,Cabai Merah,varian,2025-01-15 00:00:00,32250
Cabai Merah Keriting,Cabai Merah,varian,2025-01-16 00:00:00,31750
Cabai Merah Keriting,Cabai Merah,varian,2025-01-17 00:00:00,30000
Cabai Merah Keriting,Cabai Merah,varian,2025-01-20 00:00:00,30000
Cabai Merah Keriting,Cabai Merah,varian,2025-01-21 00:00:00,30000
Cabai Merah Keriting,Cabai Merah,varian,2025-01-22 00:00:00,29000
Cabai Merah Keriting,Cabai Merah,varian,2025-01-23 00:00:00,27750
Cabai Merah Keriting,Cabai Merah,varian,2025-01-24 00:00:00,29000
Cabai Merah Keriting,Cabai Merah,varian,2025-01-27 00:00:00,29000
Cabai Merah Keriting,Cabai Merah,varian,2025-01-28 00:00:00,29000
Cabai Merah Keriting,Cabai Merah,varian,2025-01-29 00:00:00,29000
Cabai Merah Keriting,Cabai Merah,varian,2025-01-30 00:00:00,29500
Cabai Merah Keriting,Cabai Merah,varian,2025-01-31 00:00:00,29500
Cabai Merah Keriting,Cabai Merah,varian,2025-02-03 00:00:00,32250
Cabai Merah Keriting,Cabai Merah,varian,2025-02-04 00:00:00,32000
Cabai Merah Keriting,Cabai Merah,varian,2025-02-05 00:00:00,31250
Cabai Merah Keriting,Cabai Merah,varian,2025-02-06 00:00:00,27250
Cabai Merah Keriting,Cabai Merah,varian,2025-02-07 00:00:00,24250
Cabai Merah Keriting,Cabai Merah,varian,2025-02-10 00:00:00,27250
Cabai Merah Keriting,Cabai Merah,varian,2025-02-11 00:00:00,24500
Cabai Merah Keriting,Cabai Merah,varian,2025-02-12 00:00:00,24500
Cabai Merah Keriting,Cabai Merah,varian,2025-02-13 00:00:00,24000
Cabai Merah Keriting,Cabai Merah,varian,2025-02-14 00:00:00,24250
Cabai Merah Keriting,Cabai Merah,varian,2025-02-17 00:00:00,28250
Cabai Merah Keriting,Cabai Merah,varian,2025-02-18 00:00:00,30250
Cabai Merah Keriting,Cabai Merah,varian,2025-02-19 00:00:00,34000
Cabai Merah Keriting,Cabai Merah,varian,2025-02-20 00:00:00,34000
Cabai Merah Keriting,Cabai Merah,varian,2025-02-21 00:00:00,33000
Cabai Merah Keriting,Cabai Merah,varian,2025-02-24 00:00:00,50750
Cabai Merah Keriting,Cabai Merah,varian,2025-02-25 00:00:00,46000
Cabai Merah Keriting,Cabai Merah,varian,2025-02-26 00:00:00,45750
Cabai Merah Keriting,Cabai Merah,varian,2025-02-27 00:00:00,42500
Cabai Merah Keriting,Cabai Merah,varian,2025-02-28 00:00:00,39500
Cabai Merah Keriting,Cabai Merah,varian,2025-03-03 00:00:00,52000
Cabai Merah Keriting,Cabai Merah,varian,2025-03-04 00:00:00,52000
Cabai Merah Keriting,Cabai Merah,varian,2025-03-05 00:00:00,44500
Cabai Merah Keriting,Cabai Merah,varian,2025-03-06 00:00:00,43000
Cabai Merah Keriting,Cabai Merah,varian,2025-03-07 00:00:00,40000
Cabai Merah Keriting,Cabai Merah,varian,2025-03-10 00:00:00,42250
Cabai Merah Keriting,Cabai Merah,varian,2025-03-11 00:00:00,41250
Cabai Merah Keriting,Cabai Merah,varian,2025-03-12 00:00:00,43500
Cabai Merah Keriting,Cabai Merah,varian,2025-03-13 00:00:00,43500
Cabai Merah Keriting,Cabai Merah,varian,2025-03-14 00:00:00,43750
Cabai Merah Keriting,Cabai Merah,varian,2025-03-17 00:00:00,50000
Cabai Merah Keriting,Cabai Merah,varian,2025-03-18 00:00:00,48000
Cabai Merah Keriting,Cabai Merah,varian,2025-03-19 00:00:00,44250
Cabai Merah Keriting,Cabai Merah,varian,2025-03-20 00:00:00,44250
Cabai Merah Keriting,Cabai Merah,varian,2025-03-21 00:00:00,44250
Cabai Merah Keriting,Cabai Merah,varian,2025-03-24 00:00:00,46000
Cabai Merah Keriting,Cabai Merah,varian,2025-03-25 00:00:00,43000
Cabai Merah Keriting,Cabai Merah,varian,2025-03-26 00:00:00,49000
Cabai Merah Keriting,Cabai Merah,varian,2025-03-27 00:00:00,47250
Cabai Merah Keriting,Cabai Merah,varian,2025-03-28 00:00:00,47250
Cabai Merah Keriting,Cabai Merah,varian,2025-03-31 00:00:00,47250
Cabai Merah Keriting,Cabai Merah,varian,2025-04-01 00:00:00,47250
Cabai Merah Keriting,Cabai Merah,varian,2025-04-02 00:00:00,47250
Cabai Merah Keriting,Cabai Merah,varian,2025-04-03 00:00:00,47250
Cabai Merah Keriting,Cabai Merah,varian,2025-04-04 00:00:00,47250
Cabai Merah Keriting,Cabai Merah,varian,2025-04-07 00:00:00,47250
Cabai Merah Keriting,Cabai Merah,varian,2025-04-08 00:00:00,46000
Cabai Merah Keriting,Cabai Merah,varian,2025-04-09 00:00:00,42500
Cabai Merah Keriting,Cabai Merah,varian,2025-04-10 00:00:00,39750
Cabai Merah Keriting,Cabai Merah,varian,2025-04-11 00:00:00,35750
Cabai Merah Keriting,Cabai Merah,varian,2025-04-14 00:00:00,56050
Cabai Merah Keriting,Cabai Merah,varian,2025-04-15 00:00:00,50000
Cabai Merah Keriting,Cabai Merah,varian,2025-04-16 00:00:00,50000
Cabai Merah Keriting,Cabai Merah,varian,2025-04-17 00:00:00,50750
Cabai Merah Keriting,Cabai Merah,varian,2025-04-18 00:00:00,50750
Cabai Merah Keriting,Cabai Merah,varian,2025-04-21 00:00:00,63750
Cabai Merah Keriting,Cabai Merah,varian,2025-04-22 00:00:00,55250
Cabai Merah Keriting,Cabai Merah,varian,2025-04-23 00:00:00,54000
Cabai Merah Keriting,Cabai Merah,varian,2025-04-24 00:00:00,50000
Cabai Merah Keriting,Cabai Merah,varian,2025-04-25 00:00:00,49750
Cabai Merah Keriting,Cabai Merah,varian,2025-04-28 00:00:00,58000
Cabai Merah Keriting,Cabai Merah,varian,2025-04-29 00:00:00,57250
Cabai Merah Keriting,Cabai Merah,varian,2025-04-30 00:00:00,62500
Cabai Merah Keriting,Cabai Merah,varian,2025-05-01 00:00:00,62500
Cabai Merah Keriting,Cabai Merah,varian,2025-05-02 00:00:00,69000
Cabai Merah Keriting,Cabai Merah,varian,2025-05-05 00:00:00,91250
Cabai Merah Keriting,Cabai Merah,varian,2025-05-06 00:00:00,77500
Cabai Merah Keriting,Cabai Merah,varian,2025-05-07 00:00:00,75000
Cabai Merah Keriting,Cabai Merah,varian,2025-05-08 00:00:00,74000
Cabai Merah Keriting,Cabai Merah,varian,2025-05-09 00:00:00,72500
Cabai Merah Keriting,Cabai Merah,varian,2025-05-12 00:00:00,72500
Cabai Merah Keriting,Cabai Merah,varian,2025-05-13 00:00:00,72500
Cabai Merah Keriting,Cabai Merah,varian,2025-05-14 00:00:00,66250
Cabai Merah Keriting,Cabai Merah,varian,2025-05-15 00:00:00,66750
Cabai Merah Keriting,Cabai Merah,varian,2025-05-16 00:00:00,65250
Cabai Merah Keriting,Cabai Merah,varian,2025-05-19 00:00:00,61500
Cabai Merah Keriting,Cabai Merah,varian,2025-05-20 00:00:00,61000
Cabai Merah Keriting,Cabai Merah,varian,2025-05-21 00:00:00,60000
Cabai Merah Keriting,Cabai Merah,varian,2025-05-22 00:00:00,54000
Cabai Merah Keriting,Cabai Merah,varian,2025-05-23 00:00:00,52750
Cabai Merah Keriting,Cabai Merah,varian,2025-05-26 00:00:00,50250
Cabai Merah Keriting,Cabai Merah,varian,2025-05-27 00:00:00,49000
Cabai Merah Keriting,Cabai Merah,varian,2025-05-28 00:00:00,47750
Cabai Merah Keriting,Cabai Merah,varian,2025-05-29 00:00:00,47750
Cabai Merah Keriting,Cabai Merah,varian,2025-05-30 00:00:00,47750
Cabai Merah Keriting,Cabai Merah,varian,2025-06-02 00:00:00,52500
Cabai Merah Keriting,Cabai Merah,varian,2025-06-03 00:00:00,52500
Cabai Merah Keriting,Cabai Merah,varian,2025-06-04 00:00:00,53750
Cabai Merah Keriting,Cabai Merah,varian,2025-06-05 00:00:00,59000
Cabai Merah Keriting,Cabai Merah,varian,2025-06-06 00:00:00,59000
Cabai Merah Keriting,Cabai Merah,varian,2025-06-09 00:00:00,59000
Cabai Merah Keriting,Cabai Merah,varian,2025-06-10 00:00:00,66500
Cabai Merah Keriting,Cabai Merah,varian,2025-06-11 00:00:00,57750
Cabai Merah Keriting,Cabai Merah,varian,2025-06-12 00:00:00,56750
Cabai Merah Keriting,Cabai Merah,varian,2025-06-13 00:00:00,57750
Cabai Merah Keriting,Cabai Merah,varian,2025-06-16 00:00:00,58750
Cabai Merah Keriting,Cabai Merah,varian,2025-06-17 00:00:00,55000
Cabai Merah Keriting,Cabai Merah,varian,2025-06-18 00:00:00,54000
Cabai Merah Keriting,Cabai Merah,varian,2025-06-19 00:00:00,51250
Cabai Merah Keriting,Cabai Merah,varian,2025-06-20 00:00:00,47500
Cabai Merah Keriting,Cabai Merah,varian,2025-06-23 00:00:00,50000
Cabai Merah Keriting,Cabai Merah,varian,2025-06-24 00:00:00,50000
Cabai Merah Keriting,Cabai Merah,varian,2025-06-25 00:00:00,51500
Cabai Merah Keriting,Cabai Merah,varian,2025-06-26 00:00:00,55250
Cabai Merah Keriting,Cabai Merah,varian,2025-06-27 00:00:00,55250
Cabai Merah Keriting,Cabai Merah,varian,2025-06-30 00:00:00,50000
Cabai Merah Keriting,Cabai Merah,varian,2025-07-01 00:00:00,46500
Cabai Merah Keriting,Cabai Merah,varian,2025-07-02 00:00:00,46500
Cabai Merah Keriting,Cabai Merah,varian,2025-07-03 00:00:00,44250
Cabai Merah Keriting,Cabai Merah,varian,2025-07-04 00:00:00,44250
Cabai Merah Keriting,Cabai Merah,varian,2025-07-07 00:00:00,66250
Cabai Merah Keriting,Cabai Merah,varian,2025-07-08 00:00:00,64000
Cabai Merah Keriting,Cabai Merah,varian,2025-07-09 00:00:00,56500
Cabai Merah Keriting,Cabai Merah,varian,2025-07-10 00:00:00,58750
Cabai Merah Keriting,Cabai Merah,varian,2025-07-11 00:00:00,58750
Cabai Merah Keriting,Cabai Merah,varian,2025-07-14 00:00:00,65000
Cabai Merah Keriting,Cabai Merah,varian,2025-07-15 00:00:00,57500
Cabai Merah Keriting,Cabai Merah,varian,2025-07-16 00:00:00,57500
Cabai Merah Keriting,Cabai Merah,varian,2025-07-17 00:00:00,60000
Cabai Merah Keriting,Cabai Merah,varian,2025-07-18 00:00:00,60000
Cabai Merah Keriting,Cabai Merah,varian,2025-07-21 00:00:00,62250
Cabai Merah Keriting,Cabai Merah,varian,2025-07-22 00:00:00,56250
Cabai Merah Keriting,Cabai Merah,varian,2025-07-23 00:00:00,54250
Cabai Merah Keriting,Cabai Merah,varian,2025-07-24 00:00:00,52750
Cabai Merah Keriting,Cabai Merah,varian,2025-07-25 00:00:00,47500
Cabai Merah Keriting,Cabai Merah,varian,2025-07-28 00:00:00,36750
Cabai Merah Keriting,Cabai Merah,varian,2025-07-29 00:00:00,32750
Cabai Merah Keriting,Cabai Merah,varian,2025-07-30 00:00:00,26250
Cabai Merah Keriting,Cabai Merah,varian,2025-07-31 00:00:00,23250
Cabai Merah Keriting,Cabai Merah,varian,2025-08-01 00:00:00,22250
Cabai Merah Keriting,Cabai Merah,varian,2025-08-04 00:00:00,21000
Cabai Merah Keriting,Cabai Merah,varian,2025-08-05 00:00:00,21000
Cabai Merah Keriting,Cabai Merah,varian,2025-08-06 00:00:00,21000
Cabai Merah Keriting,Cabai Merah,varian,2025-08-07 00:00:00,22250
Cabai Merah Keriting,Cabai Merah,varian,2025-08-08 00:00:00,23500
Cabai Merah Keriting,Cabai Merah,varian,2025-08-11 00:00:00,36250
Cabai Merah Keriting,Cabai Merah,varian,2025-08-12 00:00:00,35000
Cabai Merah Keriting,Cabai Merah,varian,2025-08-13 00:00:00,35000
Cabai Merah Keriting,Cabai Merah,varian,2025-08-14 00:00:00,33750
Cabai Merah Keriting,Cabai Merah,varian,2025-08-15 00:00:00,33500
Cabai Merah Keriting,Cabai Merah,varian,2025-08-18 00:00:00,33500
Cabai Merah Keriting,Cabai Merah,varian,2025-08-19 00:00:00,27000
Cabai Merah Keriting,Cabai Merah,varian,2025-08-20 00:00:00,24250
Cabai Merah Keriting,Cabai Merah,varian,2025-08-21 00:00:00,24250
Cabai Merah Keriting,Cabai Merah,varian,2025-08-22 00:00:00,23500
Cabai Merah Keriting,Cabai Merah,varian,2025-08-25 00:00:00,20000
Cabai Merah Keriting,Cabai Merah,varian,2025-08-26 00:00:00,20000
Cabai Merah Keriting,Cabai Merah,varian,2025-08-27 00:00:00,22000
Cabai Merah Keriting,Cabai Merah,varian,2025-08-28 00:00:00,20000
Cabai Merah Keriting,Cabai Merah,varian,2025-08-29 00:00:00,20000
Cabai Merah Keriting,Cabai Merah,varian,2025-09-01 00:00:00,26250
Cabai Merah Keriting,Cabai Merah,varian,2025-09-02 00:00:00,24750
Cabai Merah Keriting,Cabai Merah,varian,2025-09-03 00:00:00,24500
Cabai Merah Keriting,Cabai Merah,varian,2025-09-04 00:00:00,24500
Cabai Merah Keriting,Cabai Merah,varian,2025-09-05 00:00:00,24500
Cabai Merah Keriting,Cabai Merah,varian,2025-09-08 00:00:00,28500
Cabai Merah Keriting,Cabai Merah,varian,2025-09-09 00:00:00,26250
Cabai Merah Keriting,Cabai Merah,varian,2025-09-10 00:00:00,26750
Cabai Merah Keriting,Cabai Merah,varian,2025-09-11 00:00:00,26250
Cabai Merah Keriting,Cabai Merah,varian,2025-09-12 00:00:00,25750
Cabai Merah Keriting,Cabai Merah,varian,2025-09-15 00:00:00,29000
Cabai Merah Keriting,Cabai Merah,varian,2025-09-16 00:00:00,28500
Cabai Merah Keriting,Cabai Merah,varian,2025-09-17 00:00:00,28250
Cabai Merah Keriting,Cabai Merah,varian,2025-09-18 00:00:00,28250
Cabai Merah Keriting,Cabai Merah,varian,2025-09-19 00:00:00,30500
Cabai Merah Keriting,Cabai Merah,varian,2025-09-22 00:00:00,31750
Cabai Merah Keriting,Cabai Merah,varian,2025-09-23 00:00:00,31250
Cabai Merah Keriting,Cabai Merah,varian,2025-09-24 00:00:00,32750
Cabai Merah Keriting,Cabai Merah,varian,2025-09-25 00:00:00,33500
Cabai Merah Keriting,Cabai Merah,varian,2025-09-26 00:00:00,33500
Cabai Merah Keriting,Cabai Merah,varian,2025-09-29 00:00:00,38000
Cabai Merah Keriting,Cabai Merah,varian,2025-09-30 00:00:00,31750
Cabai Merah Keriting,Cabai Merah,varian,2025-10-01 00:00:00,33000
Cabai Merah Keriting,Cabai Merah,varian,2025-10-02 00:00:00,32750
Cabai Merah Keriting,Cabai Merah,varian,2025-10-03 00:00:00,37500
Cabai Merah Keriting,Cabai Merah,varian,2025-10-06 00:00:00,38500
Cabai Merah Keriting,Cabai Merah,varian,2025-10-07 00:00:00,41250
Cabai Merah Keriting,Cabai Merah,varian,2025-10-08 00:00:00,40000
Cabai Merah Keriting,Cabai Merah,varian,2025-10-09 00:00:00,42500
Cabai Merah Keriting,Cabai Merah,varian,2025-10-10 00:00:00,41250
Cabai Merah Keriting,Cabai Merah,varian,2025-10-13 00:00:00,38750
Cabai Merah Keriting,Cabai Merah,varian,2025-10-14 00:00:00,35000
Cabai Merah Keriting,Cabai Merah,varian,2025-10-15 00:00:00,32500
Cabai Merah Keriting,Cabai Merah,varian,2025-10-16 00:00:00,28000
Cabai Merah Keriting,Cabai Merah,varian,2025-10-17 00:00:00,25750
Cabai Merah Keriting,Cabai Merah,varian,2025-10-20 00:00:00,31250
Cabai Merah Keriting,Cabai Merah,varian,2025-10-21 00:00:00,31750
Cabai Merah Keriting,Cabai Merah,varian,2025-10-22 00:00:00,32500
Cabai Merah Keriting,Cabai Merah,varian,2025-10-23 00:00:00,34750
Cabai Merah Keriting,Cabai Merah,varian,2025-10-24 00:00:00,30500
Cabai Merah Keriting,Cabai Merah,varian,2025-10-27 00:00:00,30500
Cabai Merah Keriting,Cabai Merah,varian,2025-10-28 00:00:00,31500
Cabai Merah Keriting,Cabai Merah,varian,2025-10-29 00:00:00,33250
Cabai Merah Keriting,Cabai Merah,varian,2025-10-30 00:00:00,32750
Cabai Merah Keriting,Cabai Merah,varian,2025-10-31 00:00:00,30000
Cabai Merah Keriting,Cabai Merah,varian,2025-11-03 00:00:00,30000
Cabai Merah Keriting,Cabai Merah,varian,2025-11-04 00:00:00,28750
Cabai Merah Keriting,Cabai Merah,varian,2025-11-05 00:00:00,27500
Cabai Merah Keriting,Cabai Merah,varian,2025-11-06 00:00:00,28750
Cabai Merah Keriting,Cabai Merah,varian,2025-11-07 00:00:00,27500
Cabai Merah Keriting,Cabai Merah,varian,2025-11-10 00:00:00,27500
Cabai Merah Keriting,Cabai Merah,varian,2025-11-11 00:00:00,28750
Cabai Merah Keriting,Cabai Merah,varian,2025-11-12 00:00:00,28750
Cabai Merah Keriting,Cabai Merah,varian,2025-11-13 00:00:00,28750
Cabai Merah Keriting,Cabai Merah,varian,2025-11-14 00:00:00,27250
Cabai Merah Keriting,Cabai Merah,varian,2025-11-17 00:00:00,27000
Cabai Merah Keriting,Cabai Merah,varian,2025-11-18 00:00:00,26000
Cabai Merah Keriting,Cabai Merah,varian,2025-11-19 00:00:00,27250
Cabai Merah Keriting,Cabai Merah,varian,2025-11-20 00:00:00,27250
Cabai Merah Keriting,Cabai Merah,varian,2025-11-21 00:00:00,27250
Cabai Merah Keriting,Cabai Merah,varian,2025-11-24 00:00:00,26000
Cabai Merah Keriting,Cabai Merah,varian,2025-11-25 00:00:00,28750
Cabai Merah Keriting,Cabai Merah,varian,2025-11-26 00:00:00,28500
Cabai Merah Keriting,Cabai Merah,varian,2025-11-27 00:00:00,28750
Cabai Merah Keriting,Cabai Merah,varian,2025-11-28 00:00:00,28750
Cabai Merah Keriting,Cabai Merah,varian,2025-12-01 00:00:00,35000
Cabai Merah Keriting,Cabai Merah,varian,2025-12-02 00:00:00,33000
Cabai Merah Keriting,Cabai Merah,varian,2025-12-03 00:00:00,35000
Cabai Merah Keriting,Cabai Merah,varian,2025-12-04 00:00:00,28750
Cabai Merah Keriting,Cabai Merah,varian,2025-12-05 00:00:00,27250
Cabai Merah Keriting,Cabai Merah,varian,2025-12-08 00:00:00,29500
Cabai Merah Keriting,Cabai Merah,varian,2025-12-09 00:00:00,29500
Cabai Merah Keriting,Cabai Merah,varian,2025-12-10 00:00:00,29500
Cabai Merah Keriting,Cabai Merah,varian,2025-12-11 00:00:00,29500
Cabai Merah Keriting,Cabai Merah,varian,2025-12-12 00:00:00,29500
Cabai Merah Keriting,Cabai Merah,varian,2025-12-15 00:00:00,35000
Cabai Merah Keriting,Cabai Merah,varian,2025-12-16 00:00:00,32500
Cabai Merah Keriting,Cabai Merah,varian,2025-12-17 00:00:00,30000
Cabai Merah Keriting,Cabai Merah,varian,2025-12-18 00:00:00,31250
Cabai Merah Keriting,Cabai Merah,varian,2025-12-19 00:00:00,31250
Cabai Merah Keriting,Cabai Merah,varian,2025-12-22 00:00:00,30000
Cabai Merah Keriting,Cabai Merah,varian,2025-12-23 00:00:00,30000
Cabai Merah Keriting,Cabai Merah,varian,2025-12-24 00:00:00,25000
Cabai Merah Keriting,Cabai Merah,varian,2025-12-25 00:00:00,25000
Cabai Merah Keriting,Cabai Merah,varian,2025-12-26 00:00:00,25000
Cabai Merah Keriting,Cabai Merah,varian,2025-12-29 00:00:00,23750
Cabai Merah Keriting,Cabai Merah,varian,2025-12-30 00:00:00,16750
Cabai Merah Keriting,Cabai Merah,varian,2025-12-31 00:00:00,16750
Cabai Merah Keriting,Cabai Merah,varian,2026-01-01 00:00:00,16750
Cabai Merah Keriting,Cabai Merah,varian,2026-01-02 00:00:00,16250
Cabai Merah Keriting,Cabai Merah,varian,2026-01-05 00:00:00,16250
Cabai Merah Keriting,Cabai Merah,varian,2026-01-06 00:00:00,16250
Cabai Merah Keriting,Cabai Merah,varian,2026-01-07 00:00:00,16250
Cabai Merah Keriting,Cabai Merah,varian,2026-01-08 00:00:00,11250
Cabai Merah Keriting,Cabai Merah,varian,2026-01-09 00:00:00,11250
Cabai Merah Keriting,Cabai Merah,varian,2026-01-12 00:00:00,13000
Cabai Merah Keriting,Cabai Merah,varian,2026-01-13 00:00:00,14250
Cabai Merah Keriting,Cabai Merah,varian,2026-01-14 00:00:00,12250
Cabai Merah Keriting,Cabai Merah,varian,2026-01-15 00:00:00,12250
Cabai Merah Keriting,Cabai Merah,varian,2026-01-16 00:00:00,12250
Cabai Merah Keriting,Cabai Merah,varian,2026-01-19 00:00:00,11000
Cabai Merah Keriting,Cabai Merah,varian,2026-01-20 00:00:00,12500
Cabai Merah Keriting,Cabai Merah,varian,2026-01-21 00:00:00,13000
Cabai Merah Keriting,Cabai Merah,varian,2026-01-22 00:00:00,11750
Cabai Merah Keriting,Cabai Merah,varian,2026-01-23 00:00:00,11250
Cabai Merah Keriting,Cabai Merah,varian,2026-01-26 00:00:00,13000
Cabai Merah Keriting,Cabai Merah,varian,2026-01-27 00:00:00,13500
Cabai Merah Keriting,Cabai Merah,varian,2026-01-28 00:00:00,13500
Cabai Merah Keriting,Cabai Merah,varian,2026-01-29 00:00:00,13500
Cabai Merah Keriting,Cabai Merah,varian,2026-01-30 00:00:00,13000
Cabai Merah Keriting,Cabai Merah,varian,2026-02-02 00:00:00,13250
Cabai Merah Keriting,Cabai Merah,varian,2026-02-03 00:00:00,16000
Cabai Merah Keriting,Cabai Merah,varian,2026-02-04 00:00:00,16250
Cabai Merah Keriting,Cabai Merah,varian,2026-02-05 00:00:00,15000
Cabai Merah Keriting,Cabai Merah,varian,2026-02-06 00:00:00,15000
Cabai Merah Keriting,Cabai Merah,varian,2026-02-09 00:00:00,15500
Cabai Merah Keriting,Cabai Merah,varian,2026-02-10 00:00:00,17500
Cabai Merah Keriting,Cabai Merah,varian,2026-02-11 00:00:00,17000
Cabai Merah Keriting,Cabai Merah,varian,2026-02-12 00:00:00,18250
Cabai Merah Keriting,Cabai Merah,varian,2026-02-13 00:00:00,19500
Cabai Merah Keriting,Cabai Merah,varian,2026-02-16 00:00:00,19500
Cabai Merah Keriting,Cabai Merah,varian,2026-02-17 00:00:00,19500
Cabai Merah Keriting,Cabai Merah,varian,2026-02-18 00:00:00,25750
Cabai Merah Keriting,Cabai Merah,varian,2026-02-19 00:00:00,25750
Cabai Merah Keriting,Cabai Merah,varian,2026-02-20 00:00:00,28250
Cabai Merah Keriting,Cabai Merah,varian,2026-02-23 00:00:00,25750
Cabai Merah Keriting,Cabai Merah,varian,2026-02-24 00:00:00,25750
Cabai Merah Keriting,Cabai Merah,varian,2026-02-25 00:00:00,25000
Cabai Merah Keriting,Cabai Merah,varian,2026-02-26 00:00:00,22500
Cabai Merah Keriting,Cabai Merah,varian,2026-02-27 00:00:00,23500
Cabai Merah Keriting,Cabai Merah,varian,2026-03-02 00:00:00,28000
Cabai Merah Keriting,Cabai Merah,varian,2026-03-03 00:00:00,29500
Cabai Merah Keriting,Cabai Merah,varian,2026-03-04 00:00:00,31250
Cabai Merah Keriting,Cabai Merah,varian,2026-03-05 00:00:00,30000
Cabai Merah Keriting,Cabai Merah,varian,2026-03-06 00:00:00,29500
Cabai Merah Keriting,Cabai Merah,varian,2026-03-09 00:00:00,27500
Cabai Merah Keriting,Cabai Merah,varian,2026-03-10 00:00:00,27500
Cabai Merah Keriting,Cabai Merah,varian,2026-03-11 00:00:00,24750
Cabai Merah Keriting,Cabai Merah,varian,2026-03-12 00:00:00,24750
Cabai Merah Keriting,Cabai Merah,varian,2026-03-13 00:00:00,23500
Cabai Merah Keriting,Cabai Merah,varian,2026-03-16 00:00:00,30500
Cabai Merah Keriting,Cabai Merah,varian,2026-03-17 00:00:00,29250
Cabai Merah Keriting,Cabai Merah,varian,2026-03-18 00:00:00,29250
Cabai Merah Keriting,Cabai Merah,varian,2026-03-19 00:00:00,29250
Cabai Merah Keriting,Cabai Merah,varian,2026-03-20 00:00:00,29250
Cabai Merah Keriting,Cabai Merah,varian,2026-03-23 00:00:00,29250
Cabai Merah Keriting,Cabai Merah,varian,2026-03-24 00:00:00,29250
Cabai Merah Keriting,Cabai Merah,varian,2026-03-25 00:00:00,27750
Cabai Merah Keriting,Cabai Merah,varian,2026-03-26 00:00:00,27750
Cabai Merah Keriting,Cabai Merah,varian,2026-03-27 00:00:00,31750
Cabai Merah Keriting,Cabai Merah,varian,2026-03-30 00:00:00,36000
Cabai Merah Keriting,Cabai Merah,varian,2026-03-31 00:00:00,36250
Cabai Merah Keriting,Cabai Merah,varian,2026-04-01 00:00:00,37500
Cabai Merah Keriting,Cabai Merah,varian,2026-04-02 00:00:00,37500
Cabai Merah Keriting,Cabai Merah,varian,2026-04-03 00:00:00,37500
Cabai Merah Keriting,Cabai Merah,varian,2026-04-06 00:00:00,41250
Cabai Merah Keriting,Cabai Merah,varian,2026-04-07 00:00:00,39000
Cabai Merah Keriting,Cabai Merah,varian,2026-04-08 00:00:00,35250
Cabai Merah Keriting,Cabai Merah,varian,2026-04-09 00:00:00,33750
Cabai Merah Keriting,Cabai Merah,varian,2026-04-10 00:00:00,31250
Cabai Merah Keriting,Cabai Merah,varian,2026-04-13 00:00:00,36500
Cabai Merah Keriting,Cabai Merah,varian,2026-04-14 00:00:00,33750
Cabai Merah Keriting,Cabai Merah,varian,2026-04-15 00:00:00,33750
Cabai Merah Keriting,Cabai Merah,varian,2026-04-16 00:00:00,36250
Cabai Merah Keriting,Cabai Merah,varian,2026-04-17 00:00:00,35000
Cabai Merah Keriting,Cabai Merah,varian,2026-04-20 00:00:00,35000
Cabai Merah Keriting,Cabai Merah,varian,2026-04-21 00:00:00,35000
Cabai Merah Keriting,Cabai Merah,varian,2026-04-22 00:00:00,32250
Cabai Merah Keriting,Cabai Merah,varian,2026-04-23 00:00:00,32250
Cabai Merah Keriting,Cabai Merah,varian,2026-04-24 00:00:00,31250
Cabai Merah Keriting,Cabai Merah,varian,2026-04-27 00:00:00,29500
Cabai Merah Keriting,Cabai Merah,varian,2026-04-28 00:00:00,25750
Cabai Merah Keriting,Cabai Merah,varian,2026-04-29 00:00:00,23750
Cabai Merah Keriting,Cabai Merah,varian,2026-04-30 00:00:00,22500
Cabai Merah Keriting,Cabai Merah,varian,2026-05-01 00:00:00,22500
Cabai Merah Keriting,Cabai Merah,varian,2026-05-04 00:00:00,27500
Cabai Merah Keriting,Cabai Merah,varian,2026-05-05 00:00:00,24500
Cabai Merah Keriting,Cabai Merah,varian,2026-05-06 00:00:00,28000
Cabai Merah Keriting,Cabai Merah,varian,2026-05-07 00:00:00,35000
Cabai Merah Keriting,Cabai Merah,varian,2026-05-08 00:00:00,38000
Cabai Merah Keriting,Cabai Merah,varian,2026-05-11 00:00:00,43750
Cabai Merah Keriting,Cabai Merah,varian,2026-05-12 00:00:00,47000
Cabai Merah Keriting,Cabai Merah,varian,2026-05-13 00:00:00,46000
Cabai Merah Keriting,Cabai Merah,varian,2026-05-14 00:00:00,46000
Cabai Merah Keriting,Cabai Merah,varian,2026-05-15 00:00:00,46000
Cabai Merah Keriting,Cabai Merah,varian,2026-05-18 00:00:00,42250
Cabai Merah Keriting,Cabai Merah,varian,2026-05-19 00:00:00,40000
Cabai Merah Keriting,Cabai Merah,varian,2026-05-20 00:00:00,41250
Cabai Merah Keriting,Cabai Merah,varian,2026-05-21 00:00:00,41250
Cabai Merah Keriting,Cabai Merah,varian,2026-05-22 00:00:00,50000
Cabai Merah Keriting,Cabai Merah,varian,2026-05-25 00:00:00,75000
Cabai Merah Keriting,Cabai Merah,varian,2026-05-26 00:00:00,70000
Cabai Merah Keriting,Cabai Merah,varian,2026-05-27 00:00:00,70000
Cabai Merah Keriting,Cabai Merah,varian,2026-05-28 00:00:00,70000
Cabai Merah Keriting,Cabai Merah,varian,2026-05-29 00:00:00,58750
Cabai Merah Keriting,Cabai Merah,varian,2026-06-01 00:00:00,58750
Cabai Merah Keriting,Cabai Merah,varian,2026-06-02 00:00:00,60000
Cabai Merah Keriting,Cabai Merah,varian,2026-06-03 00:00:00,63750
Cabai Merah Keriting,Cabai Merah,varian,2026-06-04 00:00:00,63750
Cabai Merah Keriting,Cabai Merah,varian,2026-06-05 00:00:00,65000
Cabai Merah Keriting,Cabai Merah,varian,2026-06-08 00:00:00,61250
Cabai Merah Keriting,Cabai Merah,varian,2026-06-09 00:00:00,55000
Cabai Merah Keriting,Cabai Merah,varian,2026-06-10 00:00:00,53750
Cabai Merah Keriting,Cabai Merah,varian,2026-06-11 00:00:00,48750
Cabai Merah Keriting,Cabai Merah,varian,2026-06-12 00:00:00,47500
Cabai Merah Keriting,Cabai Merah,varian,2026-06-15 00:00:00,48750
Cabai Merah Keriting,Cabai Merah,varian,2026-06-16 00:00:00,48750
Cabai Merah Keriting,Cabai Merah,varian,2026-06-17 00:00:00,46000
Cabai Merah Keriting,Cabai Merah,varian,2026-06-18 00:00:00,55000
Cabai Merah Keriting,Cabai Merah,varian,2026-06-19 00:00:00,57500
Cabai Merah Keriting,Cabai Merah,varian,2026-06-22 00:00:00,44750
Cabai Merah Keriting,Cabai Merah,varian,2026-06-23 00:00:00,42250
Cabai Merah Keriting,Cabai Merah,varian,2026-06-24 00:00:00,42250
Cabai Merah Keriting,Cabai Merah,varian,2026-06-25 00:00:00,42250
Cabai Merah Keriting,Cabai Merah,varian,2026-06-26 00:00:00,41250
Cabai Merah Keriting,Cabai Merah,varian,2026-06-29 00:00:00,32000
Cabai Merah Keriting,Cabai Merah,varian,2026-06-30 00:00:00,29500
Cabai Merah Keriting,Cabai Merah,varian,2026-07-01 00:00:00,29500
Cabai Merah Keriting,Cabai Merah,varian,2026-07-02 00:00:00,29000
Cabai Merah Keriting,Cabai Merah,varian,2026-07-03 00:00:00,29000
Cabai Merah Keriting,Cabai Merah,varian,2026-07-06 00:00:00,28750
Cabai Merah Keriting,Cabai Merah,varian,2026-07-07 00:00:00,27000
Cabai Merah Keriting,Cabai Merah,varian,2026-07-08 00:00:00,25750
Cabai Merah Keriting,Cabai Merah,varian,2026-07-09 00:00:00,25000
Cabai Merah Keriting,Cabai Merah,varian,2026-07-10 00:00:00,22500
Cabai Merah Keriting,Cabai Merah,varian,2026-07-13 00:00:00,21250
Cabai Merah Keriting,Cabai Merah,varian,2026-07-14 00:00:00,21250
Cabai Merah Keriting,Cabai Merah,varian,2026-07-15 00:00:00,20000
Cabai Merah Keriting,Cabai Merah,varian,2026-07-16 00:00:00,19000
Cabai Merah Keriting,Cabai Merah,varian,2026-07-17 00:00:00,19000
Cabai Merah Keriting,Cabai Merah,varian,2026-07-20 00:00:00,18750
Cabai Merah Keriting,Cabai Merah,varian,2026-07-21 00:00:00,18750
Cabai Merah Keriting,Cabai Merah,varian,2026-07-22 00:00:00,18750
Cabai Merah Keriting,Cabai Merah,varian,2026-07-23 00:00:00,18750
Cabai Merah Keriting,Cabai Merah,varian,2026-07-24 00:00:00,18750
Cabai Merah Keriting,Cabai Merah,varian,2026-07-27 00:00:00,35000
Cabai Merah Keriting,Cabai Merah,varian,2026-07-28 00:00:00,26250
Cabai Merah Keriting,Cabai Merah,varian,2026-07-29 00:00:00,24750
Cabai Merah Keriting,Cabai Merah,varian,2026-07-30 00:00:00,21250
Cabai Merah Keriting,Cabai Merah,varian,2026-07-31 00:00:00,21250
Cabai Merah Keriting,Cabai Merah,varian,2026-08-03 00:00:00,31250
Cabai Merah Keriting,Cabai Merah,varian,2026-08-04 00:00:00,28750
Cabai Merah Keriting,Cabai Merah,varian,2026-08-05 00:00:00,28750
Cabai Merah Keriting,Cabai Merah,varian,2026-08-06 00:00:00,30000
Cabai Merah Keriting,Cabai Merah,varian,2026-08-07 00:00:00,35000
Cabai Merah Keriting,Cabai Merah,varian,2026-08-10 00:00:00,56250
Cabai Merah Keriting,Cabai Merah,varian,2026-08-11 00:00:00,53750
Cabai Merah Keriting,Cabai Merah,varian,2026-08-12 00:00:00,53750
Cabai Merah Keriting,Cabai Merah,varian,2026-08-13 00:00:00,51250
Cabai Merah Keriting,Cabai Merah,varian,2026-08-14 00:00:00,50000
Cabai Merah Keriting,Cabai Merah,varian,2026-08-17 00:00:00,50000
Cabai Merah Keriting,Cabai Merah,varian,2026-08-18 00:00:00,62500
Cabai Merah Keriting,Cabai Merah,varian,2026-08-19 00:00:00,63750
Cabai Merah Keriting,Cabai Merah,varian,2026-08-20 00:00:00,66250
Cabai Merah Keriting,Cabai Merah,varian,2026-08-21 00:00:00,65000
Cabai Merah Keriting,Cabai Merah,varian,2026-08-24 00:00:00,75000
Cabai Merah Keriting,Cabai Merah,varian,2026-08-25 00:00:00,75000
Cabai Merah Keriting,Cabai Merah,varian,2026-08-26 00:00:00,82500
Cabai Merah Keriting,Cabai Merah,varian,2026-08-27 00:00:00,80000
Cabai Merah Keriting,Cabai Merah,varian,2026-08-28 00:00:00,87500
Cabai Merah Keriting,Cabai Merah,varian,2026-08-31 00:00:00,93500
Cabai Merah Keriting,Cabai Merah,varian,2026-09-01 00:00:00,93500
Cabai Merah Keriting,Cabai Merah,varian,2026-09-02 00:00:00,81000
Cabai Merah Keriting,Cabai Merah,varian,2026-09-03 00:00:00,80000
Cabai Merah Keriting,Cabai Merah,varian,2026-09-04 00:00:00,85000
Cabai Merah Keriting,Cabai Merah,varian,2026-09-07 00:00:00,90000
Cabai Merah Keriting,Cabai Merah,varian,2026-09-08 00:00:00,95000
Cabai Rawit,Cabai Rawit,kategori,2025-01-01 00:00:00,48900
Cabai Rawit,Cabai Rawit,kategori,2025-01-02 00:00:00,60000
Cabai Rawit,Cabai Rawit,kategori,2025-01-03 00:00:00,64400
Cabai Rawit,Cabai Rawit,kategori,2025-01-06 00:00:00,59900
Cabai Rawit,Cabai Rawit,kategori,2025-01-07 00:00:00,54750
Cabai Rawit,Cabai Rawit,kategori,2025-01-08 00:00:00,52000
Cabai Rawit,Cabai Rawit,kategori,2025-01-09 00:00:00,57150
Cabai Rawit,Cabai Rawit,kategori,2025-01-10 00:00:00,54650
Cabai Rawit,Cabai Rawit,kategori,2025-01-13 00:00:00,52400
Cabai Rawit,Cabai Rawit,kategori,2025-01-14 00:00:00,52500
Cabai Rawit,Cabai Rawit,kategori,2025-01-15 00:00:00,52500
Cabai Rawit,Cabai Rawit,kategori,2025-01-16 00:00:00,51000
Cabai Rawit,Cabai Rawit,kategori,2025-01-17 00:00:00,48650
Cabai Rawit,Cabai Rawit,kategori,2025-01-20 00:00:00,40250
Cabai Rawit,Cabai Rawit,kategori,2025-01-21 00:00:00,43750
Cabai Rawit,Cabai Rawit,kategori,2025-01-22 00:00:00,42750
Cabai Rawit,Cabai Rawit,kategori,2025-01-23 00:00:00,42500
Cabai Rawit,Cabai Rawit,kategori,2025-01-24 00:00:00,41750
Cabai Rawit,Cabai Rawit,kategori,2025-01-27 00:00:00,41750
Cabai Rawit,Cabai Rawit,kategori,2025-01-28 00:00:00,41750
Cabai Rawit,Cabai Rawit,kategori,2025-01-29 00:00:00,41750
Cabai Rawit,Cabai Rawit,kategori,2025-01-30 00:00:00,43500
Cabai Rawit,Cabai Rawit,kategori,2025-01-31 00:00:00,43750
Cabai Rawit,Cabai Rawit,kategori,2025-02-03 00:00:00,46150
Cabai Rawit,Cabai Rawit,kategori,2025-02-04 00:00:00,48750
Cabai Rawit,Cabai Rawit,kategori,2025-02-05 00:00:00,51500
Cabai Rawit,Cabai Rawit,kategori,2025-02-06 00:00:00,49750
Cabai Rawit,Cabai Rawit,kategori,2025-02-07 00:00:00,48500
Cabai Rawit,Cabai Rawit,kategori,2025-02-10 00:00:00,54400
Cabai Rawit,Cabai Rawit,kategori,2025-02-11 00:00:00,55750
Cabai Rawit,Cabai Rawit,kategori,2025-02-12 00:00:00,53400
Cabai Rawit,Cabai Rawit,kategori,2025-02-13 00:00:00,52500
Cabai Rawit,Cabai Rawit,kategori,2025-02-14 00:00:00,50650
Cabai Rawit,Cabai Rawit,kategori,2025-02-17 00:00:00,59900
Cabai Rawit,Cabai Rawit,kategori,2025-02-18 00:00:00,58900
Cabai Rawit,Cabai Rawit,kategori,2025-02-19 00:00:00,58650
Cabai Rawit,Cabai Rawit,kategori,2025-02-20 00:00:00,59650
Cabai Rawit,Cabai Rawit,kategori,2025-02-21 00:00:00,58000
Cabai Rawit,Cabai Rawit,kategori,2025-02-24 00:00:00,77500
Cabai Rawit,Cabai Rawit,kategori,2025-02-25 00:00:00,72500
Cabai Rawit,Cabai Rawit,kategori,2025-02-26 00:00:00,66750
Cabai Rawit,Cabai Rawit,kategori,2025-02-27 00:00:00,70750
Cabai Rawit,Cabai Rawit,kategori,2025-02-28 00:00:00,72400
Cabai Rawit,Cabai Rawit,kategori,2025-03-03 00:00:00,90650
Cabai Rawit,Cabai Rawit,kategori,2025-03-04 00:00:00,91250
Cabai Rawit,Cabai Rawit,kategori,2025-03-05 00:00:00,91500
Cabai Rawit,Cabai Rawit,kategori,2025-03-06 00:00:00,83000
Cabai Rawit,Cabai Rawit,kategori,2025-03-07 00:00:00,70500
Cabai Rawit,Cabai Rawit,kategori,2025-03-10 00:00:00,76250
Cabai Rawit,Cabai Rawit,kategori,2025-03-11 00:00:00,71250
Cabai Rawit,Cabai Rawit,kategori,2025-03-12 00:00:00,70250
Cabai Rawit,Cabai Rawit,kategori,2025-03-13 00:00:00,73250
Cabai Rawit,Cabai Rawit,kategori,2025-03-14 00:00:00,72650
Cabai Rawit,Cabai Rawit,kategori,2025-03-17 00:00:00,73650
Cabai Rawit,Cabai Rawit,kategori,2025-03-18 00:00:00,72150
Cabai Rawit,Cabai Rawit,kategori,2025-03-19 00:00:00,70250
Cabai Rawit,Cabai Rawit,kategori,2025-03-20 00:00:00,69500
Cabai Rawit,Cabai Rawit,kategori,2025-03-21 00:00:00,68400
Cabai Rawit,Cabai Rawit,kategori,2025-03-24 00:00:00,73750
Cabai Rawit,Cabai Rawit,kategori,2025-03-25 00:00:00,76250
Cabai Rawit,Cabai Rawit,kategori,2025-03-26 00:00:00,76250
Cabai Rawit,Cabai Rawit,kategori,2025-03-27 00:00:00,73750
Cabai Rawit,Cabai Rawit,kategori,2025-03-28 00:00:00,73750
Cabai Rawit,Cabai Rawit,kategori,2025-03-31 00:00:00,73750
Cabai Rawit,Cabai Rawit,kategori,2025-04-01 00:00:00,73750
Cabai Rawit,Cabai Rawit,kategori,2025-04-02 00:00:00,73750
Cabai Rawit,Cabai Rawit,kategori,2025-04-03 00:00:00,73750
Cabai Rawit,Cabai Rawit,kategori,2025-04-04 00:00:00,73750
Cabai Rawit,Cabai Rawit,kategori,2025-04-07 00:00:00,73750
Cabai Rawit,Cabai Rawit,kategori,2025-04-08 00:00:00,70150
Cabai Rawit,Cabai Rawit,kategori,2025-04-09 00:00:00,69650
Cabai Rawit,Cabai Rawit,kategori,2025-04-10 00:00:00,71250
Cabai Rawit,Cabai Rawit,kategori,2025-04-11 00:00:00,66650
Cabai Rawit,Cabai Rawit,kategori,2025-04-14 00:00:00,67250
Cabai Rawit,Cabai Rawit,kategori,2025-04-15 00:00:00,66000
Cabai Rawit,Cabai Rawit,kategori,2025-04-16 00:00:00,75500
Cabai Rawit,Cabai Rawit,kategori,2025-04-17 00:00:00,68150
Cabai Rawit,Cabai Rawit,kategori,2025-04-18 00:00:00,68150
Cabai Rawit,Cabai Rawit,kategori,2025-04-21 00:00:00,74750
Cabai Rawit,Cabai Rawit,kategori,2025-04-22 00:00:00,73500
Cabai Rawit,Cabai Rawit,kategori,2025-04-23 00:00:00,71250
Cabai Rawit,Cabai Rawit,kategori,2025-04-24 00:00:00,69500
Cabai Rawit,Cabai Rawit,kategori,2025-04-25 00:00:00,69400
Cabai Rawit,Cabai Rawit,kategori,2025-04-28 00:00:00,74250
Cabai Rawit,Cabai Rawit,kategori,2025-04-29 00:00:00,73500
Cabai Rawit,Cabai Rawit,kategori,2025-04-30 00:00:00,69250
Cabai Rawit,Cabai Rawit,kategori,2025-05-01 00:00:00,69250
Cabai Rawit,Cabai Rawit,kategori,2025-05-02 00:00:00,62250
Cabai Rawit,Cabai Rawit,kategori,2025-05-05 00:00:00,74750
Cabai Rawit,Cabai Rawit,kategori,2025-05-06 00:00:00,74750
Cabai Rawit,Cabai Rawit,kategori,2025-05-07 00:00:00,72150
Cabai Rawit,Cabai Rawit,kategori,2025-05-08 00:00:00,69650
Cabai Rawit,Cabai Rawit,kategori,2025-05-09 00:00:00,73150
Cabai Rawit,Cabai Rawit,kategori,2025-05-12 00:00:00,73150
Cabai Rawit,Cabai Rawit,kategori,2025-05-13 00:00:00,69250
Cabai Rawit,Cabai Rawit,kategori,2025-05-14 00:00:00,63500
Cabai Rawit,Cabai Rawit,kategori,2025-05-15 00:00:00,73500
Cabai Rawit,Cabai Rawit,kategori,2025-05-16 00:00:00,71400
Cabai Rawit,Cabai Rawit,kategori,2025-05-19 00:00:00,67250
Cabai Rawit,Cabai Rawit,kategori,2025-05-20 00:00:00,65750
Cabai Rawit,Cabai Rawit,kategori,2025-05-21 00:00:00,66250
Cabai Rawit,Cabai Rawit,kategori,2025-05-22 00:00:00,71750
Cabai Rawit,Cabai Rawit,kategori,2025-05-23 00:00:00,68000
Cabai Rawit,Cabai Rawit,kategori,2025-05-26 00:00:00,68000
Cabai Rawit,Cabai Rawit,kategori,2025-05-27 00:00:00,74750
Cabai Rawit,Cabai Rawit,kategori,2025-05-28 00:00:00,73500
Cabai Rawit,Cabai Rawit,kategori,2025-05-29 00:00:00,73500
Cabai Rawit,Cabai Rawit,kategori,2025-05-30 00:00:00,73500
Cabai Rawit,Cabai Rawit,kategori,2025-06-02 00:00:00,88750
Cabai Rawit,Cabai Rawit,kategori,2025-06-03 00:00:00,87400
Cabai Rawit,Cabai Rawit,kategori,2025-06-04 00:00:00,77900
Cabai Rawit,Cabai Rawit,kategori,2025-06-05 00:00:00,72000
Cabai Rawit,Cabai Rawit,kategori,2025-06-06 00:00:00,72000
Cabai Rawit,Cabai Rawit,kategori,2025-06-09 00:00:00,72000
Cabai Rawit,Cabai Rawit,kategori,2025-06-10 00:00:00,91150
Cabai Rawit,Cabai Rawit,kategori,2025-06-11 00:00:00,80900
Cabai Rawit,Cabai Rawit,kategori,2025-06-12 00:00:00,79650
Cabai Rawit,Cabai Rawit,kategori,2025-06-13 00:00:00,83500
Cabai Rawit,Cabai Rawit,kategori,2025-06-16 00:00:00,81650
Cabai Rawit,Cabai Rawit,kategori,2025-06-17 00:00:00,84000
Cabai Rawit,Cabai Rawit,kategori,2025-06-18 00:00:00,78000
Cabai Rawit,Cabai Rawit,kategori,2025-06-19 00:00:00,76750
Cabai Rawit,Cabai Rawit,kategori,2025-06-20 00:00:00,75500
Cabai Rawit,Cabai Rawit,kategori,2025-06-23 00:00:00,81900
Cabai Rawit,Cabai Rawit,kategori,2025-06-24 00:00:00,80900
Cabai Rawit,Cabai Rawit,kategori,2025-06-25 00:00:00,79650
Cabai Rawit,Cabai Rawit,kategori,2025-06-26 00:00:00,79400
Cabai Rawit,Cabai Rawit,kategori,2025-06-27 00:00:00,79400
Cabai Rawit,Cabai Rawit,kategori,2025-06-30 00:00:00,83000
Cabai Rawit,Cabai Rawit,kategori,2025-07-01 00:00:00,78000
Cabai Rawit,Cabai Rawit,kategori,2025-07-02 00:00:00,80750
Cabai Rawit,Cabai Rawit,kategori,2025-07-03 00:00:00,80750
Cabai Rawit,Cabai Rawit,kategori,2025-07-04 00:00:00,77000
Cabai Rawit,Cabai Rawit,kategori,2025-07-07 00:00:00,76900
Cabai Rawit,Cabai Rawit,kategori,2025-07-08 00:00:00,77000
Cabai Rawit,Cabai Rawit,kategori,2025-07-09 00:00:00,75000
Cabai Rawit,Cabai Rawit,kategori,2025-07-10 00:00:00,75000
Cabai Rawit,Cabai Rawit,kategori,2025-07-11 00:00:00,75650
Cabai Rawit,Cabai Rawit,kategori,2025-07-14 00:00:00,71750
Cabai Rawit,Cabai Rawit,kategori,2025-07-15 00:00:00,66750
Cabai Rawit,Cabai Rawit,kategori,2025-07-16 00:00:00,63900
Cabai Rawit,Cabai Rawit,kategori,2025-07-17 00:00:00,75000
Cabai Rawit,Cabai Rawit,kategori,2025-07-18 00:00:00,71900
Cabai Rawit,Cabai Rawit,kategori,2025-07-21 00:00:00,63150
Cabai Rawit,Cabai Rawit,kategori,2025-07-22 00:00:00,59250
Cabai Rawit,Cabai Rawit,kategori,2025-07-23 00:00:00,59900
Cabai Rawit,Cabai Rawit,kategori,2025-07-24 00:00:00,59250
Cabai Rawit,Cabai Rawit,kategori,2025-07-25 00:00:00,55000
Cabai Rawit,Cabai Rawit,kategori,2025-07-28 00:00:00,56000
Cabai Rawit,Cabai Rawit,kategori,2025-07-29 00:00:00,56250
Cabai Rawit,Cabai Rawit,kategori,2025-07-30 00:00:00,53900
Cabai Rawit,Cabai Rawit,kategori,2025-07-31 00:00:00,52650
Cabai Rawit,Cabai Rawit,kategori,2025-08-01 00:00:00,49500
Cabai Rawit,Cabai Rawit,kategori,2025-08-04 00:00:00,57750
Cabai Rawit,Cabai Rawit,kategori,2025-08-05 00:00:00,57000
Cabai Rawit,Cabai Rawit,kategori,2025-08-06 00:00:00,54400
Cabai Rawit,Cabai Rawit,kategori,2025-08-07 00:00:00,53500
Cabai Rawit,Cabai Rawit,kategori,2025-08-08 00:00:00,50400
Cabai Rawit,Cabai Rawit,kategori,2025-08-11 00:00:00,49250
Cabai Rawit,Cabai Rawit,kategori,2025-08-12 00:00:00,46500
Cabai Rawit,Cabai Rawit,kategori,2025-08-13 00:00:00,43000
Cabai Rawit,Cabai Rawit,kategori,2025-08-14 00:00:00,46500
Cabai Rawit,Cabai Rawit,kategori,2025-08-15 00:00:00,45500
Cabai Rawit,Cabai Rawit,kategori,2025-08-18 00:00:00,45500
Cabai Rawit,Cabai Rawit,kategori,2025-08-19 00:00:00,44400
Cabai Rawit,Cabai Rawit,kategori,2025-08-20 00:00:00,44000
Cabai Rawit,Cabai Rawit,kategori,2025-08-21 00:00:00,43750
Cabai Rawit,Cabai Rawit,kategori,2025-08-22 00:00:00,42500
Cabai Rawit,Cabai Rawit,kategori,2025-08-25 00:00:00,41750
Cabai Rawit,Cabai Rawit,kategori,2025-08-26 00:00:00,43250
Cabai Rawit,Cabai Rawit,kategori,2025-08-27 00:00:00,44650
Cabai Rawit,Cabai Rawit,kategori,2025-08-28 00:00:00,42250
Cabai Rawit,Cabai Rawit,kategori,2025-08-29 00:00:00,42250
Cabai Rawit,Cabai Rawit,kategori,2025-09-01 00:00:00,45400
Cabai Rawit,Cabai Rawit,kategori,2025-09-02 00:00:00,45750
Cabai Rawit,Cabai Rawit,kategori,2025-09-03 00:00:00,45400
Cabai Rawit,Cabai Rawit,kategori,2025-09-04 00:00:00,48150
Cabai Rawit,Cabai Rawit,kategori,2025-09-05 00:00:00,48150
Cabai Rawit,Cabai Rawit,kategori,2025-09-08 00:00:00,67650
Cabai Rawit,Cabai Rawit,kategori,2025-09-09 00:00:00,71100
Cabai Rawit,Cabai Rawit,kategori,2025-09-10 00:00:00,67250
Cabai Rawit,Cabai Rawit,kategori,2025-09-11 00:00:00,66400
Cabai Rawit,Cabai Rawit,kategori,2025-09-12 00:00:00,65000
Cabai Rawit,Cabai Rawit,kategori,2025-09-15 00:00:00,66650
Cabai Rawit,Cabai Rawit,kategori,2025-09-16 00:00:00,64750
Cabai Rawit,Cabai Rawit,kategori,2025-09-17 00:00:00,60500
Cabai Rawit,Cabai Rawit,kategori,2025-09-18 00:00:00,59500
Cabai Rawit,Cabai Rawit,kategori,2025-09-19 00:00:00,57500
Cabai Rawit,Cabai Rawit,kategori,2025-09-22 00:00:00,54400
Cabai Rawit,Cabai Rawit,kategori,2025-09-23 00:00:00,53250
Cabai Rawit,Cabai Rawit,kategori,2025-09-24 00:00:00,49650
Cabai Rawit,Cabai Rawit,kategori,2025-09-25 00:00:00,47900
Cabai Rawit,Cabai Rawit,kategori,2025-09-26 00:00:00,48150
Cabai Rawit,Cabai Rawit,kategori,2025-09-29 00:00:00,51400
Cabai Rawit,Cabai Rawit,kategori,2025-09-30 00:00:00,48400
Cabai Rawit,Cabai Rawit,kategori,2025-10-01 00:00:00,46900
Cabai Rawit,Cabai Rawit,kategori,2025-10-02 00:00:00,50000
Cabai Rawit,Cabai Rawit,kategori,2025-10-03 00:00:00,52900
Cabai Rawit,Cabai Rawit,kategori,2025-10-06 00:00:00,48500
Cabai Rawit,Cabai Rawit,kategori,2025-10-07 00:00:00,44500
Cabai Rawit,Cabai Rawit,kategori,2025-10-08 00:00:00,43250
Cabai Rawit,Cabai Rawit,kategori,2025-10-09 00:00:00,47500
Cabai Rawit,Cabai Rawit,kategori,2025-10-10 00:00:00,46150
Cabai Rawit,Cabai Rawit,kategori,2025-10-13 00:00:00,38150
Cabai Rawit,Cabai Rawit,kategori,2025-10-14 00:00:00,36900
Cabai Rawit,Cabai Rawit,kategori,2025-10-15 00:00:00,36750
Cabai Rawit,Cabai Rawit,kategori,2025-10-16 00:00:00,36000
Cabai Rawit,Cabai Rawit,kategori,2025-10-17 00:00:00,34500
Cabai Rawit,Cabai Rawit,kategori,2025-10-20 00:00:00,31900
Cabai Rawit,Cabai Rawit,kategori,2025-10-21 00:00:00,30900
Cabai Rawit,Cabai Rawit,kategori,2025-10-22 00:00:00,30150
Cabai Rawit,Cabai Rawit,kategori,2025-10-23 00:00:00,29750
Cabai Rawit,Cabai Rawit,kategori,2025-10-24 00:00:00,29500
Cabai Rawit,Cabai Rawit,kategori,2025-10-27 00:00:00,29400
Cabai Rawit,Cabai Rawit,kategori,2025-10-28 00:00:00,36250
Cabai Rawit,Cabai Rawit,kategori,2025-10-29 00:00:00,36150
Cabai Rawit,Cabai Rawit,kategori,2025-10-30 00:00:00,37900
Cabai Rawit,Cabai Rawit,kategori,2025-10-31 00:00:00,31750
Cabai Rawit,Cabai Rawit,kategori,2025-11-03 00:00:00,31150
Cabai Rawit,Cabai Rawit,kategori,2025-11-04 00:00:00,32750
Cabai Rawit,Cabai Rawit,kategori,2025-11-05 00:00:00,41000
Cabai Rawit,Cabai Rawit,kategori,2025-11-06 00:00:00,44000
Cabai Rawit,Cabai Rawit,kategori,2025-11-07 00:00:00,42500
Cabai Rawit,Cabai Rawit,kategori,2025-11-10 00:00:00,44750
Cabai Rawit,Cabai Rawit,kategori,2025-11-11 00:00:00,48650
Cabai Rawit,Cabai Rawit,kategori,2025-11-12 00:00:00,47750
Cabai Rawit,Cabai Rawit,kategori,2025-11-13 00:00:00,51750
Cabai Rawit,Cabai Rawit,kategori,2025-11-14 00:00:00,49500
Cabai Rawit,Cabai Rawit,kategori,2025-11-17 00:00:00,51900
Cabai Rawit,Cabai Rawit,kategori,2025-11-18 00:00:00,49400
Cabai Rawit,Cabai Rawit,kategori,2025-11-19 00:00:00,46000
Cabai Rawit,Cabai Rawit,kategori,2025-11-20 00:00:00,45400
Cabai Rawit,Cabai Rawit,kategori,2025-11-21 00:00:00,45000
Cabai Rawit,Cabai Rawit,kategori,2025-11-24 00:00:00,46000
Cabai Rawit,Cabai Rawit,kategori,2025-11-25 00:00:00,44500
Cabai Rawit,Cabai Rawit,kategori,2025-11-26 00:00:00,44650
Cabai Rawit,Cabai Rawit,kategori,2025-11-27 00:00:00,42250
Cabai Rawit,Cabai Rawit,kategori,2025-11-28 00:00:00,40650
Cabai Rawit,Cabai Rawit,kategori,2025-12-01 00:00:00,42400
Cabai Rawit,Cabai Rawit,kategori,2025-12-02 00:00:00,43650
Cabai Rawit,Cabai Rawit,kategori,2025-12-03 00:00:00,44650
Cabai Rawit,Cabai Rawit,kategori,2025-12-04 00:00:00,46150
Cabai Rawit,Cabai Rawit,kategori,2025-12-05 00:00:00,46150
Cabai Rawit,Cabai Rawit,kategori,2025-12-08 00:00:00,45750
Cabai Rawit,Cabai Rawit,kategori,2025-12-09 00:00:00,45650
Cabai Rawit,Cabai Rawit,kategori,2025-12-10 00:00:00,46900
Cabai Rawit,Cabai Rawit,kategori,2025-12-11 00:00:00,47650
Cabai Rawit,Cabai Rawit,kategori,2025-12-12 00:00:00,46900
Cabai Rawit,Cabai Rawit,kategori,2025-12-15 00:00:00,46250
Cabai Rawit,Cabai Rawit,kategori,2025-12-16 00:00:00,45750
Cabai Rawit,Cabai Rawit,kategori,2025-12-17 00:00:00,42750
Cabai Rawit,Cabai Rawit,kategori,2025-12-18 00:00:00,42150
Cabai Rawit,Cabai Rawit,kategori,2025-12-19 00:00:00,41750
Cabai Rawit,Cabai Rawit,kategori,2025-12-22 00:00:00,43250
Cabai Rawit,Cabai Rawit,kategori,2025-12-23 00:00:00,43750
Cabai Rawit,Cabai Rawit,kategori,2025-12-24 00:00:00,42500
Cabai Rawit,Cabai Rawit,kategori,2025-12-25 00:00:00,42500
Cabai Rawit,Cabai Rawit,kategori,2025-12-26 00:00:00,42500
Cabai Rawit,Cabai Rawit,kategori,2025-12-29 00:00:00,39400
Cabai Rawit,Cabai Rawit,kategori,2025-12-30 00:00:00,36000
Cabai Rawit,Cabai Rawit,kategori,2025-12-31 00:00:00,33400
Cabai Rawit,Cabai Rawit,kategori,2026-01-01 00:00:00,33400
Cabai Rawit,Cabai Rawit,kategori,2026-01-02 00:00:00,36250
Cabai Rawit,Cabai Rawit,kategori,2026-01-05 00:00:00,33250
Cabai Rawit,Cabai Rawit,kategori,2026-01-06 00:00:00,35000
Cabai Rawit,Cabai Rawit,kategori,2026-01-07 00:00:00,40000
Cabai Rawit,Cabai Rawit,kategori,2026-01-08 00:00:00,39400
Cabai Rawit,Cabai Rawit,kategori,2026-01-09 00:00:00,40650
Cabai Rawit,Cabai Rawit,kategori,2026-01-12 00:00:00,34400
Cabai Rawit,Cabai Rawit,kategori,2026-01-13 00:00:00,33750
Cabai Rawit,Cabai Rawit,kategori,2026-01-14 00:00:00,33150
Cabai Rawit,Cabai Rawit,kategori,2026-01-15 00:00:00,32000
Cabai Rawit,Cabai Rawit,kategori,2026-01-16 00:00:00,32000
Cabai Rawit,Cabai Rawit,kategori,2026-01-19 00:00:00,32900
Cabai Rawit,Cabai Rawit,kategori,2026-01-20 00:00:00,33750
Cabai Rawit,Cabai Rawit,kategori,2026-01-21 00:00:00,33750
Cabai Rawit,Cabai Rawit,kategori,2026-01-22 00:00:00,35000
Cabai Rawit,Cabai Rawit,kategori,2026-01-23 00:00:00,34400
Cabai Rawit,Cabai Rawit,kategori,2026-01-26 00:00:00,34400
Cabai Rawit,Cabai Rawit,kategori,2026-01-27 00:00:00,34400
Cabai Rawit,Cabai Rawit,kategori,2026-01-28 00:00:00,35650
Cabai Rawit,Cabai Rawit,kategori,2026-01-29 00:00:00,39650
Cabai Rawit,Cabai Rawit,kategori,2026-01-30 00:00:00,40000
Cabai Rawit,Cabai Rawit,kategori,2026-02-02 00:00:00,39400
Cabai Rawit,Cabai Rawit,kategori,2026-02-03 00:00:00,44150
Cabai Rawit,Cabai Rawit,kategori,2026-02-04 00:00:00,45400
Cabai Rawit,Cabai Rawit,kategori,2026-02-05 00:00:00,49150
Cabai Rawit,Cabai Rawit,kategori,2026-02-06 00:00:00,47900
Cabai Rawit,Cabai Rawit,kategori,2026-02-09 00:00:00,48500
Cabai Rawit,Cabai Rawit,kategori,2026-02-10 00:00:00,46900
Cabai Rawit,Cabai Rawit,kategori,2026-02-11 00:00:00,46250
Cabai Rawit,Cabai Rawit,kategori,2026-02-12 00:00:00,48750
Cabai Rawit,Cabai Rawit,kategori,2026-02-13 00:00:00,48150
Cabai Rawit,Cabai Rawit,kategori,2026-02-16 00:00:00,48150
Cabai Rawit,Cabai Rawit,kategori,2026-02-17 00:00:00,48150
Cabai Rawit,Cabai Rawit,kategori,2026-02-18 00:00:00,49900
Cabai Rawit,Cabai Rawit,kategori,2026-02-19 00:00:00,50500
Cabai Rawit,Cabai Rawit,kategori,2026-02-20 00:00:00,53150
Cabai Rawit,Cabai Rawit,kategori,2026-02-23 00:00:00,56150
Cabai Rawit,Cabai Rawit,kategori,2026-02-24 00:00:00,51400
Cabai Rawit,Cabai Rawit,kategori,2026-02-25 00:00:00,47900
Cabai Rawit,Cabai Rawit,kategori,2026-02-26 00:00:00,41900
Cabai Rawit,Cabai Rawit,kategori,2026-02-27 00:00:00,44900
Cabai Rawit,Cabai Rawit,kategori,2026-03-02 00:00:00,45250
Cabai Rawit,Cabai Rawit,kategori,2026-03-03 00:00:00,47250
Cabai Rawit,Cabai Rawit,kategori,2026-03-04 00:00:00,45150
Cabai Rawit,Cabai Rawit,kategori,2026-03-05 00:00:00,50400
Cabai Rawit,Cabai Rawit,kategori,2026-03-06 00:00:00,49750
Cabai Rawit,Cabai Rawit,kategori,2026-03-09 00:00:00,53750
Cabai Rawit,Cabai Rawit,kategori,2026-03-10 00:00:00,56400
Cabai Rawit,Cabai Rawit,kategori,2026-03-11 00:00:00,56000
Cabai Rawit,Cabai Rawit,kategori,2026-03-12 00:00:00,59900
Cabai Rawit,Cabai Rawit,kategori,2026-03-13 00:00:00,56250
Cabai Rawit,Cabai Rawit,kategori,2026-03-16 00:00:00,61250
Cabai Rawit,Cabai Rawit,kategori,2026-03-17 00:00:00,64400
Cabai Rawit,Cabai Rawit,kategori,2026-03-18 00:00:00,64400
Cabai Rawit,Cabai Rawit,kategori,2026-03-19 00:00:00,64400
Cabai Rawit,Cabai Rawit,kategori,2026-03-20 00:00:00,64400
Cabai Rawit,Cabai Rawit,kategori,2026-03-23 00:00:00,64400
Cabai Rawit,Cabai Rawit,kategori,2026-03-24 00:00:00,64400
Cabai Rawit,Cabai Rawit,kategori,2026-03-25 00:00:00,66250
Cabai Rawit,Cabai Rawit,kategori,2026-03-26 00:00:00,63750
Cabai Rawit,Cabai Rawit,kategori,2026-03-27 00:00:00,59750
Cabai Rawit,Cabai Rawit,kategori,2026-03-30 00:00:00,70150
Cabai Rawit,Cabai Rawit,kategori,2026-03-31 00:00:00,78150
Cabai Rawit,Cabai Rawit,kategori,2026-04-01 00:00:00,78750
Cabai Rawit,Cabai Rawit,kategori,2026-04-02 00:00:00,72500
Cabai Rawit,Cabai Rawit,kategori,2026-04-03 00:00:00,72500
Cabai Rawit,Cabai Rawit,kategori,2026-04-06 00:00:00,61150
Cabai Rawit,Cabai Rawit,kategori,2026-04-07 00:00:00,63000
Cabai Rawit,Cabai Rawit,kategori,2026-04-08 00:00:00,67250
Cabai Rawit,Cabai Rawit,kategori,2026-04-09 00:00:00,61000
Cabai Rawit,Cabai Rawit,kategori,2026-04-10 00:00:00,58900
Cabai Rawit,Cabai Rawit,kategori,2026-04-13 00:00:00,51750
Cabai Rawit,Cabai Rawit,kategori,2026-04-14 00:00:00,51650
Cabai Rawit,Cabai Rawit,kategori,2026-04-15 00:00:00,51000
Cabai Rawit,Cabai Rawit,kategori,2026-04-16 00:00:00,48150
Cabai Rawit,Cabai Rawit,kategori,2026-04-17 00:00:00,41400
Cabai Rawit,Cabai Rawit,kategori,2026-04-20 00:00:00,42750
Cabai Rawit,Cabai Rawit,kategori,2026-04-21 00:00:00,43400
Cabai Rawit,Cabai Rawit,kategori,2026-04-22 00:00:00,38150
Cabai Rawit,Cabai Rawit,kategori,2026-04-23 00:00:00,33900
Cabai Rawit,Cabai Rawit,kategori,2026-04-24 00:00:00,36250
Cabai Rawit,Cabai Rawit,kategori,2026-04-27 00:00:00,43750
Cabai Rawit,Cabai Rawit,kategori,2026-04-28 00:00:00,46250
Cabai Rawit,Cabai Rawit,kategori,2026-04-29 00:00:00,46750
Cabai Rawit,Cabai Rawit,kategori,2026-04-30 00:00:00,46150
Cabai Rawit,Cabai Rawit,kategori,2026-05-01 00:00:00,46150
Cabai Rawit,Cabai Rawit,kategori,2026-05-04 00:00:00,46900
Cabai Rawit,Cabai Rawit,kategori,2026-05-05 00:00:00,51900
Cabai Rawit,Cabai Rawit,kategori,2026-05-06 00:00:00,52500
Cabai Rawit,Cabai Rawit,kategori,2026-05-07 00:00:00,53900
Cabai Rawit,Cabai Rawit,kategori,2026-05-08 00:00:00,53750
Cabai Rawit,Cabai Rawit,kategori,2026-05-11 00:00:00,59500
Cabai Rawit,Cabai Rawit,kategori,2026-05-12 00:00:00,57000
Cabai Rawit,Cabai Rawit,kategori,2026-05-13 00:00:00,56500
Cabai Rawit,Cabai Rawit,kategori,2026-05-14 00:00:00,56500
Cabai Rawit,Cabai Rawit,kategori,2026-05-15 00:00:00,56500
Cabai Rawit,Cabai Rawit,kategori,2026-05-18 00:00:00,61900
Cabai Rawit,Cabai Rawit,kategori,2026-05-19 00:00:00,66650
Cabai Rawit,Cabai Rawit,kategori,2026-05-20 00:00:00,70750
Cabai Rawit,Cabai Rawit,kategori,2026-05-21 00:00:00,65400
Cabai Rawit,Cabai Rawit,kategori,2026-05-22 00:00:00,64250
Cabai Rawit,Cabai Rawit,kategori,2026-05-25 00:00:00,61650
Cabai Rawit,Cabai Rawit,kategori,2026-05-26 00:00:00,58500
Cabai Rawit,Cabai Rawit,kategori,2026-05-27 00:00:00,58500
Cabai Rawit,Cabai Rawit,kategori,2026-05-28 00:00:00,58500
Cabai Rawit,Cabai Rawit,kategori,2026-05-29 00:00:00,80000
Cabai Rawit,Cabai Rawit,kategori,2026-06-01 00:00:00,80000
Cabai Rawit,Cabai Rawit,kategori,2026-06-02 00:00:00,63150
Cabai Rawit,Cabai Rawit,kategori,2026-06-03 00:00:00,61250
Cabai Rawit,Cabai Rawit,kategori,2026-06-04 00:00:00,60000
Cabai Rawit,Cabai Rawit,kategori,2026-06-05 00:00:00,74400
Cabai Rawit,Cabai Rawit,kategori,2026-06-08 00:00:00,68750
Cabai Rawit,Cabai Rawit,kategori,2026-06-09 00:00:00,65000
Cabai Rawit,Cabai Rawit,kategori,2026-06-10 00:00:00,78150
Cabai Rawit,Cabai Rawit,kategori,2026-06-11 00:00:00,75000
Cabai Rawit,Cabai Rawit,kategori,2026-06-12 00:00:00,70650
Cabai Rawit,Cabai Rawit,kategori,2026-06-15 00:00:00,71900
Cabai Rawit,Cabai Rawit,kategori,2026-06-16 00:00:00,71900
Cabai Rawit,Cabai Rawit,kategori,2026-06-17 00:00:00,73150
Cabai Rawit,Cabai Rawit,kategori,2026-06-18 00:00:00,71250
Cabai Rawit,Cabai Rawit,kategori,2026-06-19 00:00:00,62500
Cabai Rawit,Cabai Rawit,kategori,2026-06-22 00:00:00,55650
Cabai Rawit,Cabai Rawit,kategori,2026-06-23 00:00:00,56900
Cabai Rawit,Cabai Rawit,kategori,2026-06-24 00:00:00,55650
Cabai Rawit,Cabai Rawit,kategori,2026-06-25 00:00:00,56250
Cabai Rawit,Cabai Rawit,kategori,2026-06-26 00:00:00,55000
Cabai Rawit,Cabai Rawit,kategori,2026-06-29 00:00:00,55000
Cabai Rawit,Cabai Rawit,kategori,2026-06-30 00:00:00,56900
Cabai Rawit,Cabai Rawit,kategori,2026-07-01 00:00:00,55000
Cabai Rawit,Cabai Rawit,kategori,2026-07-02 00:00:00,51900
Cabai Rawit,Cabai Rawit,kategori,2026-07-03 00:00:00,47500
Cabai Rawit,Cabai Rawit,kategori,2026-07-06 00:00:00,48650
Cabai Rawit,Cabai Rawit,kategori,2026-07-07 00:00:00,47500
Cabai Rawit,Cabai Rawit,kategori,2026-07-08 00:00:00,47500
Cabai Rawit,Cabai Rawit,kategori,2026-07-09 00:00:00,46400
Cabai Rawit,Cabai Rawit,kategori,2026-07-10 00:00:00,43750
Cabai Rawit,Cabai Rawit,kategori,2026-07-13 00:00:00,40400
Cabai Rawit,Cabai Rawit,kategori,2026-07-14 00:00:00,39250
Cabai Rawit,Cabai Rawit,kategori,2026-07-15 00:00:00,38150
Cabai Rawit,Cabai Rawit,kategori,2026-07-16 00:00:00,38500
Cabai Rawit,Cabai Rawit,kategori,2026-07-17 00:00:00,39750
Cabai Rawit,Cabai Rawit,kategori,2026-07-20 00:00:00,53150
Cabai Rawit,Cabai Rawit,kategori,2026-07-21 00:00:00,51900
Cabai Rawit,Cabai Rawit,kategori,2026-07-22 00:00:00,46650
Cabai Rawit,Cabai Rawit,kategori,2026-07-23 00:00:00,57400
Cabai Rawit,Cabai Rawit,kategori,2026-07-24 00:00:00,55000
Cabai Rawit,Cabai Rawit,kategori,2026-07-27 00:00:00,58400
Cabai Rawit,Cabai Rawit,kategori,2026-07-28 00:00:00,56250
Cabai Rawit,Cabai Rawit,kategori,2026-07-29 00:00:00,59250
Cabai Rawit,Cabai Rawit,kategori,2026-07-30 00:00:00,65400
Cabai Rawit,Cabai Rawit,kategori,2026-07-31 00:00:00,51650
Cabai Rawit,Cabai Rawit,kategori,2026-08-03 00:00:00,69150
Cabai Rawit,Cabai Rawit,kategori,2026-08-04 00:00:00,74150
Cabai Rawit,Cabai Rawit,kategori,2026-08-05 00:00:00,74250
Cabai Rawit,Cabai Rawit,kategori,2026-08-06 00:00:00,74400
Cabai Rawit,Cabai Rawit,kategori,2026-08-07 00:00:00,73500
Cabai Rawit,Cabai Rawit,kategori,2026-08-10 00:00:00,79750
Cabai Rawit,Cabai Rawit,kategori,2026-08-11 00:00:00,81250
Cabai Rawit,Cabai Rawit,kategori,2026-08-12 00:00:00,84750
Cabai Rawit,Cabai Rawit,kategori,2026-08-13 00:00:00,85650
Cabai Rawit,Cabai Rawit,kategori,2026-08-14 00:00:00,85000
Cabai Rawit,Cabai Rawit,kategori,2026-08-17 00:00:00,85000
Cabai Rawit,Cabai Rawit,kategori,2026-08-18 00:00:00,98750
Cabai Rawit,Cabai Rawit,kategori,2026-08-19 00:00:00,98150
Cabai Rawit,Cabai Rawit,kategori,2026-08-20 00:00:00,100000
Cabai Rawit,Cabai Rawit,kategori,2026-08-21 00:00:00,96250
Cabai Rawit,Cabai Rawit,kategori,2026-08-24 00:00:00,112500
Cabai Rawit,Cabai Rawit,kategori,2026-08-25 00:00:00,112500
Cabai Rawit,Cabai Rawit,kategori,2026-08-26 00:00:00,113750
Cabai Rawit,Cabai Rawit,kategori,2026-08-27 00:00:00,111250
Cabai Rawit,Cabai Rawit,kategori,2026-08-28 00:00:00,108750
Cabai Rawit,Cabai Rawit,kategori,2026-08-31 00:00:00,132500
Cabai Rawit,Cabai Rawit,kategori,2026-09-01 00:00:00,128750
Cabai Rawit,Cabai Rawit,kategori,2026-09-02 00:00:00,121250
Cabai Rawit,Cabai Rawit,kategori,2026-09-03 00:00:00,121250
Cabai Rawit,Cabai Rawit,kategori,2026-09-04 00:00:00,120000
Cabai Rawit,Cabai Rawit,kategori,2026-09-07 00:00:00,147500
Cabai Rawit,Cabai Rawit,kategori,2026-09-08 00:00:00,
Cabai Rawit Hijau,Cabai Rawit,varian,2025-01-01 00:00:00,42500
Cabai Rawit Hijau,Cabai Rawit,varian,2025-01-02 00:00:00,37500
Cabai Rawit Hijau,Cabai Rawit,varian,2025-01-03 00:00:00,38750
Cabai Rawit Hijau,Cabai Rawit,varian,2025-01-06 00:00:00,44000
Cabai Rawit Hijau,Cabai Rawit,varian,2025-01-07 00:00:00,41500
Cabai Rawit Hijau,Cabai Rawit,varian,2025-01-08 00:00:00,44000
Cabai Rawit Hijau,Cabai Rawit,varian,2025-01-09 00:00:00,39000
Cabai Rawit Hijau,Cabai Rawit,varian,2025-01-10 00:00:00,39000
Cabai Rawit Hijau,Cabai Rawit,varian,2025-01-13 00:00:00,35000
Cabai Rawit Hijau,Cabai Rawit,varian,2025-01-14 00:00:00,35000
Cabai Rawit Hijau,Cabai Rawit,varian,2025-01-15 00:00:00,35000
Cabai Rawit Hijau,Cabai Rawit,varian,2025-01-16 00:00:00,35000
Cabai Rawit Hijau,Cabai Rawit,varian,2025-01-17 00:00:00,36000
Cabai Rawit Hijau,Cabai Rawit,varian,2025-01-20 00:00:00,36000
Cabai Rawit Hijau,Cabai Rawit,varian,2025-01-21 00:00:00,38500
Cabai Rawit Hijau,Cabai Rawit,varian,2025-01-22 00:00:00,38500
Cabai Rawit Hijau,Cabai Rawit,varian,2025-01-23 00:00:00,36000
Cabai Rawit Hijau,Cabai Rawit,varian,2025-01-24 00:00:00,36000
Cabai Rawit Hijau,Cabai Rawit,varian,2025-01-27 00:00:00,36000
Cabai Rawit Hijau,Cabai Rawit,varian,2025-01-28 00:00:00,36000
Cabai Rawit Hijau,Cabai Rawit,varian,2025-01-29 00:00:00,36000
Cabai Rawit Hijau,Cabai Rawit,varian,2025-01-30 00:00:00,47500
Cabai Rawit Hijau,Cabai Rawit,varian,2025-01-31 00:00:00,45000
Cabai Rawit Hijau,Cabai Rawit,varian,2025-02-03 00:00:00,50000
Cabai Rawit Hijau,Cabai Rawit,varian,2025-02-04 00:00:00,52500
Cabai Rawit Hijau,Cabai Rawit,varian,2025-02-05 00:00:00,57500
Cabai Rawit Hijau,Cabai Rawit,varian,2025-02-06 00:00:00,54000
Cabai Rawit Hijau,Cabai Rawit,varian,2025-02-07 00:00:00,53750
Cabai Rawit Hijau,Cabai Rawit,varian,2025-02-10 00:00:00,47500
Cabai Rawit Hijau,Cabai Rawit,varian,2025-02-11 00:00:00,54000
Cabai Rawit Hijau,Cabai Rawit,varian,2025-02-12 00:00:00,55000
Cabai Rawit Hijau,Cabai Rawit,varian,2025-02-13 00:00:00,52500
Cabai Rawit Hijau,Cabai Rawit,varian,2025-02-14 00:00:00,50000
Cabai Rawit Hijau,Cabai Rawit,varian,2025-02-17 00:00:00,50000
Cabai Rawit Hijau,Cabai Rawit,varian,2025-02-18 00:00:00,50000
Cabai Rawit Hijau,Cabai Rawit,varian,2025-02-19 00:00:00,50000
Cabai Rawit Hijau,Cabai Rawit,varian,2025-02-20 00:00:00,52500
Cabai Rawit Hijau,Cabai Rawit,varian,2025-02-21 00:00:00,49000
Cabai Rawit Hijau,Cabai Rawit,varian,2025-02-24 00:00:00,55000
Cabai Rawit Hijau,Cabai Rawit,varian,2025-02-25 00:00:00,55000
Cabai Rawit Hijau,Cabai Rawit,varian,2025-02-26 00:00:00,55000
Cabai Rawit Hijau,Cabai Rawit,varian,2025-02-27 00:00:00,57500
Cabai Rawit Hijau,Cabai Rawit,varian,2025-02-28 00:00:00,56250
Cabai Rawit Hijau,Cabai Rawit,varian,2025-03-03 00:00:00,56250
Cabai Rawit Hijau,Cabai Rawit,varian,2025-03-04 00:00:00,60000
Cabai Rawit Hijau,Cabai Rawit,varian,2025-03-05 00:00:00,61500
Cabai Rawit Hijau,Cabai Rawit,varian,2025-03-06 00:00:00,61000
Cabai Rawit Hijau,Cabai Rawit,varian,2025-03-07 00:00:00,61000
Cabai Rawit Hijau,Cabai Rawit,varian,2025-03-10 00:00:00,60000
Cabai Rawit Hijau,Cabai Rawit,varian,2025-03-11 00:00:00,59000
Cabai Rawit Hijau,Cabai Rawit,varian,2025-03-12 00:00:00,58000
Cabai Rawit Hijau,Cabai Rawit,varian,2025-03-13 00:00:00,57500
Cabai Rawit Hijau,Cabai Rawit,varian,2025-03-14 00:00:00,57500
Cabai Rawit Hijau,Cabai Rawit,varian,2025-03-17 00:00:00,60000
Cabai Rawit Hijau,Cabai Rawit,varian,2025-03-18 00:00:00,61500
Cabai Rawit Hijau,Cabai Rawit,varian,2025-03-19 00:00:00,62500
Cabai Rawit Hijau,Cabai Rawit,varian,2025-03-20 00:00:00,61500
Cabai Rawit Hijau,Cabai Rawit,varian,2025-03-21 00:00:00,60000
Cabai Rawit Hijau,Cabai Rawit,varian,2025-03-24 00:00:00,60000
Cabai Rawit Hijau,Cabai Rawit,varian,2025-03-25 00:00:00,62500
Cabai Rawit Hijau,Cabai Rawit,varian,2025-03-26 00:00:00,62500
Cabai Rawit Hijau,Cabai Rawit,varian,2025-03-27 00:00:00,62500
Cabai Rawit Hijau,Cabai Rawit,varian,2025-03-28 00:00:00,62500
Cabai Rawit Hijau,Cabai Rawit,varian,2025-03-31 00:00:00,62500
Cabai Rawit Hijau,Cabai Rawit,varian,2025-04-01 00:00:00,62500
Cabai Rawit Hijau,Cabai Rawit,varian,2025-04-02 00:00:00,62500
Cabai Rawit Hijau,Cabai Rawit,varian,2025-04-03 00:00:00,62500
Cabai Rawit Hijau,Cabai Rawit,varian,2025-04-04 00:00:00,62500
Cabai Rawit Hijau,Cabai Rawit,varian,2025-04-07 00:00:00,62500
Cabai Rawit Hijau,Cabai Rawit,varian,2025-04-08 00:00:00,56500
Cabai Rawit Hijau,Cabai Rawit,varian,2025-04-09 00:00:00,55500
Cabai Rawit Hijau,Cabai Rawit,varian,2025-04-10 00:00:00,52500
Cabai Rawit Hijau,Cabai Rawit,varian,2025-04-11 00:00:00,53500
Cabai Rawit Hijau,Cabai Rawit,varian,2025-04-14 00:00:00,53500
Cabai Rawit Hijau,Cabai Rawit,varian,2025-04-15 00:00:00,51000
Cabai Rawit Hijau,Cabai Rawit,varian,2025-04-16 00:00:00,52000
Cabai Rawit Hijau,Cabai Rawit,varian,2025-04-17 00:00:00,51000
Cabai Rawit Hijau,Cabai Rawit,varian,2025-04-18 00:00:00,51000
Cabai Rawit Hijau,Cabai Rawit,varian,2025-04-21 00:00:00,47000
Cabai Rawit Hijau,Cabai Rawit,varian,2025-04-22 00:00:00,47000
Cabai Rawit Hijau,Cabai Rawit,varian,2025-04-23 00:00:00,48500
Cabai Rawit Hijau,Cabai Rawit,varian,2025-04-24 00:00:00,50000
Cabai Rawit Hijau,Cabai Rawit,varian,2025-04-25 00:00:00,54000
Cabai Rawit Hijau,Cabai Rawit,varian,2025-04-28 00:00:00,57500
Cabai Rawit Hijau,Cabai Rawit,varian,2025-04-29 00:00:00,57500
Cabai Rawit Hijau,Cabai Rawit,varian,2025-04-30 00:00:00,57500
Cabai Rawit Hijau,Cabai Rawit,varian,2025-05-01 00:00:00,57500
Cabai Rawit Hijau,Cabai Rawit,varian,2025-05-02 00:00:00,55000
Cabai Rawit Hijau,Cabai Rawit,varian,2025-05-05 00:00:00,65000
Cabai Rawit Hijau,Cabai Rawit,varian,2025-05-06 00:00:00,68750
Cabai Rawit Hijau,Cabai Rawit,varian,2025-05-07 00:00:00,67750
Cabai Rawit Hijau,Cabai Rawit,varian,2025-05-08 00:00:00,62750
Cabai Rawit Hijau,Cabai Rawit,varian,2025-05-09 00:00:00,62750
Cabai Rawit Hijau,Cabai Rawit,varian,2025-05-12 00:00:00,62750
Cabai Rawit Hijau,Cabai Rawit,varian,2025-05-13 00:00:00,62750
Cabai Rawit Hijau,Cabai Rawit,varian,2025-05-14 00:00:00,66000
Cabai Rawit Hijau,Cabai Rawit,varian,2025-05-15 00:00:00,76000
Cabai Rawit Hijau,Cabai Rawit,varian,2025-05-16 00:00:00,75500
Cabai Rawit Hijau,Cabai Rawit,varian,2025-05-19 00:00:00,77500
Cabai Rawit Hijau,Cabai Rawit,varian,2025-05-20 00:00:00,75000
Cabai Rawit Hijau,Cabai Rawit,varian,2025-05-21 00:00:00,73750
Cabai Rawit Hijau,Cabai Rawit,varian,2025-05-22 00:00:00,72500
Cabai Rawit Hijau,Cabai Rawit,varian,2025-05-23 00:00:00,72750
Cabai Rawit Hijau,Cabai Rawit,varian,2025-05-26 00:00:00,73750
Cabai Rawit Hijau,Cabai Rawit,varian,2025-05-27 00:00:00,87500
Cabai Rawit Hijau,Cabai Rawit,varian,2025-05-28 00:00:00,92000
Cabai Rawit Hijau,Cabai Rawit,varian,2025-05-29 00:00:00,92000
Cabai Rawit Hijau,Cabai Rawit,varian,2025-05-30 00:00:00,92000
Cabai Rawit Hijau,Cabai Rawit,varian,2025-06-02 00:00:00,95000
Cabai Rawit Hijau,Cabai Rawit,varian,2025-06-03 00:00:00,95000
Cabai Rawit Hijau,Cabai Rawit,varian,2025-06-04 00:00:00,89000
Cabai Rawit Hijau,Cabai Rawit,varian,2025-06-05 00:00:00,81500
Cabai Rawit Hijau,Cabai Rawit,varian,2025-06-06 00:00:00,81500
Cabai Rawit Hijau,Cabai Rawit,varian,2025-06-09 00:00:00,81500
Cabai Rawit Hijau,Cabai Rawit,varian,2025-06-10 00:00:00,96000
Cabai Rawit Hijau,Cabai Rawit,varian,2025-06-11 00:00:00,88500
Cabai Rawit Hijau,Cabai Rawit,varian,2025-06-12 00:00:00,92250
Cabai Rawit Hijau,Cabai Rawit,varian,2025-06-13 00:00:00,100000
Cabai Rawit Hijau,Cabai Rawit,varian,2025-06-16 00:00:00,97500
Cabai Rawit Hijau,Cabai Rawit,varian,2025-06-17 00:00:00,92500
Cabai Rawit Hijau,Cabai Rawit,varian,2025-06-18 00:00:00,87500
Cabai Rawit Hijau,Cabai Rawit,varian,2025-06-19 00:00:00,85000
Cabai Rawit Hijau,Cabai Rawit,varian,2025-06-20 00:00:00,83750
Cabai Rawit Hijau,Cabai Rawit,varian,2025-06-23 00:00:00,83750
Cabai Rawit Hijau,Cabai Rawit,varian,2025-06-24 00:00:00,83750
Cabai Rawit Hijau,Cabai Rawit,varian,2025-06-25 00:00:00,81250
Cabai Rawit Hijau,Cabai Rawit,varian,2025-06-26 00:00:00,81250
Cabai Rawit Hijau,Cabai Rawit,varian,2025-06-27 00:00:00,81250
Cabai Rawit Hijau,Cabai Rawit,varian,2025-06-30 00:00:00,77500
Cabai Rawit Hijau,Cabai Rawit,varian,2025-07-01 00:00:00,77500
Cabai Rawit Hijau,Cabai Rawit,varian,2025-07-02 00:00:00,72500
Cabai Rawit Hijau,Cabai Rawit,varian,2025-07-03 00:00:00,71500
Cabai Rawit Hijau,Cabai Rawit,varian,2025-07-04 00:00:00,71500
Cabai Rawit Hijau,Cabai Rawit,varian,2025-07-07 00:00:00,65000
Cabai Rawit Hijau,Cabai Rawit,varian,2025-07-08 00:00:00,60000
Cabai Rawit Hijau,Cabai Rawit,varian,2025-07-09 00:00:00,57500
Cabai Rawit Hijau,Cabai Rawit,varian,2025-07-10 00:00:00,60000
Cabai Rawit Hijau,Cabai Rawit,varian,2025-07-11 00:00:00,62500
Cabai Rawit Hijau,Cabai Rawit,varian,2025-07-14 00:00:00,62500
Cabai Rawit Hijau,Cabai Rawit,varian,2025-07-15 00:00:00,60000
Cabai Rawit Hijau,Cabai Rawit,varian,2025-07-16 00:00:00,57500
Cabai Rawit Hijau,Cabai Rawit,varian,2025-07-17 00:00:00,57500
Cabai Rawit Hijau,Cabai Rawit,varian,2025-07-18 00:00:00,57500
Cabai Rawit Hijau,Cabai Rawit,varian,2025-07-21 00:00:00,57500
Cabai Rawit Hijau,Cabai Rawit,varian,2025-07-22 00:00:00,54500
Cabai Rawit Hijau,Cabai Rawit,varian,2025-07-23 00:00:00,56250
Cabai Rawit Hijau,Cabai Rawit,varian,2025-07-24 00:00:00,57500
Cabai Rawit Hijau,Cabai Rawit,varian,2025-07-25 00:00:00,57500
Cabai Rawit Hijau,Cabai Rawit,varian,2025-07-28 00:00:00,58000
Cabai Rawit Hijau,Cabai Rawit,varian,2025-07-29 00:00:00,57500
Cabai Rawit Hijau,Cabai Rawit,varian,2025-07-30 00:00:00,55000
Cabai Rawit Hijau,Cabai Rawit,varian,2025-07-31 00:00:00,52500
Cabai Rawit Hijau,Cabai Rawit,varian,2025-08-01 00:00:00,52500
Cabai Rawit Hijau,Cabai Rawit,varian,2025-08-04 00:00:00,53500
Cabai Rawit Hijau,Cabai Rawit,varian,2025-08-05 00:00:00,54000
Cabai Rawit Hijau,Cabai Rawit,varian,2025-08-06 00:00:00,54000
Cabai Rawit Hijau,Cabai Rawit,varian,2025-08-07 00:00:00,53500
Cabai Rawit Hijau,Cabai Rawit,varian,2025-08-08 00:00:00,52500
Cabai Rawit Hijau,Cabai Rawit,varian,2025-08-11 00:00:00,51500
Cabai Rawit Hijau,Cabai Rawit,varian,2025-08-12 00:00:00,46500
Cabai Rawit Hijau,Cabai Rawit,varian,2025-08-13 00:00:00,44000
Cabai Rawit Hijau,Cabai Rawit,varian,2025-08-14 00:00:00,46500
Cabai Rawit Hijau,Cabai Rawit,varian,2025-08-15 00:00:00,43500
Cabai Rawit Hijau,Cabai Rawit,varian,2025-08-18 00:00:00,43500
Cabai Rawit Hijau,Cabai Rawit,varian,2025-08-19 00:00:00,43500
Cabai Rawit Hijau,Cabai Rawit,varian,2025-08-20 00:00:00,42500
Cabai Rawit Hijau,Cabai Rawit,varian,2025-08-21 00:00:00,42500
Cabai Rawit Hijau,Cabai Rawit,varian,2025-08-22 00:00:00,42500
Cabai Rawit Hijau,Cabai Rawit,varian,2025-08-25 00:00:00,42500
Cabai Rawit Hijau,Cabai Rawit,varian,2025-08-26 00:00:00,44500
Cabai Rawit Hijau,Cabai Rawit,varian,2025-08-27 00:00:00,46000
Cabai Rawit Hijau,Cabai Rawit,varian,2025-08-28 00:00:00,43500
Cabai Rawit Hijau,Cabai Rawit,varian,2025-08-29 00:00:00,43500
Cabai Rawit Hijau,Cabai Rawit,varian,2025-09-01 00:00:00,41500
Cabai Rawit Hijau,Cabai Rawit,varian,2025-09-02 00:00:00,41500
Cabai Rawit Hijau,Cabai Rawit,varian,2025-09-03 00:00:00,42500
Cabai Rawit Hijau,Cabai Rawit,varian,2025-09-04 00:00:00,48500
Cabai Rawit Hijau,Cabai Rawit,varian,2025-09-05 00:00:00,48500
Cabai Rawit Hijau,Cabai Rawit,varian,2025-09-08 00:00:00,78750
Cabai Rawit Hijau,Cabai Rawit,varian,2025-09-09 00:00:00,84200
Cabai Rawit Hijau,Cabai Rawit,varian,2025-09-10 00:00:00,77500
Cabai Rawit Hijau,Cabai Rawit,varian,2025-09-11 00:00:00,77500
Cabai Rawit Hijau,Cabai Rawit,varian,2025-09-12 00:00:00,77500
Cabai Rawit Hijau,Cabai Rawit,varian,2025-09-15 00:00:00,77500
Cabai Rawit Hijau,Cabai Rawit,varian,2025-09-16 00:00:00,77500
Cabai Rawit Hijau,Cabai Rawit,varian,2025-09-17 00:00:00,71000
Cabai Rawit Hijau,Cabai Rawit,varian,2025-09-18 00:00:00,70000
Cabai Rawit Hijau,Cabai Rawit,varian,2025-09-19 00:00:00,65000
Cabai Rawit Hijau,Cabai Rawit,varian,2025-09-22 00:00:00,55250
Cabai Rawit Hijau,Cabai Rawit,varian,2025-09-23 00:00:00,52500
Cabai Rawit Hijau,Cabai Rawit,varian,2025-09-24 00:00:00,50000
Cabai Rawit Hijau,Cabai Rawit,varian,2025-09-25 00:00:00,47500
Cabai Rawit Hijau,Cabai Rawit,varian,2025-09-26 00:00:00,47500
Cabai Rawit Hijau,Cabai Rawit,varian,2025-09-29 00:00:00,46500
Cabai Rawit Hijau,Cabai Rawit,varian,2025-09-30 00:00:00,46250
Cabai Rawit Hijau,Cabai Rawit,varian,2025-10-01 00:00:00,41250
Cabai Rawit Hijau,Cabai Rawit,varian,2025-10-02 00:00:00,41250
Cabai Rawit Hijau,Cabai Rawit,varian,2025-10-03 00:00:00,41250
Cabai Rawit Hijau,Cabai Rawit,varian,2025-10-06 00:00:00,37500
Cabai Rawit Hijau,Cabai Rawit,varian,2025-10-07 00:00:00,37500
Cabai Rawit Hijau,Cabai Rawit,varian,2025-10-08 00:00:00,38000
Cabai Rawit Hijau,Cabai Rawit,varian,2025-10-09 00:00:00,38000
Cabai Rawit Hijau,Cabai Rawit,varian,2025-10-10 00:00:00,38000
Cabai Rawit Hijau,Cabai Rawit,varian,2025-10-13 00:00:00,35000
Cabai Rawit Hijau,Cabai Rawit,varian,2025-10-14 00:00:00,33750
Cabai Rawit Hijau,Cabai Rawit,varian,2025-10-15 00:00:00,33500
Cabai Rawit Hijau,Cabai Rawit,varian,2025-10-16 00:00:00,32500
Cabai Rawit Hijau,Cabai Rawit,varian,2025-10-17 00:00:00,32250
Cabai Rawit Hijau,Cabai Rawit,varian,2025-10-20 00:00:00,30250
Cabai Rawit Hijau,Cabai Rawit,varian,2025-10-21 00:00:00,29000
Cabai Rawit Hijau,Cabai Rawit,varian,2025-10-22 00:00:00,30250
Cabai Rawit Hijau,Cabai Rawit,varian,2025-10-23 00:00:00,30000
Cabai Rawit Hijau,Cabai Rawit,varian,2025-10-24 00:00:00,30000
Cabai Rawit Hijau,Cabai Rawit,varian,2025-10-27 00:00:00,32500
Cabai Rawit Hijau,Cabai Rawit,varian,2025-10-28 00:00:00,45000
Cabai Rawit Hijau,Cabai Rawit,varian,2025-10-29 00:00:00,47500
Cabai Rawit Hijau,Cabai Rawit,varian,2025-10-30 00:00:00,45000
Cabai Rawit Hijau,Cabai Rawit,varian,2025-10-31 00:00:00,37500
Cabai Rawit Hijau,Cabai Rawit,varian,2025-11-03 00:00:00,36250
Cabai Rawit Hijau,Cabai Rawit,varian,2025-11-04 00:00:00,38750
Cabai Rawit Hijau,Cabai Rawit,varian,2025-11-05 00:00:00,52500
Cabai Rawit Hijau,Cabai Rawit,varian,2025-11-06 00:00:00,55000
Cabai Rawit Hijau,Cabai Rawit,varian,2025-11-07 00:00:00,55000
Cabai Rawit Hijau,Cabai Rawit,varian,2025-11-10 00:00:00,62500
Cabai Rawit Hijau,Cabai Rawit,varian,2025-11-11 00:00:00,70000
Cabai Rawit Hijau,Cabai Rawit,varian,2025-11-12 00:00:00,70000
Cabai Rawit Hijau,Cabai Rawit,varian,2025-11-13 00:00:00,75000
Cabai Rawit Hijau,Cabai Rawit,varian,2025-11-14 00:00:00,70000
Cabai Rawit Hijau,Cabai Rawit,varian,2025-11-17 00:00:00,70000
Cabai Rawit Hijau,Cabai Rawit,varian,2025-11-18 00:00:00,64000
Cabai Rawit Hijau,Cabai Rawit,varian,2025-11-19 00:00:00,56500
Cabai Rawit Hijau,Cabai Rawit,varian,2025-11-20 00:00:00,55000
Cabai Rawit Hijau,Cabai Rawit,varian,2025-11-21 00:00:00,55000
Cabai Rawit Hijau,Cabai Rawit,varian,2025-11-24 00:00:00,52500
Cabai Rawit Hijau,Cabai Rawit,varian,2025-11-25 00:00:00,50000
Cabai Rawit Hijau,Cabai Rawit,varian,2025-11-26 00:00:00,50000
Cabai Rawit Hijau,Cabai Rawit,varian,2025-11-27 00:00:00,50000
Cabai Rawit Hijau,Cabai Rawit,varian,2025-11-28 00:00:00,45000
Cabai Rawit Hijau,Cabai Rawit,varian,2025-12-01 00:00:00,42500
Cabai Rawit Hijau,Cabai Rawit,varian,2025-12-02 00:00:00,42500
Cabai Rawit Hijau,Cabai Rawit,varian,2025-12-03 00:00:00,41250
Cabai Rawit Hijau,Cabai Rawit,varian,2025-12-04 00:00:00,40250
Cabai Rawit Hijau,Cabai Rawit,varian,2025-12-05 00:00:00,40250
Cabai Rawit Hijau,Cabai Rawit,varian,2025-12-08 00:00:00,36500
Cabai Rawit Hijau,Cabai Rawit,varian,2025-12-09 00:00:00,36250
Cabai Rawit Hijau,Cabai Rawit,varian,2025-12-10 00:00:00,36250
Cabai Rawit Hijau,Cabai Rawit,varian,2025-12-11 00:00:00,35000
Cabai Rawit Hijau,Cabai Rawit,varian,2025-12-12 00:00:00,35000
Cabai Rawit Hijau,Cabai Rawit,varian,2025-12-15 00:00:00,35000
Cabai Rawit Hijau,Cabai Rawit,varian,2025-12-16 00:00:00,35000
Cabai Rawit Hijau,Cabai Rawit,varian,2025-12-17 00:00:00,35000
Cabai Rawit Hijau,Cabai Rawit,varian,2025-12-18 00:00:00,35000
Cabai Rawit Hijau,Cabai Rawit,varian,2025-12-19 00:00:00,35000
Cabai Rawit Hijau,Cabai Rawit,varian,2025-12-22 00:00:00,35000
Cabai Rawit Hijau,Cabai Rawit,varian,2025-12-23 00:00:00,35000
Cabai Rawit Hijau,Cabai Rawit,varian,2025-12-24 00:00:00,35000
Cabai Rawit Hijau,Cabai Rawit,varian,2025-12-25 00:00:00,35000
Cabai Rawit Hijau,Cabai Rawit,varian,2025-12-26 00:00:00,35000
Cabai Rawit Hijau,Cabai Rawit,varian,2025-12-29 00:00:00,35000
Cabai Rawit Hijau,Cabai Rawit,varian,2025-12-30 00:00:00,35000
Cabai Rawit Hijau,Cabai Rawit,varian,2025-12-31 00:00:00,35000
Cabai Rawit Hijau,Cabai Rawit,varian,2026-01-01 00:00:00,35000
Cabai Rawit Hijau,Cabai Rawit,varian,2026-01-02 00:00:00,35000
Cabai Rawit Hijau,Cabai Rawit,varian,2026-01-05 00:00:00,35000
Cabai Rawit Hijau,Cabai Rawit,varian,2026-01-06 00:00:00,40000
Cabai Rawit Hijau,Cabai Rawit,varian,2026-01-07 00:00:00,51250
Cabai Rawit Hijau,Cabai Rawit,varian,2026-01-08 00:00:00,51250
Cabai Rawit Hijau,Cabai Rawit,varian,2026-01-09 00:00:00,52500
Cabai Rawit Hijau,Cabai Rawit,varian,2026-01-12 00:00:00,42500
Cabai Rawit Hijau,Cabai Rawit,varian,2026-01-13 00:00:00,40000
Cabai Rawit Hijau,Cabai Rawit,varian,2026-01-14 00:00:00,40000
Cabai Rawit Hijau,Cabai Rawit,varian,2026-01-15 00:00:00,39000
Cabai Rawit Hijau,Cabai Rawit,varian,2026-01-16 00:00:00,39000
Cabai Rawit Hijau,Cabai Rawit,varian,2026-01-19 00:00:00,40000
Cabai Rawit Hijau,Cabai Rawit,varian,2026-01-20 00:00:00,40000
Cabai Rawit Hijau,Cabai Rawit,varian,2026-01-21 00:00:00,40000
Cabai Rawit Hijau,Cabai Rawit,varian,2026-01-22 00:00:00,40000
Cabai Rawit Hijau,Cabai Rawit,varian,2026-01-23 00:00:00,38750
Cabai Rawit Hijau,Cabai Rawit,varian,2026-01-26 00:00:00,38750
Cabai Rawit Hijau,Cabai Rawit,varian,2026-01-27 00:00:00,38750
Cabai Rawit Hijau,Cabai Rawit,varian,2026-01-28 00:00:00,40000
Cabai Rawit Hijau,Cabai Rawit,varian,2026-01-29 00:00:00,42500
Cabai Rawit Hijau,Cabai Rawit,varian,2026-01-30 00:00:00,40000
Cabai Rawit Hijau,Cabai Rawit,varian,2026-02-02 00:00:00,38750
Cabai Rawit Hijau,Cabai Rawit,varian,2026-02-03 00:00:00,40000
Cabai Rawit Hijau,Cabai Rawit,varian,2026-02-04 00:00:00,40000
Cabai Rawit Hijau,Cabai Rawit,varian,2026-02-05 00:00:00,40000
Cabai Rawit Hijau,Cabai Rawit,varian,2026-02-06 00:00:00,40000
Cabai Rawit Hijau,Cabai Rawit,varian,2026-02-09 00:00:00,38750
Cabai Rawit Hijau,Cabai Rawit,varian,2026-02-10 00:00:00,38750
Cabai Rawit Hijau,Cabai Rawit,varian,2026-02-11 00:00:00,38750
Cabai Rawit Hijau,Cabai Rawit,varian,2026-02-12 00:00:00,40000
Cabai Rawit Hijau,Cabai Rawit,varian,2026-02-13 00:00:00,38750
Cabai Rawit Hijau,Cabai Rawit,varian,2026-02-16 00:00:00,38750
Cabai Rawit Hijau,Cabai Rawit,varian,2026-02-17 00:00:00,38750
Cabai Rawit Hijau,Cabai Rawit,varian,2026-02-18 00:00:00,38750
Cabai Rawit Hijau,Cabai Rawit,varian,2026-02-19 00:00:00,38750
Cabai Rawit Hijau,Cabai Rawit,varian,2026-02-20 00:00:00,38750
Cabai Rawit Hijau,Cabai Rawit,varian,2026-02-23 00:00:00,47500
Cabai Rawit Hijau,Cabai Rawit,varian,2026-02-24 00:00:00,50000
Cabai Rawit Hijau,Cabai Rawit,varian,2026-02-25 00:00:00,48750
Cabai Rawit Hijau,Cabai Rawit,varian,2026-02-26 00:00:00,45000
Cabai Rawit Hijau,Cabai Rawit,varian,2026-02-27 00:00:00,46250
Cabai Rawit Hijau,Cabai Rawit,varian,2026-03-02 00:00:00,45000
Cabai Rawit Hijau,Cabai Rawit,varian,2026-03-03 00:00:00,45000
Cabai Rawit Hijau,Cabai Rawit,varian,2026-03-04 00:00:00,45000
Cabai Rawit Hijau,Cabai Rawit,varian,2026-03-05 00:00:00,45000
Cabai Rawit Hijau,Cabai Rawit,varian,2026-03-06 00:00:00,45000
Cabai Rawit Hijau,Cabai Rawit,varian,2026-03-09 00:00:00,55000
Cabai Rawit Hijau,Cabai Rawit,varian,2026-03-10 00:00:00,57500
Cabai Rawit Hijau,Cabai Rawit,varian,2026-03-11 00:00:00,50000
Cabai Rawit Hijau,Cabai Rawit,varian,2026-03-12 00:00:00,58750
Cabai Rawit Hijau,Cabai Rawit,varian,2026-03-13 00:00:00,53750
Cabai Rawit Hijau,Cabai Rawit,varian,2026-03-16 00:00:00,50000
Cabai Rawit Hijau,Cabai Rawit,varian,2026-03-17 00:00:00,48750
Cabai Rawit Hijau,Cabai Rawit,varian,2026-03-18 00:00:00,48750
Cabai Rawit Hijau,Cabai Rawit,varian,2026-03-19 00:00:00,48750
Cabai Rawit Hijau,Cabai Rawit,varian,2026-03-20 00:00:00,48750
Cabai Rawit Hijau,Cabai Rawit,varian,2026-03-23 00:00:00,48750
Cabai Rawit Hijau,Cabai Rawit,varian,2026-03-24 00:00:00,48750
Cabai Rawit Hijau,Cabai Rawit,varian,2026-03-25 00:00:00,47500
Cabai Rawit Hijau,Cabai Rawit,varian,2026-03-26 00:00:00,47500
Cabai Rawit Hijau,Cabai Rawit,varian,2026-03-27 00:00:00,47500
Cabai Rawit Hijau,Cabai Rawit,varian,2026-03-30 00:00:00,44000
Cabai Rawit Hijau,Cabai Rawit,varian,2026-03-31 00:00:00,43750
Cabai Rawit Hijau,Cabai Rawit,varian,2026-04-01 00:00:00,45000
Cabai Rawit Hijau,Cabai Rawit,varian,2026-04-02 00:00:00,45000
Cabai Rawit Hijau,Cabai Rawit,varian,2026-04-03 00:00:00,45000
Cabai Rawit Hijau,Cabai Rawit,varian,2026-04-06 00:00:00,45000
Cabai Rawit Hijau,Cabai Rawit,varian,2026-04-07 00:00:00,44000
Cabai Rawit Hijau,Cabai Rawit,varian,2026-04-08 00:00:00,43750
Cabai Rawit Hijau,Cabai Rawit,varian,2026-04-09 00:00:00,40000
Cabai Rawit Hijau,Cabai Rawit,varian,2026-04-10 00:00:00,40000
Cabai Rawit Hijau,Cabai Rawit,varian,2026-04-13 00:00:00,40000
Cabai Rawit Hijau,Cabai Rawit,varian,2026-04-14 00:00:00,40000
Cabai Rawit Hijau,Cabai Rawit,varian,2026-04-15 00:00:00,40000
Cabai Rawit Hijau,Cabai Rawit,varian,2026-04-16 00:00:00,38750
Cabai Rawit Hijau,Cabai Rawit,varian,2026-04-17 00:00:00,37500
Cabai Rawit Hijau,Cabai Rawit,varian,2026-04-20 00:00:00,31250
Cabai Rawit Hijau,Cabai Rawit,varian,2026-04-21 00:00:00,32500
Cabai Rawit Hijau,Cabai Rawit,varian,2026-04-22 00:00:00,32500
Cabai Rawit Hijau,Cabai Rawit,varian,2026-04-23 00:00:00,32500
Cabai Rawit Hijau,Cabai Rawit,varian,2026-04-24 00:00:00,33750
Cabai Rawit Hijau,Cabai Rawit,varian,2026-04-27 00:00:00,50000
Cabai Rawit Hijau,Cabai Rawit,varian,2026-04-28 00:00:00,55000
Cabai Rawit Hijau,Cabai Rawit,varian,2026-04-29 00:00:00,57500
Cabai Rawit Hijau,Cabai Rawit,varian,2026-04-30 00:00:00,52500
Cabai Rawit Hijau,Cabai Rawit,varian,2026-05-01 00:00:00,52500
Cabai Rawit Hijau,Cabai Rawit,varian,2026-05-04 00:00:00,57500
Cabai Rawit Hijau,Cabai Rawit,varian,2026-05-05 00:00:00,67500
Cabai Rawit Hijau,Cabai Rawit,varian,2026-05-06 00:00:00,70000
Cabai Rawit Hijau,Cabai Rawit,varian,2026-05-07 00:00:00,72500
Cabai Rawit Hijau,Cabai Rawit,varian,2026-05-08 00:00:00,72500
Cabai Rawit Hijau,Cabai Rawit,varian,2026-05-11 00:00:00,82500
Cabai Rawit Hijau,Cabai Rawit,varian,2026-05-12 00:00:00,77500
Cabai Rawit Hijau,Cabai Rawit,varian,2026-05-13 00:00:00,77500
Cabai Rawit Hijau,Cabai Rawit,varian,2026-05-14 00:00:00,77500
Cabai Rawit Hijau,Cabai Rawit,varian,2026-05-15 00:00:00,77500
Cabai Rawit Hijau,Cabai Rawit,varian,2026-05-18 00:00:00,82500
Cabai Rawit Hijau,Cabai Rawit,varian,2026-05-19 00:00:00,85000
Cabai Rawit Hijau,Cabai Rawit,varian,2026-05-20 00:00:00,85000
Cabai Rawit Hijau,Cabai Rawit,varian,2026-05-21 00:00:00,72500
Cabai Rawit Hijau,Cabai Rawit,varian,2026-05-22 00:00:00,70000
Cabai Rawit Hijau,Cabai Rawit,varian,2026-05-25 00:00:00,52500
Cabai Rawit Hijau,Cabai Rawit,varian,2026-05-26 00:00:00,50000
Cabai Rawit Hijau,Cabai Rawit,varian,2026-05-27 00:00:00,50000
Cabai Rawit Hijau,Cabai Rawit,varian,2026-05-28 00:00:00,50000
Cabai Rawit Hijau,Cabai Rawit,varian,2026-05-29 00:00:00,52500
Cabai Rawit Hijau,Cabai Rawit,varian,2026-06-01 00:00:00,52500
Cabai Rawit Hijau,Cabai Rawit,varian,2026-06-02 00:00:00,55000
Cabai Rawit Hijau,Cabai Rawit,varian,2026-06-03 00:00:00,50000
Cabai Rawit Hijau,Cabai Rawit,varian,2026-06-04 00:00:00,47500
Cabai Rawit Hijau,Cabai Rawit,varian,2026-06-05 00:00:00,41250
Cabai Rawit Hijau,Cabai Rawit,varian,2026-06-08 00:00:00,40000
Cabai Rawit Hijau,Cabai Rawit,varian,2026-06-09 00:00:00,37500
Cabai Rawit Hijau,Cabai Rawit,varian,2026-06-10 00:00:00,38750
Cabai Rawit Hijau,Cabai Rawit,varian,2026-06-11 00:00:00,40000
Cabai Rawit Hijau,Cabai Rawit,varian,2026-06-12 00:00:00,40000
Cabai Rawit Hijau,Cabai Rawit,varian,2026-06-15 00:00:00,43750
Cabai Rawit Hijau,Cabai Rawit,varian,2026-06-16 00:00:00,43750
Cabai Rawit Hijau,Cabai Rawit,varian,2026-06-17 00:00:00,41250
Cabai Rawit Hijau,Cabai Rawit,varian,2026-06-18 00:00:00,37500
Cabai Rawit Hijau,Cabai Rawit,varian,2026-06-19 00:00:00,37500
Cabai Rawit Hijau,Cabai Rawit,varian,2026-06-22 00:00:00,35000
Cabai Rawit Hijau,Cabai Rawit,varian,2026-06-23 00:00:00,35000
Cabai Rawit Hijau,Cabai Rawit,varian,2026-06-24 00:00:00,35000
Cabai Rawit Hijau,Cabai Rawit,varian,2026-06-25 00:00:00,35000
Cabai Rawit Hijau,Cabai Rawit,varian,2026-06-26 00:00:00,36250
Cabai Rawit Hijau,Cabai Rawit,varian,2026-06-29 00:00:00,35000
Cabai Rawit Hijau,Cabai Rawit,varian,2026-06-30 00:00:00,36250
Cabai Rawit Hijau,Cabai Rawit,varian,2026-07-01 00:00:00,36250
Cabai Rawit Hijau,Cabai Rawit,varian,2026-07-02 00:00:00,35000
Cabai Rawit Hijau,Cabai Rawit,varian,2026-07-03 00:00:00,35000
Cabai Rawit Hijau,Cabai Rawit,varian,2026-07-06 00:00:00,35000
Cabai Rawit Hijau,Cabai Rawit,varian,2026-07-07 00:00:00,35000
Cabai Rawit Hijau,Cabai Rawit,varian,2026-07-08 00:00:00,35000
Cabai Rawit Hijau,Cabai Rawit,varian,2026-07-09 00:00:00,35000
Cabai Rawit Hijau,Cabai Rawit,varian,2026-07-10 00:00:00,38750
Cabai Rawit Hijau,Cabai Rawit,varian,2026-07-13 00:00:00,36250
Cabai Rawit Hijau,Cabai Rawit,varian,2026-07-14 00:00:00,36250
Cabai Rawit Hijau,Cabai Rawit,varian,2026-07-15 00:00:00,38750
Cabai Rawit Hijau,Cabai Rawit,varian,2026-07-16 00:00:00,39500
Cabai Rawit Hijau,Cabai Rawit,varian,2026-07-17 00:00:00,39500
Cabai Rawit Hijau,Cabai Rawit,varian,2026-07-20 00:00:00,67500
Cabai Rawit Hijau,Cabai Rawit,varian,2026-07-21 00:00:00,67500
Cabai Rawit Hijau,Cabai Rawit,varian,2026-07-22 00:00:00,60000
Cabai Rawit Hijau,Cabai Rawit,varian,2026-07-23 00:00:00,77500
Cabai Rawit Hijau,Cabai Rawit,varian,2026-07-24 00:00:00,75000
Cabai Rawit Hijau,Cabai Rawit,varian,2026-07-27 00:00:00,82500
Cabai Rawit Hijau,Cabai Rawit,varian,2026-07-28 00:00:00,80000
Cabai Rawit Hijau,Cabai Rawit,varian,2026-07-29 00:00:00,87500
Cabai Rawit Hijau,Cabai Rawit,varian,2026-07-30 00:00:00,92500
Cabai Rawit Hijau,Cabai Rawit,varian,2026-07-31 00:00:00,90000
Cabai Rawit Hijau,Cabai Rawit,varian,2026-08-03 00:00:00,97500
Cabai Rawit Hijau,Cabai Rawit,varian,2026-08-04 00:00:00,102500
Cabai Rawit Hijau,Cabai Rawit,varian,2026-08-05 00:00:00,102500
Cabai Rawit Hijau,Cabai Rawit,varian,2026-08-06 00:00:00,102500
Cabai Rawit Hijau,Cabai Rawit,varian,2026-08-07 00:00:00,102500
Cabai Rawit Hijau,Cabai Rawit,varian,2026-08-10 00:00:00,110000
Cabai Rawit Hijau,Cabai Rawit,varian,2026-08-11 00:00:00,110000
Cabai Rawit Hijau,Cabai Rawit,varian,2026-08-12 00:00:00,110000
Cabai Rawit Hijau,Cabai Rawit,varian,2026-08-13 00:00:00,110000
Cabai Rawit Hijau,Cabai Rawit,varian,2026-08-14 00:00:00,107500
Cabai Rawit Hijau,Cabai Rawit,varian,2026-08-17 00:00:00,107500
Cabai Rawit Hijau,Cabai Rawit,varian,2026-08-18 00:00:00,102500
Cabai Rawit Hijau,Cabai Rawit,varian,2026-08-19 00:00:00,102500
Cabai Rawit Hijau,Cabai Rawit,varian,2026-08-20 00:00:00,105000
Cabai Rawit Hijau,Cabai Rawit,varian,2026-08-21 00:00:00,105000
Cabai Rawit Hijau,Cabai Rawit,varian,2026-08-24 00:00:00,120000
Cabai Rawit Hijau,Cabai Rawit,varian,2026-08-25 00:00:00,120000
Cabai Rawit Hijau,Cabai Rawit,varian,2026-08-26 00:00:00,120000
Cabai Rawit Hijau,Cabai Rawit,varian,2026-08-27 00:00:00,115000
Cabai Rawit Hijau,Cabai Rawit,varian,2026-08-28 00:00:00,115000
Cabai Rawit Hijau,Cabai Rawit,varian,2026-08-31 00:00:00,127500
Cabai Rawit Hijau,Cabai Rawit,varian,2026-09-01 00:00:00,127500
Cabai Rawit Hijau,Cabai Rawit,varian,2026-09-02 00:00:00,127500
Cabai Rawit Hijau,Cabai Rawit,varian,2026-09-03 00:00:00,127500
Cabai Rawit Hijau,Cabai Rawit,varian,2026-09-04 00:00:00,127500
Cabai Rawit Hijau,Cabai Rawit,varian,2026-09-07 00:00:00,130000
Cabai Rawit Hijau,Cabai Rawit,varian,2026-09-08 00:00:00,137500
Cabai Rawit Merah,Cabai Rawit,varian,2025-01-01 00:00:00,55250
Cabai Rawit Merah,Cabai Rawit,varian,2025-01-02 00:00:00,82500
Cabai Rawit Merah,Cabai Rawit,varian,2025-01-03 00:00:00,90000
Cabai Rawit Merah,Cabai Rawit,varian,2025-01-06 00:00:00,75750
Cabai Rawit Merah,Cabai Rawit,varian,2025-01-07 00:00:00,68000
Cabai Rawit Merah,Cabai Rawit,varian,2025-01-08 00:00:00,60000
Cabai Rawit Merah,Cabai Rawit,varian,2025-01-09 00:00:00,75250
Cabai Rawit Merah,Cabai Rawit,varian,2025-01-10 00:00:00,70250
Cabai Rawit Merah,Cabai Rawit,varian,2025-01-13 00:00:00,69750
Cabai Rawit Merah,Cabai Rawit,varian,2025-01-14 00:00:00,70000
Cabai Rawit Merah,Cabai Rawit,varian,2025-01-15 00:00:00,70000
Cabai Rawit Merah,Cabai Rawit,varian,2025-01-16 00:00:00,67000
Cabai Rawit Merah,Cabai Rawit,varian,2025-01-17 00:00:00,61250
Cabai Rawit Merah,Cabai Rawit,varian,2025-01-20 00:00:00,44500
Cabai Rawit Merah,Cabai Rawit,varian,2025-01-21 00:00:00,49000
Cabai Rawit Merah,Cabai Rawit,varian,2025-01-22 00:00:00,47000
Cabai Rawit Merah,Cabai Rawit,varian,2025-01-23 00:00:00,49000
Cabai Rawit Merah,Cabai Rawit,varian,2025-01-24 00:00:00,47500
Cabai Rawit Merah,Cabai Rawit,varian,2025-01-27 00:00:00,47500
Cabai Rawit Merah,Cabai Rawit,varian,2025-01-28 00:00:00,47500
Cabai Rawit Merah,Cabai Rawit,varian,2025-01-29 00:00:00,47500
Cabai Rawit Merah,Cabai Rawit,varian,2025-01-30 00:00:00,39500
Cabai Rawit Merah,Cabai Rawit,varian,2025-01-31 00:00:00,42500
Cabai Rawit Merah,Cabai Rawit,varian,2025-02-03 00:00:00,42250
Cabai Rawit Merah,Cabai Rawit,varian,2025-02-04 00:00:00,45000
Cabai Rawit Merah,Cabai Rawit,varian,2025-02-05 00:00:00,45500
Cabai Rawit Merah,Cabai Rawit,varian,2025-02-06 00:00:00,45500
Cabai Rawit Merah,Cabai Rawit,varian,2025-02-07 00:00:00,43250
Cabai Rawit Merah,Cabai Rawit,varian,2025-02-10 00:00:00,61250
Cabai Rawit Merah,Cabai Rawit,varian,2025-02-11 00:00:00,57500
Cabai Rawit Merah,Cabai Rawit,varian,2025-02-12 00:00:00,51750
Cabai Rawit Merah,Cabai Rawit,varian,2025-02-13 00:00:00,52500
Cabai Rawit Merah,Cabai Rawit,varian,2025-02-14 00:00:00,51250
Cabai Rawit Merah,Cabai Rawit,varian,2025-02-17 00:00:00,69750
Cabai Rawit Merah,Cabai Rawit,varian,2025-02-18 00:00:00,67750
Cabai Rawit Merah,Cabai Rawit,varian,2025-02-19 00:00:00,67250
Cabai Rawit Merah,Cabai Rawit,varian,2025-02-20 00:00:00,66750
Cabai Rawit Merah,Cabai Rawit,varian,2025-02-21 00:00:00,67000
Cabai Rawit Merah,Cabai Rawit,varian,2025-02-24 00:00:00,100000
Cabai Rawit Merah,Cabai Rawit,varian,2025-02-25 00:00:00,90000
Cabai Rawit Merah,Cabai Rawit,varian,2025-02-26 00:00:00,78500
Cabai Rawit Merah,Cabai Rawit,varian,2025-02-27 00:00:00,84000
Cabai Rawit Merah,Cabai Rawit,varian,2025-02-28 00:00:00,88500
Cabai Rawit Merah,Cabai Rawit,varian,2025-03-03 00:00:00,125000
Cabai Rawit Merah,Cabai Rawit,varian,2025-03-04 00:00:00,122500
Cabai Rawit Merah,Cabai Rawit,varian,2025-03-05 00:00:00,121500
Cabai Rawit Merah,Cabai Rawit,varian,2025-03-06 00:00:00,105000
Cabai Rawit Merah,Cabai Rawit,varian,2025-03-07 00:00:00,80000
Cabai Rawit Merah,Cabai Rawit,varian,2025-03-10 00:00:00,92500
Cabai Rawit Merah,Cabai Rawit,varian,2025-03-11 00:00:00,83500
Cabai Rawit Merah,Cabai Rawit,varian,2025-03-12 00:00:00,82500
Cabai Rawit Merah,Cabai Rawit,varian,2025-03-13 00:00:00,89000
Cabai Rawit Merah,Cabai Rawit,varian,2025-03-14 00:00:00,87750
Cabai Rawit Merah,Cabai Rawit,varian,2025-03-17 00:00:00,87250
Cabai Rawit Merah,Cabai Rawit,varian,2025-03-18 00:00:00,82750
Cabai Rawit Merah,Cabai Rawit,varian,2025-03-19 00:00:00,78000
Cabai Rawit Merah,Cabai Rawit,varian,2025-03-20 00:00:00,77500
Cabai Rawit Merah,Cabai Rawit,varian,2025-03-21 00:00:00,76750
Cabai Rawit Merah,Cabai Rawit,varian,2025-03-24 00:00:00,87500
Cabai Rawit Merah,Cabai Rawit,varian,2025-03-25 00:00:00,90000
Cabai Rawit Merah,Cabai Rawit,varian,2025-03-26 00:00:00,90000
Cabai Rawit Merah,Cabai Rawit,varian,2025-03-27 00:00:00,85000
Cabai Rawit Merah,Cabai Rawit,varian,2025-03-28 00:00:00,85000
Cabai Rawit Merah,Cabai Rawit,varian,2025-03-31 00:00:00,85000
Cabai Rawit Merah,Cabai Rawit,varian,2025-04-01 00:00:00,85000
Cabai Rawit Merah,Cabai Rawit,varian,2025-04-02 00:00:00,85000
Cabai Rawit Merah,Cabai Rawit,varian,2025-04-03 00:00:00,85000
Cabai Rawit Merah,Cabai Rawit,varian,2025-04-04 00:00:00,85000
Cabai Rawit Merah,Cabai Rawit,varian,2025-04-07 00:00:00,85000
Cabai Rawit Merah,Cabai Rawit,varian,2025-04-08 00:00:00,83750
Cabai Rawit Merah,Cabai Rawit,varian,2025-04-09 00:00:00,83750
Cabai Rawit Merah,Cabai Rawit,varian,2025-04-10 00:00:00,90000
Cabai Rawit Merah,Cabai Rawit,varian,2025-04-11 00:00:00,79750
Cabai Rawit Merah,Cabai Rawit,varian,2025-04-14 00:00:00,81000
Cabai Rawit Merah,Cabai Rawit,varian,2025-04-15 00:00:00,81000
Cabai Rawit Merah,Cabai Rawit,varian,2025-04-16 00:00:00,99000
Cabai Rawit Merah,Cabai Rawit,varian,2025-04-17 00:00:00,85250
Cabai Rawit Merah,Cabai Rawit,varian,2025-04-18 00:00:00,85250
Cabai Rawit Merah,Cabai Rawit,varian,2025-04-21 00:00:00,102500
Cabai Rawit Merah,Cabai Rawit,varian,2025-04-22 00:00:00,100000
Cabai Rawit Merah,Cabai Rawit,varian,2025-04-23 00:00:00,94000
Cabai Rawit Merah,Cabai Rawit,varian,2025-04-24 00:00:00,89000
Cabai Rawit Merah,Cabai Rawit,varian,2025-04-25 00:00:00,84750
Cabai Rawit Merah,Cabai Rawit,varian,2025-04-28 00:00:00,91000
Cabai Rawit Merah,Cabai Rawit,varian,2025-04-29 00:00:00,89500
Cabai Rawit Merah,Cabai Rawit,varian,2025-04-30 00:00:00,81000
Cabai Rawit Merah,Cabai Rawit,varian,2025-05-01 00:00:00,81000
Cabai Rawit Merah,Cabai Rawit,varian,2025-05-02 00:00:00,69500
Cabai Rawit Merah,Cabai Rawit,varian,2025-05-05 00:00:00,84500
Cabai Rawit Merah,Cabai Rawit,varian,2025-05-06 00:00:00,80750
Cabai Rawit Merah,Cabai Rawit,varian,2025-05-07 00:00:00,76500
Cabai Rawit Merah,Cabai Rawit,varian,2025-05-08 00:00:00,76500
Cabai Rawit Merah,Cabai Rawit,varian,2025-05-09 00:00:00,83500
Cabai Rawit Merah,Cabai Rawit,varian,2025-05-12 00:00:00,83500
Cabai Rawit Merah,Cabai Rawit,varian,2025-05-13 00:00:00,75750
Cabai Rawit Merah,Cabai Rawit,varian,2025-05-14 00:00:00,61000
Cabai Rawit Merah,Cabai Rawit,varian,2025-05-15 00:00:00,71000
Cabai Rawit Merah,Cabai Rawit,varian,2025-05-16 00:00:00,67250
Cabai Rawit Merah,Cabai Rawit,varian,2025-05-19 00:00:00,57000
Cabai Rawit Merah,Cabai Rawit,varian,2025-05-20 00:00:00,56500
Cabai Rawit Merah,Cabai Rawit,varian,2025-05-21 00:00:00,58750
Cabai Rawit Merah,Cabai Rawit,varian,2025-05-22 00:00:00,71000
Cabai Rawit Merah,Cabai Rawit,varian,2025-05-23 00:00:00,63250
Cabai Rawit Merah,Cabai Rawit,varian,2025-05-26 00:00:00,62250
Cabai Rawit Merah,Cabai Rawit,varian,2025-05-27 00:00:00,62000
Cabai Rawit Merah,Cabai Rawit,varian,2025-05-28 00:00:00,55000
Cabai Rawit Merah,Cabai Rawit,varian,2025-05-29 00:00:00,55000
Cabai Rawit Merah,Cabai Rawit,varian,2025-05-30 00:00:00,55000
Cabai Rawit Merah,Cabai Rawit,varian,2025-06-02 00:00:00,82500
Cabai Rawit Merah,Cabai Rawit,varian,2025-06-03 00:00:00,79750
Cabai Rawit Merah,Cabai Rawit,varian,2025-06-04 00:00:00,66750
Cabai Rawit Merah,Cabai Rawit,varian,2025-06-05 00:00:00,62500
Cabai Rawit Merah,Cabai Rawit,varian,2025-06-06 00:00:00,62500
Cabai Rawit Merah,Cabai Rawit,varian,2025-06-09 00:00:00,62500
Cabai Rawit Merah,Cabai Rawit,varian,2025-06-10 00:00:00,86250
Cabai Rawit Merah,Cabai Rawit,varian,2025-06-11 00:00:00,73250
Cabai Rawit Merah,Cabai Rawit,varian,2025-06-12 00:00:00,67000
Cabai Rawit Merah,Cabai Rawit,varian,2025-06-13 00:00:00,67000
Cabai Rawit Merah,Cabai Rawit,varian,2025-06-16 00:00:00,65750
Cabai Rawit Merah,Cabai Rawit,varian,2025-06-17 00:00:00,75500
Cabai Rawit Merah,Cabai Rawit,varian,2025-06-18 00:00:00,68500
Cabai Rawit Merah,Cabai Rawit,varian,2025-06-19 00:00:00,68500
Cabai Rawit Merah,Cabai Rawit,varian,2025-06-20 00:00:00,67250
Cabai Rawit Merah,Cabai Rawit,varian,2025-06-23 00:00:00,80000
Cabai Rawit Merah,Cabai Rawit,varian,2025-06-24 00:00:00,78000
Cabai Rawit Merah,Cabai Rawit,varian,2025-06-25 00:00:00,78000
Cabai Rawit Merah,Cabai Rawit,varian,2025-06-26 00:00:00,77500
Cabai Rawit Merah,Cabai Rawit,varian,2025-06-27 00:00:00,77500
Cabai Rawit Merah,Cabai Rawit,varian,2025-06-30 00:00:00,88500
Cabai Rawit Merah,Cabai Rawit,varian,2025-07-01 00:00:00,78500
Cabai Rawit Merah,Cabai Rawit,varian,2025-07-02 00:00:00,89000
Cabai Rawit Merah,Cabai Rawit,varian,2025-07-03 00:00:00,90000
Cabai Rawit Merah,Cabai Rawit,varian,2025-07-04 00:00:00,82500
Cabai Rawit Merah,Cabai Rawit,varian,2025-07-07 00:00:00,88750
Cabai Rawit Merah,Cabai Rawit,varian,2025-07-08 00:00:00,94000
Cabai Rawit Merah,Cabai Rawit,varian,2025-07-09 00:00:00,92500
Cabai Rawit Merah,Cabai Rawit,varian,2025-07-10 00:00:00,90000
Cabai Rawit Merah,Cabai Rawit,varian,2025-07-11 00:00:00,88750
Cabai Rawit Merah,Cabai Rawit,varian,2025-07-14 00:00:00,81000
Cabai Rawit Merah,Cabai Rawit,varian,2025-07-15 00:00:00,73500
Cabai Rawit Merah,Cabai Rawit,varian,2025-07-16 00:00:00,70250
Cabai Rawit Merah,Cabai Rawit,varian,2025-07-17 00:00:00,92500
Cabai Rawit Merah,Cabai Rawit,varian,2025-07-18 00:00:00,86250
Cabai Rawit Merah,Cabai Rawit,varian,2025-07-21 00:00:00,68750
Cabai Rawit Merah,Cabai Rawit,varian,2025-07-22 00:00:00,64000
Cabai Rawit Merah,Cabai Rawit,varian,2025-07-23 00:00:00,63500
Cabai Rawit Merah,Cabai Rawit,varian,2025-07-24 00:00:00,61000
Cabai Rawit Merah,Cabai Rawit,varian,2025-07-25 00:00:00,52500
Cabai Rawit Merah,Cabai Rawit,varian,2025-07-28 00:00:00,54000
Cabai Rawit Merah,Cabai Rawit,varian,2025-07-29 00:00:00,55000
Cabai Rawit Merah,Cabai Rawit,varian,2025-07-30 00:00:00,52750
Cabai Rawit Merah,Cabai Rawit,varian,2025-07-31 00:00:00,52750
Cabai Rawit Merah,Cabai Rawit,varian,2025-08-01 00:00:00,46500
Cabai Rawit Merah,Cabai Rawit,varian,2025-08-04 00:00:00,62000
Cabai Rawit Merah,Cabai Rawit,varian,2025-08-05 00:00:00,60000
Cabai Rawit Merah,Cabai Rawit,varian,2025-08-06 00:00:00,54750
Cabai Rawit Merah,Cabai Rawit,varian,2025-08-07 00:00:00,53500
Cabai Rawit Merah,Cabai Rawit,varian,2025-08-08 00:00:00,48250
Cabai Rawit Merah,Cabai Rawit,varian,2025-08-11 00:00:00,47000
Cabai Rawit Merah,Cabai Rawit,varian,2025-08-12 00:00:00,46500
Cabai Rawit Merah,Cabai Rawit,varian,2025-08-13 00:00:00,42000
Cabai Rawit Merah,Cabai Rawit,varian,2025-08-14 00:00:00,46500
Cabai Rawit Merah,Cabai Rawit,varian,2025-08-15 00:00:00,47500
Cabai Rawit Merah,Cabai Rawit,varian,2025-08-18 00:00:00,47500
Cabai Rawit Merah,Cabai Rawit,varian,2025-08-19 00:00:00,45250
Cabai Rawit Merah,Cabai Rawit,varian,2025-08-20 00:00:00,45500
Cabai Rawit Merah,Cabai Rawit,varian,2025-08-21 00:00:00,45000
Cabai Rawit Merah,Cabai Rawit,varian,2025-08-22 00:00:00,42500
Cabai Rawit Merah,Cabai Rawit,varian,2025-08-25 00:00:00,41000
Cabai Rawit Merah,Cabai Rawit,varian,2025-08-26 00:00:00,42000
Cabai Rawit Merah,Cabai Rawit,varian,2025-08-27 00:00:00,43250
Cabai Rawit Merah,Cabai Rawit,varian,2025-08-28 00:00:00,41000
Cabai Rawit Merah,Cabai Rawit,varian,2025-08-29 00:00:00,41000
Cabai Rawit Merah,Cabai Rawit,varian,2025-09-01 00:00:00,49250
Cabai Rawit Merah,Cabai Rawit,varian,2025-09-02 00:00:00,50000
Cabai Rawit Merah,Cabai Rawit,varian,2025-09-03 00:00:00,48250
Cabai Rawit Merah,Cabai Rawit,varian,2025-09-04 00:00:00,47750
Cabai Rawit Merah,Cabai Rawit,varian,2025-09-05 00:00:00,47750
Cabai Rawit Merah,Cabai Rawit,varian,2025-09-08 00:00:00,56500
Cabai Rawit Merah,Cabai Rawit,varian,2025-09-09 00:00:00,58000
Cabai Rawit Merah,Cabai Rawit,varian,2025-09-10 00:00:00,57000
Cabai Rawit Merah,Cabai Rawit,varian,2025-09-11 00:00:00,55250
Cabai Rawit Merah,Cabai Rawit,varian,2025-09-12 00:00:00,52500
Cabai Rawit Merah,Cabai Rawit,varian,2025-09-15 00:00:00,55750
Cabai Rawit Merah,Cabai Rawit,varian,2025-09-16 00:00:00,52000
Cabai Rawit Merah,Cabai Rawit,varian,2025-09-17 00:00:00,50000
Cabai Rawit Merah,Cabai Rawit,varian,2025-09-18 00:00:00,49000
Cabai Rawit Merah,Cabai Rawit,varian,2025-09-19 00:00:00,50000
Cabai Rawit Merah,Cabai Rawit,varian,2025-09-22 00:00:00,53500
Cabai Rawit Merah,Cabai Rawit,varian,2025-09-23 00:00:00,54000
Cabai Rawit Merah,Cabai Rawit,varian,2025-09-24 00:00:00,49250
Cabai Rawit Merah,Cabai Rawit,varian,2025-09-25 00:00:00,48250
Cabai Rawit Merah,Cabai Rawit,varian,2025-09-26 00:00:00,48750
Cabai Rawit Merah,Cabai Rawit,varian,2025-09-29 00:00:00,56250
Cabai Rawit Merah,Cabai Rawit,varian,2025-09-30 00:00:00,50500
Cabai Rawit Merah,Cabai Rawit,varian,2025-10-01 00:00:00,52500
Cabai Rawit Merah,Cabai Rawit,varian,2025-10-02 00:00:00,58750
Cabai Rawit Merah,Cabai Rawit,varian,2025-10-03 00:00:00,64500
Cabai Rawit Merah,Cabai Rawit,varian,2025-10-06 00:00:00,59500
Cabai Rawit Merah,Cabai Rawit,varian,2025-10-07 00:00:00,51500
Cabai Rawit Merah,Cabai Rawit,varian,2025-10-08 00:00:00,48500
Cabai Rawit Merah,Cabai Rawit,varian,2025-10-09 00:00:00,57000
Cabai Rawit Merah,Cabai Rawit,varian,2025-10-10 00:00:00,54250
Cabai Rawit Merah,Cabai Rawit,varian,2025-10-13 00:00:00,41250
Cabai Rawit Merah,Cabai Rawit,varian,2025-10-14 00:00:00,40000
Cabai Rawit Merah,Cabai Rawit,varian,2025-10-15 00:00:00,40000
Cabai Rawit Merah,Cabai Rawit,varian,2025-10-16 00:00:00,39500
Cabai Rawit Merah,Cabai Rawit,varian,2025-10-17 00:00:00,36750
Cabai Rawit Merah,Cabai Rawit,varian,2025-10-20 00:00:00,33500
Cabai Rawit Merah,Cabai Rawit,varian,2025-10-21 00:00:00,32750
Cabai Rawit Merah,Cabai Rawit,varian,2025-10-22 00:00:00,30000
Cabai Rawit Merah,Cabai Rawit,varian,2025-10-23 00:00:00,29500
Cabai Rawit Merah,Cabai Rawit,varian,2025-10-24 00:00:00,29000
Cabai Rawit Merah,Cabai Rawit,varian,2025-10-27 00:00:00,26250
Cabai Rawit Merah,Cabai Rawit,varian,2025-10-28 00:00:00,27500
Cabai Rawit Merah,Cabai Rawit,varian,2025-10-29 00:00:00,24750
Cabai Rawit Merah,Cabai Rawit,varian,2025-10-30 00:00:00,30750
Cabai Rawit Merah,Cabai Rawit,varian,2025-10-31 00:00:00,26000
Cabai Rawit Merah,Cabai Rawit,varian,2025-11-03 00:00:00,26000
Cabai Rawit Merah,Cabai Rawit,varian,2025-11-04 00:00:00,26750
Cabai Rawit Merah,Cabai Rawit,varian,2025-11-05 00:00:00,29500
Cabai Rawit Merah,Cabai Rawit,varian,2025-11-06 00:00:00,33000
Cabai Rawit Merah,Cabai Rawit,varian,2025-11-07 00:00:00,30000
Cabai Rawit Merah,Cabai Rawit,varian,2025-11-10 00:00:00,27000
Cabai Rawit Merah,Cabai Rawit,varian,2025-11-11 00:00:00,27250
Cabai Rawit Merah,Cabai Rawit,varian,2025-11-12 00:00:00,25500
Cabai Rawit Merah,Cabai Rawit,varian,2025-11-13 00:00:00,28500
Cabai Rawit Merah,Cabai Rawit,varian,2025-11-14 00:00:00,29000
Cabai Rawit Merah,Cabai Rawit,varian,2025-11-17 00:00:00,33750
Cabai Rawit Merah,Cabai Rawit,varian,2025-11-18 00:00:00,34750
Cabai Rawit Merah,Cabai Rawit,varian,2025-11-19 00:00:00,35500
Cabai Rawit Merah,Cabai Rawit,varian,2025-11-20 00:00:00,35750
Cabai Rawit Merah,Cabai Rawit,varian,2025-11-21 00:00:00,35000
Cabai Rawit Merah,Cabai Rawit,varian,2025-11-24 00:00:00,39500
Cabai Rawit Merah,Cabai Rawit,varian,2025-11-25 00:00:00,39000
Cabai Rawit Merah,Cabai Rawit,varian,2025-11-26 00:00:00,39250
Cabai Rawit Merah,Cabai Rawit,varian,2025-11-27 00:00:00,34500
Cabai Rawit Merah,Cabai Rawit,varian,2025-11-28 00:00:00,36250
Cabai Rawit Merah,Cabai Rawit,varian,2025-12-01 00:00:00,42250
Cabai Rawit Merah,Cabai Rawit,varian,2025-12-02 00:00:00,44750
Cabai Rawit Merah,Cabai Rawit,varian,2025-12-03 00:00:00,48000
Cabai Rawit Merah,Cabai Rawit,varian,2025-12-04 00:00:00,52000
Cabai Rawit Merah,Cabai Rawit,varian,2025-12-05 00:00:00,52000
Cabai Rawit Merah,Cabai Rawit,varian,2025-12-08 00:00:00,55000
Cabai Rawit Merah,Cabai Rawit,varian,2025-12-09 00:00:00,55000
Cabai Rawit Merah,Cabai Rawit,varian,2025-12-10 00:00:00,57500
Cabai Rawit Merah,Cabai Rawit,varian,2025-12-11 00:00:00,60250
Cabai Rawit Merah,Cabai Rawit,varian,2025-12-12 00:00:00,58750
Cabai Rawit Merah,Cabai Rawit,varian,2025-12-15 00:00:00,57500
Cabai Rawit Merah,Cabai Rawit,varian,2025-12-16 00:00:00,56500
Cabai Rawit Merah,Cabai Rawit,varian,2025-12-17 00:00:00,50500
Cabai Rawit Merah,Cabai Rawit,varian,2025-12-18 00:00:00,49250
Cabai Rawit Merah,Cabai Rawit,varian,2025-12-19 00:00:00,48500
Cabai Rawit Merah,Cabai Rawit,varian,2025-12-22 00:00:00,51500
Cabai Rawit Merah,Cabai Rawit,varian,2025-12-23 00:00:00,52500
Cabai Rawit Merah,Cabai Rawit,varian,2025-12-24 00:00:00,50000
Cabai Rawit Merah,Cabai Rawit,varian,2025-12-25 00:00:00,50000
Cabai Rawit Merah,Cabai Rawit,varian,2025-12-26 00:00:00,50000
Cabai Rawit Merah,Cabai Rawit,varian,2025-12-29 00:00:00,43750
Cabai Rawit Merah,Cabai Rawit,varian,2025-12-30 00:00:00,37000
Cabai Rawit Merah,Cabai Rawit,varian,2025-12-31 00:00:00,31750
Cabai Rawit Merah,Cabai Rawit,varian,2026-01-01 00:00:00,31750
Cabai Rawit Merah,Cabai Rawit,varian,2026-01-02 00:00:00,37500
Cabai Rawit Merah,Cabai Rawit,varian,2026-01-05 00:00:00,31500
Cabai Rawit Merah,Cabai Rawit,varian,2026-01-06 00:00:00,30000
Cabai Rawit Merah,Cabai Rawit,varian,2026-01-07 00:00:00,28750
Cabai Rawit Merah,Cabai Rawit,varian,2026-01-08 00:00:00,27500
Cabai Rawit Merah,Cabai Rawit,varian,2026-01-09 00:00:00,28750
Cabai Rawit Merah,Cabai Rawit,varian,2026-01-12 00:00:00,26250
Cabai Rawit Merah,Cabai Rawit,varian,2026-01-13 00:00:00,27500
Cabai Rawit Merah,Cabai Rawit,varian,2026-01-14 00:00:00,26250
Cabai Rawit Merah,Cabai Rawit,varian,2026-01-15 00:00:00,25000
Cabai Rawit Merah,Cabai Rawit,varian,2026-01-16 00:00:00,25000
Cabai Rawit Merah,Cabai Rawit,varian,2026-01-19 00:00:00,25750
Cabai Rawit Merah,Cabai Rawit,varian,2026-01-20 00:00:00,27500
Cabai Rawit Merah,Cabai Rawit,varian,2026-01-21 00:00:00,27500
Cabai Rawit Merah,Cabai Rawit,varian,2026-01-22 00:00:00,30000
Cabai Rawit Merah,Cabai Rawit,varian,2026-01-23 00:00:00,30000
Cabai Rawit Merah,Cabai Rawit,varian,2026-01-26 00:00:00,30000
Cabai Rawit Merah,Cabai Rawit,varian,2026-01-27 00:00:00,30000
Cabai Rawit Merah,Cabai Rawit,varian,2026-01-28 00:00:00,31250
Cabai Rawit Merah,Cabai Rawit,varian,2026-01-29 00:00:00,36750
Cabai Rawit Merah,Cabai Rawit,varian,2026-01-30 00:00:00,40000
Cabai Rawit Merah,Cabai Rawit,varian,2026-02-02 00:00:00,40000
Cabai Rawit Merah,Cabai Rawit,varian,2026-02-03 00:00:00,48250
Cabai Rawit Merah,Cabai Rawit,varian,2026-02-04 00:00:00,50750
Cabai Rawit Merah,Cabai Rawit,varian,2026-02-05 00:00:00,58250
Cabai Rawit Merah,Cabai Rawit,varian,2026-02-06 00:00:00,55750
Cabai Rawit Merah,Cabai Rawit,varian,2026-02-09 00:00:00,58250
Cabai Rawit Merah,Cabai Rawit,varian,2026-02-10 00:00:00,55000
Cabai Rawit Merah,Cabai Rawit,varian,2026-02-11 00:00:00,53750
Cabai Rawit Merah,Cabai Rawit,varian,2026-02-12 00:00:00,57500
Cabai Rawit Merah,Cabai Rawit,varian,2026-02-13 00:00:00,57500
Cabai Rawit Merah,Cabai Rawit,varian,2026-02-16 00:00:00,57500
Cabai Rawit Merah,Cabai Rawit,varian,2026-02-17 00:00:00,57500
Cabai Rawit Merah,Cabai Rawit,varian,2026-02-18 00:00:00,61000
Cabai Rawit Merah,Cabai Rawit,varian,2026-02-19 00:00:00,62250
Cabai Rawit Merah,Cabai Rawit,varian,2026-02-20 00:00:00,67500
Cabai Rawit Merah,Cabai Rawit,varian,2026-02-23 00:00:00,64750
Cabai Rawit Merah,Cabai Rawit,varian,2026-02-24 00:00:00,52750
Cabai Rawit Merah,Cabai Rawit,varian,2026-02-25 00:00:00,47000
Cabai Rawit Merah,Cabai Rawit,varian,2026-02-26 00:00:00,38750
Cabai Rawit Merah,Cabai Rawit,varian,2026-02-27 00:00:00,43500
Cabai Rawit Merah,Cabai Rawit,varian,2026-03-02 00:00:00,45500
Cabai Rawit Merah,Cabai Rawit,varian,2026-03-03 00:00:00,49500
Cabai Rawit Merah,Cabai Rawit,varian,2026-03-04 00:00:00,45250
Cabai Rawit Merah,Cabai Rawit,varian,2026-03-05 00:00:00,55750
Cabai Rawit Merah,Cabai Rawit,varian,2026-03-06 00:00:00,54500
Cabai Rawit Merah,Cabai Rawit,varian,2026-03-09 00:00:00,52500
Cabai Rawit Merah,Cabai Rawit,varian,2026-03-10 00:00:00,55250
Cabai Rawit Merah,Cabai Rawit,varian,2026-03-11 00:00:00,58000
Cabai Rawit Merah,Cabai Rawit,varian,2026-03-12 00:00:00,61000
Cabai Rawit Merah,Cabai Rawit,varian,2026-03-13 00:00:00,58750
Cabai Rawit Merah,Cabai Rawit,varian,2026-03-16 00:00:00,72500
Cabai Rawit Merah,Cabai Rawit,varian,2026-03-17 00:00:00,80000
Cabai Rawit Merah,Cabai Rawit,varian,2026-03-18 00:00:00,80000
Cabai Rawit Merah,Cabai Rawit,varian,2026-03-19 00:00:00,80000
Cabai Rawit Merah,Cabai Rawit,varian,2026-03-20 00:00:00,80000
Cabai Rawit Merah,Cabai Rawit,varian,2026-03-23 00:00:00,80000
Cabai Rawit Merah,Cabai Rawit,varian,2026-03-24 00:00:00,80000
Cabai Rawit Merah,Cabai Rawit,varian,2026-03-25 00:00:00,85000
Cabai Rawit Merah,Cabai Rawit,varian,2026-03-26 00:00:00,80000
Cabai Rawit Merah,Cabai Rawit,varian,2026-03-27 00:00:00,72000
Cabai Rawit Merah,Cabai Rawit,varian,2026-03-30 00:00:00,96250
Cabai Rawit Merah,Cabai Rawit,varian,2026-03-31 00:00:00,112500
Cabai Rawit Merah,Cabai Rawit,varian,2026-04-01 00:00:00,112500
Cabai Rawit Merah,Cabai Rawit,varian,2026-04-02 00:00:00,100000
Cabai Rawit Merah,Cabai Rawit,varian,2026-04-03 00:00:00,100000
Cabai Rawit Merah,Cabai Rawit,varian,2026-04-06 00:00:00,77250
Cabai Rawit Merah,Cabai Rawit,varian,2026-04-07 00:00:00,82000
Cabai Rawit Merah,Cabai Rawit,varian,2026-04-08 00:00:00,90750
Cabai Rawit Merah,Cabai Rawit,varian,2026-04-09 00:00:00,82000
Cabai Rawit Merah,Cabai Rawit,varian,2026-04-10 00:00:00,77750
Cabai Rawit Merah,Cabai Rawit,varian,2026-04-13 00:00:00,63500
Cabai Rawit Merah,Cabai Rawit,varian,2026-04-14 00:00:00,63250
Cabai Rawit Merah,Cabai Rawit,varian,2026-04-15 00:00:00,62000
Cabai Rawit Merah,Cabai Rawit,varian,2026-04-16 00:00:00,57500
Cabai Rawit Merah,Cabai Rawit,varian,2026-04-17 00:00:00,45250
Cabai Rawit Merah,Cabai Rawit,varian,2026-04-20 00:00:00,54250
Cabai Rawit Merah,Cabai Rawit,varian,2026-04-21 00:00:00,54250
Cabai Rawit Merah,Cabai Rawit,varian,2026-04-22 00:00:00,43750
Cabai Rawit Merah,Cabai Rawit,varian,2026-04-23 00:00:00,35250
Cabai Rawit Merah,Cabai Rawit,varian,2026-04-24 00:00:00,38750
Cabai Rawit Merah,Cabai Rawit,varian,2026-04-27 00:00:00,37500
Cabai Rawit Merah,Cabai Rawit,varian,2026-04-28 00:00:00,37500
Cabai Rawit Merah,Cabai Rawit,varian,2026-04-29 00:00:00,36000
Cabai Rawit Merah,Cabai Rawit,varian,2026-04-30 00:00:00,39750
Cabai Rawit Merah,Cabai Rawit,varian,2026-05-01 00:00:00,39750
Cabai Rawit Merah,Cabai Rawit,varian,2026-05-04 00:00:00,36250
Cabai Rawit Merah,Cabai Rawit,varian,2026-05-05 00:00:00,36250
Cabai Rawit Merah,Cabai Rawit,varian,2026-05-06 00:00:00,35000
Cabai Rawit Merah,Cabai Rawit,varian,2026-05-07 00:00:00,35250
Cabai Rawit Merah,Cabai Rawit,varian,2026-05-08 00:00:00,35000
Cabai Rawit Merah,Cabai Rawit,varian,2026-05-11 00:00:00,36500
Cabai Rawit Merah,Cabai Rawit,varian,2026-05-12 00:00:00,36500
Cabai Rawit Merah,Cabai Rawit,varian,2026-05-13 00:00:00,35500
Cabai Rawit Merah,Cabai Rawit,varian,2026-05-14 00:00:00,35500
Cabai Rawit Merah,Cabai Rawit,varian,2026-05-15 00:00:00,35500
Cabai Rawit Merah,Cabai Rawit,varian,2026-05-18 00:00:00,41250
Cabai Rawit Merah,Cabai Rawit,varian,2026-05-19 00:00:00,48250
Cabai Rawit Merah,Cabai Rawit,varian,2026-05-20 00:00:00,56500
Cabai Rawit Merah,Cabai Rawit,varian,2026-05-21 00:00:00,58250
Cabai Rawit Merah,Cabai Rawit,varian,2026-05-22 00:00:00,58500
Cabai Rawit Merah,Cabai Rawit,varian,2026-05-25 00:00:00,70750
Cabai Rawit Merah,Cabai Rawit,varian,2026-05-26 00:00:00,67000
Cabai Rawit Merah,Cabai Rawit,varian,2026-05-27 00:00:00,67000
Cabai Rawit Merah,Cabai Rawit,varian,2026-05-28 00:00:00,67000
Cabai Rawit Merah,Cabai Rawit,varian,2026-05-29 00:00:00,107500
Cabai Rawit Merah,Cabai Rawit,varian,2026-06-01 00:00:00,107500
Cabai Rawit Merah,Cabai Rawit,varian,2026-06-02 00:00:00,71250
Cabai Rawit Merah,Cabai Rawit,varian,2026-06-03 00:00:00,72500
Cabai Rawit Merah,Cabai Rawit,varian,2026-06-04 00:00:00,72500
Cabai Rawit Merah,Cabai Rawit,varian,2026-06-05 00:00:00,107500
Cabai Rawit Merah,Cabai Rawit,varian,2026-06-08 00:00:00,97500
Cabai Rawit Merah,Cabai Rawit,varian,2026-06-09 00:00:00,92500
Cabai Rawit Merah,Cabai Rawit,varian,2026-06-10 00:00:00,117500
Cabai Rawit Merah,Cabai Rawit,varian,2026-06-11 00:00:00,110000
Cabai Rawit Merah,Cabai Rawit,varian,2026-06-12 00:00:00,101250
Cabai Rawit Merah,Cabai Rawit,varian,2026-06-15 00:00:00,100000
Cabai Rawit Merah,Cabai Rawit,varian,2026-06-16 00:00:00,100000
Cabai Rawit Merah,Cabai Rawit,varian,2026-06-17 00:00:00,105000
Cabai Rawit Merah,Cabai Rawit,varian,2026-06-18 00:00:00,105000
Cabai Rawit Merah,Cabai Rawit,varian,2026-06-19 00:00:00,87500
Cabai Rawit Merah,Cabai Rawit,varian,2026-06-22 00:00:00,76250
Cabai Rawit Merah,Cabai Rawit,varian,2026-06-23 00:00:00,78750
Cabai Rawit Merah,Cabai Rawit,varian,2026-06-24 00:00:00,76250
Cabai Rawit Merah,Cabai Rawit,varian,2026-06-25 00:00:00,77500
Cabai Rawit Merah,Cabai Rawit,varian,2026-06-26 00:00:00,73750
Cabai Rawit Merah,Cabai Rawit,varian,2026-06-29 00:00:00,75000
Cabai Rawit Merah,Cabai Rawit,varian,2026-06-30 00:00:00,77500
Cabai Rawit Merah,Cabai Rawit,varian,2026-07-01 00:00:00,73750
Cabai Rawit Merah,Cabai Rawit,varian,2026-07-02 00:00:00,68750
Cabai Rawit Merah,Cabai Rawit,varian,2026-07-03 00:00:00,60000
Cabai Rawit Merah,Cabai Rawit,varian,2026-07-06 00:00:00,62250
Cabai Rawit Merah,Cabai Rawit,varian,2026-07-07 00:00:00,60000
Cabai Rawit Merah,Cabai Rawit,varian,2026-07-08 00:00:00,60000
Cabai Rawit Merah,Cabai Rawit,varian,2026-07-09 00:00:00,57750
Cabai Rawit Merah,Cabai Rawit,varian,2026-07-10 00:00:00,48750
Cabai Rawit Merah,Cabai Rawit,varian,2026-07-13 00:00:00,44500
Cabai Rawit Merah,Cabai Rawit,varian,2026-07-14 00:00:00,42250
Cabai Rawit Merah,Cabai Rawit,varian,2026-07-15 00:00:00,37500
Cabai Rawit Merah,Cabai Rawit,varian,2026-07-16 00:00:00,37500
Cabai Rawit Merah,Cabai Rawit,varian,2026-07-17 00:00:00,40000
Cabai Rawit Merah,Cabai Rawit,varian,2026-07-20 00:00:00,38750
Cabai Rawit Merah,Cabai Rawit,varian,2026-07-21 00:00:00,36250
Cabai Rawit Merah,Cabai Rawit,varian,2026-07-22 00:00:00,33250
Cabai Rawit Merah,Cabai Rawit,varian,2026-07-23 00:00:00,37250
Cabai Rawit Merah,Cabai Rawit,varian,2026-07-24 00:00:00,35000
Cabai Rawit Merah,Cabai Rawit,varian,2026-07-27 00:00:00,34250
Cabai Rawit Merah,Cabai Rawit,varian,2026-07-28 00:00:00,32500
Cabai Rawit Merah,Cabai Rawit,varian,2026-07-29 00:00:00,31000
Cabai Rawit Merah,Cabai Rawit,varian,2026-07-30 00:00:00,38250
Cabai Rawit Merah,Cabai Rawit,varian,2026-07-31 00:00:00,38250
Cabai Rawit Merah,Cabai Rawit,varian,2026-08-03 00:00:00,40750
Cabai Rawit Merah,Cabai Rawit,varian,2026-08-04 00:00:00,45750
Cabai Rawit Merah,Cabai Rawit,varian,2026-08-05 00:00:00,46000
Cabai Rawit Merah,Cabai Rawit,varian,2026-08-06 00:00:00,46250
Cabai Rawit Merah,Cabai Rawit,varian,2026-08-07 00:00:00,44500
Cabai Rawit Merah,Cabai Rawit,varian,2026-08-10 00:00:00,49500
Cabai Rawit Merah,Cabai Rawit,varian,2026-08-11 00:00:00,52500
Cabai Rawit Merah,Cabai Rawit,varian,2026-08-12 00:00:00,59500
Cabai Rawit Merah,Cabai Rawit,varian,2026-08-13 00:00:00,61250
Cabai Rawit Merah,Cabai Rawit,varian,2026-08-14 00:00:00,62500
Cabai Rawit Merah,Cabai Rawit,varian,2026-08-17 00:00:00,62500
Cabai Rawit Merah,Cabai Rawit,varian,2026-08-18 00:00:00,95000
Cabai Rawit Merah,Cabai Rawit,varian,2026-08-19 00:00:00,93750
Cabai Rawit Merah,Cabai Rawit,varian,2026-08-20 00:00:00,95000
Cabai Rawit Merah,Cabai Rawit,varian,2026-08-21 00:00:00,87500
Cabai Rawit Merah,Cabai Rawit,varian,2026-08-24 00:00:00,105000
Cabai Rawit Merah,Cabai Rawit,varian,2026-08-25 00:00:00,105000
Cabai Rawit Merah,Cabai Rawit,varian,2026-08-26 00:00:00,107500
Cabai Rawit Merah,Cabai Rawit,varian,2026-08-27 00:00:00,107500
Cabai Rawit Merah,Cabai Rawit,varian,2026-08-28 00:00:00,102500
Cabai Rawit Merah,Cabai Rawit,varian,2026-08-31 00:00:00,137500
Cabai Rawit Merah,Cabai Rawit,varian,2026-09-01 00:00:00,130000
Cabai Rawit Merah,Cabai Rawit,varian,2026-09-02 00:00:00,115000
Cabai Rawit Merah,Cabai Rawit,varian,2026-09-03 00:00:00,115000
Cabai Rawit Merah,Cabai Rawit,varian,2026-09-04 00:00:00,112500
Cabai Rawit Merah,Cabai Rawit,varian,2026-09-07 00:00:00,165000
Cabai Rawit Merah,Cabai Rawit,varian,2026-09-08 00:00:00,165000
Daging Ayam,Daging Ayam,kategori,2025-01-01 00:00:00,43000
Daging Ayam,Daging Ayam,kategori,2025-01-02 00:00:00,43000
Daging Ayam,Daging Ayam,kategori,2025-01-03 00:00:00,43000
Daging Ayam,Daging Ayam,kategori,2025-01-06 00:00:00,43750
Daging Ayam,Daging Ayam,kategori,2025-01-07 00:00:00,44000
Daging Ayam,Daging Ayam,kategori,2025-01-08 00:00:00,44000
Daging Ayam,Daging Ayam,kategori,2025-01-09 00:00:00,43500
Daging Ayam,Daging Ayam,kategori,2025-01-10 00:00:00,43500
Daging Ayam,Daging Ayam,kategori,2025-01-13 00:00:00,43500
Daging Ayam,Daging Ayam,kategori,2025-01-14 00:00:00,43500
Daging Ayam,Daging Ayam,kategori,2025-01-15 00:00:00,43000
Daging Ayam,Daging Ayam,kategori,2025-01-16 00:00:00,43000
Daging Ayam,Daging Ayam,kategori,2025-01-17 00:00:00,42250
Daging Ayam,Daging Ayam,kategori,2025-01-20 00:00:00,42250
Daging Ayam,Daging Ayam,kategori,2025-01-21 00:00:00,42000
Daging Ayam,Daging Ayam,kategori,2025-01-22 00:00:00,42000
Daging Ayam,Daging Ayam,kategori,2025-01-23 00:00:00,42000
Daging Ayam,Daging Ayam,kategori,2025-01-24 00:00:00,42000
Daging Ayam,Daging Ayam,kategori,2025-01-27 00:00:00,42000
Daging Ayam,Daging Ayam,kategori,2025-01-28 00:00:00,42000
Daging Ayam,Daging Ayam,kategori,2025-01-29 00:00:00,42000
Daging Ayam,Daging Ayam,kategori,2025-01-30 00:00:00,39750
Daging Ayam,Daging Ayam,kategori,2025-01-31 00:00:00,39750
Daging Ayam,Daging Ayam,kategori,2025-02-03 00:00:00,39750
Daging Ayam,Daging Ayam,kategori,2025-02-04 00:00:00,39000
Daging Ayam,Daging Ayam,kategori,2025-02-05 00:00:00,39000
Daging Ayam,Daging Ayam,kategori,2025-02-06 00:00:00,39000
Daging Ayam,Daging Ayam,kategori,2025-02-07 00:00:00,38500
Daging Ayam,Daging Ayam,kategori,2025-02-10 00:00:00,37250
Daging Ayam,Daging Ayam,kategori,2025-02-11 00:00:00,36750
Daging Ayam,Daging Ayam,kategori,2025-02-12 00:00:00,36750
Daging Ayam,Daging Ayam,kategori,2025-02-13 00:00:00,37000
Daging Ayam,Daging Ayam,kategori,2025-02-14 00:00:00,37000
Daging Ayam,Daging Ayam,kategori,2025-02-17 00:00:00,37000
Daging Ayam,Daging Ayam,kategori,2025-02-18 00:00:00,37500
Daging Ayam,Daging Ayam,kategori,2025-02-19 00:00:00,37750
Daging Ayam,Daging Ayam,kategori,2025-02-20 00:00:00,37750
Daging Ayam,Daging Ayam,kategori,2025-02-21 00:00:00,37750
Daging Ayam,Daging Ayam,kategori,2025-02-24 00:00:00,37750
Daging Ayam,Daging Ayam,kategori,2025-02-25 00:00:00,37750
Daging Ayam,Daging Ayam,kategori,2025-02-26 00:00:00,37750
Daging Ayam,Daging Ayam,kategori,2025-02-27 00:00:00,37750
Daging Ayam,Daging Ayam,kategori,2025-02-28 00:00:00,37750
Daging Ayam,Daging Ayam,kategori,2025-03-03 00:00:00,38500
Daging Ayam,Daging Ayam,kategori,2025-03-04 00:00:00,38500
Daging Ayam,Daging Ayam,kategori,2025-03-05 00:00:00,38750
Daging Ayam,Daging Ayam,kategori,2025-03-06 00:00:00,38750
Daging Ayam,Daging Ayam,kategori,2025-03-07 00:00:00,38500
Daging Ayam,Daging Ayam,kategori,2025-03-10 00:00:00,38500
Daging Ayam,Daging Ayam,kategori,2025-03-11 00:00:00,38500
Daging Ayam,Daging Ayam,kategori,2025-03-12 00:00:00,38500
Daging Ayam,Daging Ayam,kategori,2025-03-13 00:00:00,38500
Daging Ayam,Daging Ayam,kategori,2025-03-14 00:00:00,38500
Daging Ayam,Daging Ayam,kategori,2025-03-17 00:00:00,38500
Daging Ayam,Daging Ayam,kategori,2025-03-18 00:00:00,38500
Daging Ayam,Daging Ayam,kategori,2025-03-19 00:00:00,39250
Daging Ayam,Daging Ayam,kategori,2025-03-20 00:00:00,39250
Daging Ayam,Daging Ayam,kategori,2025-03-21 00:00:00,39250
Daging Ayam,Daging Ayam,kategori,2025-03-24 00:00:00,38750
Daging Ayam,Daging Ayam,kategori,2025-03-25 00:00:00,38750
Daging Ayam,Daging Ayam,kategori,2025-03-26 00:00:00,38750
Daging Ayam,Daging Ayam,kategori,2025-03-27 00:00:00,38750
Daging Ayam,Daging Ayam,kategori,2025-03-28 00:00:00,38750
Daging Ayam,Daging Ayam,kategori,2025-03-31 00:00:00,38750
Daging Ayam,Daging Ayam,kategori,2025-04-01 00:00:00,38750
Daging Ayam,Daging Ayam,kategori,2025-04-02 00:00:00,38750
Daging Ayam,Daging Ayam,kategori,2025-04-03 00:00:00,38750
Daging Ayam,Daging Ayam,kategori,2025-04-04 00:00:00,38750
Daging Ayam,Daging Ayam,kategori,2025-04-07 00:00:00,38750
Daging Ayam,Daging Ayam,kategori,2025-04-08 00:00:00,38750
Daging Ayam,Daging Ayam,kategori,2025-04-09 00:00:00,38750
Daging Ayam,Daging Ayam,kategori,2025-04-10 00:00:00,38750
Daging Ayam,Daging Ayam,kategori,2025-04-11 00:00:00,38750
Daging Ayam,Daging Ayam,kategori,2025-04-14 00:00:00,39250
Daging Ayam,Daging Ayam,kategori,2025-04-15 00:00:00,39250
Daging Ayam,Daging Ayam,kategori,2025-04-16 00:00:00,39250
Daging Ayam,Daging Ayam,kategori,2025-04-17 00:00:00,39250
Daging Ayam,Daging Ayam,kategori,2025-04-18 00:00:00,39250
Daging Ayam,Daging Ayam,kategori,2025-04-21 00:00:00,39250
Daging Ayam,Daging Ayam,kategori,2025-04-22 00:00:00,39250
Daging Ayam,Daging Ayam,kategori,2025-04-23 00:00:00,39250
Daging Ayam,Daging Ayam,kategori,2025-04-24 00:00:00,39250
Daging Ayam,Daging Ayam,kategori,2025-04-25 00:00:00,39250
Daging Ayam,Daging Ayam,kategori,2025-04-28 00:00:00,38500
Daging Ayam,Daging Ayam,kategori,2025-04-29 00:00:00,38500
Daging Ayam,Daging Ayam,kategori,2025-04-30 00:00:00,38000
Daging Ayam,Daging Ayam,kategori,2025-05-01 00:00:00,38000
Daging Ayam,Daging Ayam,kategori,2025-05-02 00:00:00,39000
Daging Ayam,Daging Ayam,kategori,2025-05-05 00:00:00,38000
Daging Ayam,Daging Ayam,kategori,2025-05-06 00:00:00,38000
Daging Ayam,Daging Ayam,kategori,2025-05-07 00:00:00,38000
Daging Ayam,Daging Ayam,kategori,2025-05-08 00:00:00,38000
Daging Ayam,Daging Ayam,kategori,2025-05-09 00:00:00,38000
Daging Ayam,Daging Ayam,kategori,2025-05-12 00:00:00,38000
Daging Ayam,Daging Ayam,kategori,2025-05-13 00:00:00,38000
Daging Ayam,Daging Ayam,kategori,2025-05-14 00:00:00,38000
Daging Ayam,Daging Ayam,kategori,2025-05-15 00:00:00,38000
Daging Ayam,Daging Ayam,kategori,2025-05-16 00:00:00,38000
Daging Ayam,Daging Ayam,kategori,2025-05-19 00:00:00,38000
Daging Ayam,Daging Ayam,kategori,2025-05-20 00:00:00,38000
Daging Ayam,Daging Ayam,kategori,2025-05-21 00:00:00,38000
Daging Ayam,Daging Ayam,kategori,2025-05-22 00:00:00,37000
Daging Ayam,Daging Ayam,kategori,2025-05-23 00:00:00,37000
Daging Ayam,Daging Ayam,kategori,2025-05-26 00:00:00,37000
Daging Ayam,Daging Ayam,kategori,2025-05-27 00:00:00,37000
Daging Ayam,Daging Ayam,kategori,2025-05-28 00:00:00,37000
Daging Ayam,Daging Ayam,kategori,2025-05-29 00:00:00,37000
Daging Ayam,Daging Ayam,kategori,2025-05-30 00:00:00,37000
Daging Ayam,Daging Ayam,kategori,2025-06-02 00:00:00,37000
Daging Ayam,Daging Ayam,kategori,2025-06-03 00:00:00,37000
Daging Ayam,Daging Ayam,kategori,2025-06-04 00:00:00,37000
Daging Ayam,Daging Ayam,kategori,2025-06-05 00:00:00,37000
Daging Ayam,Daging Ayam,kategori,2025-06-06 00:00:00,37000
Daging Ayam,Daging Ayam,kategori,2025-06-09 00:00:00,37000
Daging Ayam,Daging Ayam,kategori,2025-06-10 00:00:00,37000
Daging Ayam,Daging Ayam,kategori,2025-06-11 00:00:00,37000
Daging Ayam,Daging Ayam,kategori,2025-06-12 00:00:00,36500
Daging Ayam,Daging Ayam,kategori,2025-06-13 00:00:00,36500
Daging Ayam,Daging Ayam,kategori,2025-06-16 00:00:00,36500
Daging Ayam,Daging Ayam,kategori,2025-06-17 00:00:00,36500
Daging Ayam,Daging Ayam,kategori,2025-06-18 00:00:00,36500
Daging Ayam,Daging Ayam,kategori,2025-06-19 00:00:00,36500
Daging Ayam,Daging Ayam,kategori,2025-06-20 00:00:00,36500
Daging Ayam,Daging Ayam,kategori,2025-06-23 00:00:00,36500
Daging Ayam,Daging Ayam,kategori,2025-06-24 00:00:00,36500
Daging Ayam,Daging Ayam,kategori,2025-06-25 00:00:00,36500
Daging Ayam,Daging Ayam,kategori,2025-06-26 00:00:00,36500
Daging Ayam,Daging Ayam,kategori,2025-06-27 00:00:00,36500
Daging Ayam,Daging Ayam,kategori,2025-06-30 00:00:00,36500
Daging Ayam,Daging Ayam,kategori,2025-07-01 00:00:00,36500
Daging Ayam,Daging Ayam,kategori,2025-07-02 00:00:00,36500
Daging Ayam,Daging Ayam,kategori,2025-07-03 00:00:00,37500
Daging Ayam,Daging Ayam,kategori,2025-07-04 00:00:00,37500
Daging Ayam,Daging Ayam,kategori,2025-07-07 00:00:00,37500
Daging Ayam,Daging Ayam,kategori,2025-07-08 00:00:00,37500
Daging Ayam,Daging Ayam,kategori,2025-07-09 00:00:00,37500
Daging Ayam,Daging Ayam,kategori,2025-07-10 00:00:00,37500
Daging Ayam,Daging Ayam,kategori,2025-07-11 00:00:00,37500
Daging Ayam,Daging Ayam,kategori,2025-07-14 00:00:00,38000
Daging Ayam,Daging Ayam,kategori,2025-07-15 00:00:00,38000
Daging Ayam,Daging Ayam,kategori,2025-07-16 00:00:00,38000
Daging Ayam,Daging Ayam,kategori,2025-07-17 00:00:00,38500
Daging Ayam,Daging Ayam,kategori,2025-07-18 00:00:00,38500
Daging Ayam,Daging Ayam,kategori,2025-07-21 00:00:00,38500
Daging Ayam,Daging Ayam,kategori,2025-07-22 00:00:00,38500
Daging Ayam,Daging Ayam,kategori,2025-07-23 00:00:00,38500
Daging Ayam,Daging Ayam,kategori,2025-07-24 00:00:00,38500
Daging Ayam,Daging Ayam,kategori,2025-07-25 00:00:00,38500
Daging Ayam,Daging Ayam,kategori,2025-07-28 00:00:00,38500
Daging Ayam,Daging Ayam,kategori,2025-07-29 00:00:00,37750
Daging Ayam,Daging Ayam,kategori,2025-07-30 00:00:00,37750
Daging Ayam,Daging Ayam,kategori,2025-07-31 00:00:00,37750
Daging Ayam,Daging Ayam,kategori,2025-08-01 00:00:00,37750
Daging Ayam,Daging Ayam,kategori,2025-08-04 00:00:00,37750
Daging Ayam,Daging Ayam,kategori,2025-08-05 00:00:00,37250
Daging Ayam,Daging Ayam,kategori,2025-08-06 00:00:00,37250
Daging Ayam,Daging Ayam,kategori,2025-08-07 00:00:00,37250
Daging Ayam,Daging Ayam,kategori,2025-08-08 00:00:00,37250
Daging Ayam,Daging Ayam,kategori,2025-08-11 00:00:00,37250
Daging Ayam,Daging Ayam,kategori,2025-08-12 00:00:00,37250
Daging Ayam,Daging Ayam,kategori,2025-08-13 00:00:00,37250
Daging Ayam,Daging Ayam,kategori,2025-08-14 00:00:00,37250
Daging Ayam,Daging Ayam,kategori,2025-08-15 00:00:00,37250
Daging Ayam,Daging Ayam,kategori,2025-08-18 00:00:00,37250
Daging Ayam,Daging Ayam,kategori,2025-08-19 00:00:00,37250
Daging Ayam,Daging Ayam,kategori,2025-08-20 00:00:00,37250
Daging Ayam,Daging Ayam,kategori,2025-08-21 00:00:00,37250
Daging Ayam,Daging Ayam,kategori,2025-08-22 00:00:00,37250
Daging Ayam,Daging Ayam,kategori,2025-08-25 00:00:00,37250
Daging Ayam,Daging Ayam,kategori,2025-08-26 00:00:00,37250
Daging Ayam,Daging Ayam,kategori,2025-08-27 00:00:00,37250
Daging Ayam,Daging Ayam,kategori,2025-08-28 00:00:00,37250
Daging Ayam,Daging Ayam,kategori,2025-08-29 00:00:00,37250
Daging Ayam,Daging Ayam,kategori,2025-09-01 00:00:00,36750
Daging Ayam,Daging Ayam,kategori,2025-09-02 00:00:00,36500
Daging Ayam,Daging Ayam,kategori,2025-09-03 00:00:00,36500
Daging Ayam,Daging Ayam,kategori,2025-09-04 00:00:00,36500
Daging Ayam,Daging Ayam,kategori,2025-09-05 00:00:00,36500
Daging Ayam,Daging Ayam,kategori,2025-09-08 00:00:00,36500
Daging Ayam,Daging Ayam,kategori,2025-09-09 00:00:00,36500
Daging Ayam,Daging Ayam,kategori,2025-09-10 00:00:00,36500
Daging Ayam,Daging Ayam,kategori,2025-09-11 00:00:00,36500
Daging Ayam,Daging Ayam,kategori,2025-09-12 00:00:00,36500
Daging Ayam,Daging Ayam,kategori,2025-09-15 00:00:00,37750
Daging Ayam,Daging Ayam,kategori,2025-09-16 00:00:00,37750
Daging Ayam,Daging Ayam,kategori,2025-09-17 00:00:00,37750
Daging Ayam,Daging Ayam,kategori,2025-09-18 00:00:00,37750
Daging Ayam,Daging Ayam,kategori,2025-09-19 00:00:00,37750
Daging Ayam,Daging Ayam,kategori,2025-09-22 00:00:00,37750
Daging Ayam,Daging Ayam,kategori,2025-09-23 00:00:00,37750
Daging Ayam,Daging Ayam,kategori,2025-09-24 00:00:00,37750
Daging Ayam,Daging Ayam,kategori,2025-09-25 00:00:00,37750
Daging Ayam,Daging Ayam,kategori,2025-09-26 00:00:00,37750
Daging Ayam,Daging Ayam,kategori,2025-09-29 00:00:00,37750
Daging Ayam,Daging Ayam,kategori,2025-09-30 00:00:00,37750
Daging Ayam,Daging Ayam,kategori,2025-10-01 00:00:00,37750
Daging Ayam,Daging Ayam,kategori,2025-10-02 00:00:00,37750
Daging Ayam,Daging Ayam,kategori,2025-10-03 00:00:00,37750
Daging Ayam,Daging Ayam,kategori,2025-10-06 00:00:00,37250
Daging Ayam,Daging Ayam,kategori,2025-10-07 00:00:00,37250
Daging Ayam,Daging Ayam,kategori,2025-10-08 00:00:00,37250
Daging Ayam,Daging Ayam,kategori,2025-10-09 00:00:00,37250
Daging Ayam,Daging Ayam,kategori,2025-10-10 00:00:00,37250
Daging Ayam,Daging Ayam,kategori,2025-10-13 00:00:00,37250
Daging Ayam,Daging Ayam,kategori,2025-10-14 00:00:00,37250
Daging Ayam,Daging Ayam,kategori,2025-10-15 00:00:00,37250
Daging Ayam,Daging Ayam,kategori,2025-10-16 00:00:00,38250
Daging Ayam,Daging Ayam,kategori,2025-10-17 00:00:00,38250
Daging Ayam,Daging Ayam,kategori,2025-10-20 00:00:00,38250
Daging Ayam,Daging Ayam,kategori,2025-10-21 00:00:00,38250
Daging Ayam,Daging Ayam,kategori,2025-10-22 00:00:00,38250
Daging Ayam,Daging Ayam,kategori,2025-10-23 00:00:00,38250
Daging Ayam,Daging Ayam,kategori,2025-10-24 00:00:00,38250
Daging Ayam,Daging Ayam,kategori,2025-10-27 00:00:00,38000
Daging Ayam,Daging Ayam,kategori,2025-10-28 00:00:00,38000
Daging Ayam,Daging Ayam,kategori,2025-10-29 00:00:00,38000
Daging Ayam,Daging Ayam,kategori,2025-10-30 00:00:00,38000
Daging Ayam,Daging Ayam,kategori,2025-10-31 00:00:00,38000
Daging Ayam,Daging Ayam,kategori,2025-11-03 00:00:00,38000
Daging Ayam,Daging Ayam,kategori,2025-11-04 00:00:00,38000
Daging Ayam,Daging Ayam,kategori,2025-11-05 00:00:00,38000
Daging Ayam,Daging Ayam,kategori,2025-11-06 00:00:00,38000
Daging Ayam,Daging Ayam,kategori,2025-11-07 00:00:00,38000
Daging Ayam,Daging Ayam,kategori,2025-11-10 00:00:00,38000
Daging Ayam,Daging Ayam,kategori,2025-11-11 00:00:00,38000
Daging Ayam,Daging Ayam,kategori,2025-11-12 00:00:00,38000
Daging Ayam,Daging Ayam,kategori,2025-11-13 00:00:00,39250
Daging Ayam,Daging Ayam,kategori,2025-11-14 00:00:00,39250
Daging Ayam,Daging Ayam,kategori,2025-11-17 00:00:00,39250
Daging Ayam,Daging Ayam,kategori,2025-11-18 00:00:00,41250
Daging Ayam,Daging Ayam,kategori,2025-11-19 00:00:00,41250
Daging Ayam,Daging Ayam,kategori,2025-11-20 00:00:00,41250
Daging Ayam,Daging Ayam,kategori,2025-11-21 00:00:00,41250
Daging Ayam,Daging Ayam,kategori,2025-11-24 00:00:00,42250
Daging Ayam,Daging Ayam,kategori,2025-11-25 00:00:00,43750
Daging Ayam,Daging Ayam,kategori,2025-11-26 00:00:00,43750
Daging Ayam,Daging Ayam,kategori,2025-11-27 00:00:00,45000
Daging Ayam,Daging Ayam,kategori,2025-11-28 00:00:00,45000
Daging Ayam,Daging Ayam,kategori,2025-12-01 00:00:00,47000
Daging Ayam,Daging Ayam,kategori,2025-12-02 00:00:00,47000
Daging Ayam,Daging Ayam,kategori,2025-12-03 00:00:00,47000
Daging Ayam,Daging Ayam,kategori,2025-12-04 00:00:00,47750
Daging Ayam,Daging Ayam,kategori,2025-12-05 00:00:00,47750
Daging Ayam,Daging Ayam,kategori,2025-12-08 00:00:00,47750
Daging Ayam,Daging Ayam,kategori,2025-12-09 00:00:00,47000
Daging Ayam,Daging Ayam,kategori,2025-12-10 00:00:00,47000
Daging Ayam,Daging Ayam,kategori,2025-12-11 00:00:00,47000
Daging Ayam,Daging Ayam,kategori,2025-12-12 00:00:00,47000
Daging Ayam,Daging Ayam,kategori,2025-12-15 00:00:00,47000
Daging Ayam,Daging Ayam,kategori,2025-12-16 00:00:00,47000
Daging Ayam,Daging Ayam,kategori,2025-12-17 00:00:00,47250
Daging Ayam,Daging Ayam,kategori,2025-12-18 00:00:00,47250
Daging Ayam,Daging Ayam,kategori,2025-12-19 00:00:00,47250
Daging Ayam,Daging Ayam,kategori,2025-12-22 00:00:00,47250
Daging Ayam,Daging Ayam,kategori,2025-12-23 00:00:00,47250
Daging Ayam,Daging Ayam,kategori,2025-12-24 00:00:00,47250
Daging Ayam,Daging Ayam,kategori,2025-12-25 00:00:00,47250
Daging Ayam,Daging Ayam,kategori,2025-12-26 00:00:00,47250
Daging Ayam,Daging Ayam,kategori,2025-12-29 00:00:00,47250
Daging Ayam,Daging Ayam,kategori,2025-12-30 00:00:00,47250
Daging Ayam,Daging Ayam,kategori,2025-12-31 00:00:00,47250
Daging Ayam,Daging Ayam,kategori,2026-01-01 00:00:00,47250
Daging Ayam,Daging Ayam,kategori,2026-01-02 00:00:00,47250
Daging Ayam,Daging Ayam,kategori,2026-01-05 00:00:00,47000
Daging Ayam,Daging Ayam,kategori,2026-01-06 00:00:00,46500
Daging Ayam,Daging Ayam,kategori,2026-01-07 00:00:00,46500
Daging Ayam,Daging Ayam,kategori,2026-01-08 00:00:00,46000
Daging Ayam,Daging Ayam,kategori,2026-01-09 00:00:00,46000
Daging Ayam,Daging Ayam,kategori,2026-01-12 00:00:00,46000
Daging Ayam,Daging Ayam,kategori,2026-01-13 00:00:00,46000
Daging Ayam,Daging Ayam,kategori,2026-01-14 00:00:00,46000
Daging Ayam,Daging Ayam,kategori,2026-01-15 00:00:00,46000
Daging Ayam,Daging Ayam,kategori,2026-01-16 00:00:00,46000
Daging Ayam,Daging Ayam,kategori,2026-01-19 00:00:00,46000
Daging Ayam,Daging Ayam,kategori,2026-01-20 00:00:00,45250
Daging Ayam,Daging Ayam,kategori,2026-01-21 00:00:00,44500
Daging Ayam,Daging Ayam,kategori,2026-01-22 00:00:00,44500
Daging Ayam,Daging Ayam,kategori,2026-01-23 00:00:00,44500
Daging Ayam,Daging Ayam,kategori,2026-01-26 00:00:00,44500
Daging Ayam,Daging Ayam,kategori,2026-01-27 00:00:00,44500
Daging Ayam,Daging Ayam,kategori,2026-01-28 00:00:00,43000
Daging Ayam,Daging Ayam,kategori,2026-01-29 00:00:00,43000
Daging Ayam,Daging Ayam,kategori,2026-01-30 00:00:00,42750
Daging Ayam,Daging Ayam,kategori,2026-02-02 00:00:00,42750
Daging Ayam,Daging Ayam,kategori,2026-02-03 00:00:00,42750
Daging Ayam,Daging Ayam,kategori,2026-02-04 00:00:00,42750
Daging Ayam,Daging Ayam,kategori,2026-02-05 00:00:00,42750
Daging Ayam,Daging Ayam,kategori,2026-02-06 00:00:00,42750
Daging Ayam,Daging Ayam,kategori,2026-02-09 00:00:00,42750
Daging Ayam,Daging Ayam,kategori,2026-02-10 00:00:00,42500
Daging Ayam,Daging Ayam,kategori,2026-02-11 00:00:00,42500
Daging Ayam,Daging Ayam,kategori,2026-02-12 00:00:00,42500
Daging Ayam,Daging Ayam,kategori,2026-02-13 00:00:00,42500
Daging Ayam,Daging Ayam,kategori,2026-02-16 00:00:00,42500
Daging Ayam,Daging Ayam,kategori,2026-02-17 00:00:00,42500
Daging Ayam,Daging Ayam,kategori,2026-02-18 00:00:00,42500
Daging Ayam,Daging Ayam,kategori,2026-02-19 00:00:00,42500
Daging Ayam,Daging Ayam,kategori,2026-02-20 00:00:00,42500
Daging Ayam,Daging Ayam,kategori,2026-02-23 00:00:00,42500
Daging Ayam,Daging Ayam,kategori,2026-02-24 00:00:00,42500
Daging Ayam,Daging Ayam,kategori,2026-02-25 00:00:00,42500
Daging Ayam,Daging Ayam,kategori,2026-02-26 00:00:00,42500
Daging Ayam,Daging Ayam,kategori,2026-02-27 00:00:00,42500
Daging Ayam,Daging Ayam,kategori,2026-03-02 00:00:00,42500
Daging Ayam,Daging Ayam,kategori,2026-03-03 00:00:00,42500
Daging Ayam,Daging Ayam,kategori,2026-03-04 00:00:00,42500
Daging Ayam,Daging Ayam,kategori,2026-03-05 00:00:00,42500
Daging Ayam,Daging Ayam,kategori,2026-03-06 00:00:00,42500
Daging Ayam,Daging Ayam,kategori,2026-03-09 00:00:00,42000
Daging Ayam,Daging Ayam,kategori,2026-03-10 00:00:00,42000
Daging Ayam,Daging Ayam,kategori,2026-03-11 00:00:00,42000
Daging Ayam,Daging Ayam,kategori,2026-03-12 00:00:00,41750
Daging Ayam,Daging Ayam,kategori,2026-03-13 00:00:00,41750
Daging Ayam,Daging Ayam,kategori,2026-03-16 00:00:00,42500
Daging Ayam,Daging Ayam,kategori,2026-03-17 00:00:00,42500
Daging Ayam,Daging Ayam,kategori,2026-03-18 00:00:00,42500
Daging Ayam,Daging Ayam,kategori,2026-03-19 00:00:00,42500
Daging Ayam,Daging Ayam,kategori,2026-03-20 00:00:00,42500
Daging Ayam,Daging Ayam,kategori,2026-03-23 00:00:00,42500
Daging Ayam,Daging Ayam,kategori,2026-03-24 00:00:00,42500
Daging Ayam,Daging Ayam,kategori,2026-03-25 00:00:00,42500
Daging Ayam,Daging Ayam,kategori,2026-03-26 00:00:00,42500
Daging Ayam,Daging Ayam,kategori,2026-03-27 00:00:00,42500
Daging Ayam,Daging Ayam,kategori,2026-03-30 00:00:00,43750
Daging Ayam,Daging Ayam,kategori,2026-03-31 00:00:00,45000
Daging Ayam,Daging Ayam,kategori,2026-04-01 00:00:00,45000
Daging Ayam,Daging Ayam,kategori,2026-04-02 00:00:00,45000
Daging Ayam,Daging Ayam,kategori,2026-04-03 00:00:00,45000
Daging Ayam,Daging Ayam,kategori,2026-04-06 00:00:00,45000
Daging Ayam,Daging Ayam,kategori,2026-04-07 00:00:00,45000
Daging Ayam,Daging Ayam,kategori,2026-04-08 00:00:00,44500
Daging Ayam,Daging Ayam,kategori,2026-04-09 00:00:00,44500
Daging Ayam,Daging Ayam,kategori,2026-04-10 00:00:00,45000
Daging Ayam,Daging Ayam,kategori,2026-04-13 00:00:00,45000
Daging Ayam,Daging Ayam,kategori,2026-04-14 00:00:00,45000
Daging Ayam,Daging Ayam,kategori,2026-04-15 00:00:00,45000
Daging Ayam,Daging Ayam,kategori,2026-04-16 00:00:00,45000
Daging Ayam,Daging Ayam,kategori,2026-04-17 00:00:00,45000
Daging Ayam,Daging Ayam,kategori,2026-04-20 00:00:00,45000
Daging Ayam,Daging Ayam,kategori,2026-04-21 00:00:00,45000
Daging Ayam,Daging Ayam,kategori,2026-04-22 00:00:00,45000
Daging Ayam,Daging Ayam,kategori,2026-04-23 00:00:00,45000
Daging Ayam,Daging Ayam,kategori,2026-04-24 00:00:00,45000
Daging Ayam,Daging Ayam,kategori,2026-04-27 00:00:00,44250
Daging Ayam,Daging Ayam,kategori,2026-04-28 00:00:00,44250
Daging Ayam,Daging Ayam,kategori,2026-04-29 00:00:00,43000
Daging Ayam,Daging Ayam,kategori,2026-04-30 00:00:00,43000
Daging Ayam,Daging Ayam,kategori,2026-05-01 00:00:00,43000
Daging Ayam,Daging Ayam,kategori,2026-05-04 00:00:00,43000
Daging Ayam,Daging Ayam,kategori,2026-05-05 00:00:00,43000
Daging Ayam,Daging Ayam,kategori,2026-05-06 00:00:00,43000
Daging Ayam,Daging Ayam,kategori,2026-05-07 00:00:00,43000
Daging Ayam,Daging Ayam,kategori,2026-05-08 00:00:00,43000
Daging Ayam,Daging Ayam,kategori,2026-05-11 00:00:00,41750
Daging Ayam,Daging Ayam,kategori,2026-05-12 00:00:00,41750
Daging Ayam,Daging Ayam,kategori,2026-05-13 00:00:00,41750
Daging Ayam,Daging Ayam,kategori,2026-05-14 00:00:00,41750
Daging Ayam,Daging Ayam,kategori,2026-05-15 00:00:00,41750
Daging Ayam,Daging Ayam,kategori,2026-05-18 00:00:00,41750
Daging Ayam,Daging Ayam,kategori,2026-05-19 00:00:00,41750
Daging Ayam,Daging Ayam,kategori,2026-05-20 00:00:00,41750
Daging Ayam,Daging Ayam,kategori,2026-05-21 00:00:00,40500
Daging Ayam,Daging Ayam,kategori,2026-05-22 00:00:00,40500
Daging Ayam,Daging Ayam,kategori,2026-05-25 00:00:00,40500
Daging Ayam,Daging Ayam,kategori,2026-05-26 00:00:00,40500
Daging Ayam,Daging Ayam,kategori,2026-05-27 00:00:00,40500
Daging Ayam,Daging Ayam,kategori,2026-05-28 00:00:00,40500
Daging Ayam,Daging Ayam,kategori,2026-05-29 00:00:00,40500
Daging Ayam,Daging Ayam,kategori,2026-06-01 00:00:00,40500
Daging Ayam,Daging Ayam,kategori,2026-06-02 00:00:00,40500
Daging Ayam,Daging Ayam,kategori,2026-06-03 00:00:00,40500
Daging Ayam,Daging Ayam,kategori,2026-06-04 00:00:00,40500
Daging Ayam,Daging Ayam,kategori,2026-06-05 00:00:00,40500
Daging Ayam,Daging Ayam,kategori,2026-06-08 00:00:00,40500
Daging Ayam,Daging Ayam,kategori,2026-06-09 00:00:00,39750
Daging Ayam,Daging Ayam,kategori,2026-06-10 00:00:00,39750
Daging Ayam,Daging Ayam,kategori,2026-06-11 00:00:00,39750
Daging Ayam,Daging Ayam,kategori,2026-06-12 00:00:00,39500
Daging Ayam,Daging Ayam,kategori,2026-06-15 00:00:00,39500
Daging Ayam,Daging Ayam,kategori,2026-06-16 00:00:00,39500
Daging Ayam,Daging Ayam,kategori,2026-06-17 00:00:00,39500
Daging Ayam,Daging Ayam,kategori,2026-06-18 00:00:00,39500
Daging Ayam,Daging Ayam,kategori,2026-06-19 00:00:00,38250
Daging Ayam,Daging Ayam,kategori,2026-06-22 00:00:00,38250
Daging Ayam,Daging Ayam,kategori,2026-06-23 00:00:00,38250
Daging Ayam,Daging Ayam,kategori,2026-06-24 00:00:00,38250
Daging Ayam,Daging Ayam,kategori,2026-06-25 00:00:00,38250
Daging Ayam,Daging Ayam,kategori,2026-06-26 00:00:00,39500
Daging Ayam,Daging Ayam,kategori,2026-06-29 00:00:00,39500
Daging Ayam,Daging Ayam,kategori,2026-06-30 00:00:00,39500
Daging Ayam,Daging Ayam,kategori,2026-07-01 00:00:00,39500
Daging Ayam,Daging Ayam,kategori,2026-07-02 00:00:00,39500
Daging Ayam,Daging Ayam,kategori,2026-07-03 00:00:00,39500
Daging Ayam,Daging Ayam,kategori,2026-07-06 00:00:00,39500
Daging Ayam,Daging Ayam,kategori,2026-07-07 00:00:00,39500
Daging Ayam,Daging Ayam,kategori,2026-07-08 00:00:00,39500
Daging Ayam,Daging Ayam,kategori,2026-07-09 00:00:00,37000
Daging Ayam,Daging Ayam,kategori,2026-07-10 00:00:00,37000
Daging Ayam,Daging Ayam,kategori,2026-07-13 00:00:00,37000
Daging Ayam,Daging Ayam,kategori,2026-07-14 00:00:00,37000
Daging Ayam,Daging Ayam,kategori,2026-07-15 00:00:00,37000
Daging Ayam,Daging Ayam,kategori,2026-07-16 00:00:00,37000
Daging Ayam,Daging Ayam,kategori,2026-07-17 00:00:00,37000
Daging Ayam,Daging Ayam,kategori,2026-07-20 00:00:00,39000
Daging Ayam,Daging Ayam,kategori,2026-07-21 00:00:00,39000
Daging Ayam,Daging Ayam,kategori,2026-07-22 00:00:00,39000
Daging Ayam,Daging Ayam,kategori,2026-07-23 00:00:00,39500
Daging Ayam,Daging Ayam,kategori,2026-07-24 00:00:00,39500
Daging Ayam,Daging Ayam,kategori,2026-07-27 00:00:00,39500
Daging Ayam,Daging Ayam,kategori,2026-07-28 00:00:00,39500
Daging Ayam,Daging Ayam,kategori,2026-07-29 00:00:00,39500
Daging Ayam,Daging Ayam,kategori,2026-07-30 00:00:00,39500
Daging Ayam,Daging Ayam,kategori,2026-07-31 00:00:00,39500
Daging Ayam,Daging Ayam,kategori,2026-08-03 00:00:00,39500
Daging Ayam,Daging Ayam,kategori,2026-08-04 00:00:00,39500
Daging Ayam,Daging Ayam,kategori,2026-08-05 00:00:00,39500
Daging Ayam,Daging Ayam,kategori,2026-08-06 00:00:00,39500
Daging Ayam,Daging Ayam,kategori,2026-08-07 00:00:00,39500
Daging Ayam,Daging Ayam,kategori,2026-08-10 00:00:00,39500
Daging Ayam,Daging Ayam,kategori,2026-08-11 00:00:00,39500
Daging Ayam,Daging Ayam,kategori,2026-08-12 00:00:00,39500
Daging Ayam,Daging Ayam,kategori,2026-08-13 00:00:00,39500
Daging Ayam,Daging Ayam,kategori,2026-08-14 00:00:00,39500
Daging Ayam,Daging Ayam,kategori,2026-08-17 00:00:00,39500
Daging Ayam,Daging Ayam,kategori,2026-08-18 00:00:00,39500
Daging Ayam,Daging Ayam,kategori,2026-08-19 00:00:00,39500
Daging Ayam,Daging Ayam,kategori,2026-08-20 00:00:00,40000
Daging Ayam,Daging Ayam,kategori,2026-08-21 00:00:00,40000
Daging Ayam,Daging Ayam,kategori,2026-08-24 00:00:00,40000
Daging Ayam,Daging Ayam,kategori,2026-08-25 00:00:00,40000
Daging Ayam,Daging Ayam,kategori,2026-08-26 00:00:00,40000
Daging Ayam,Daging Ayam,kategori,2026-08-27 00:00:00,40000
Daging Ayam,Daging Ayam,kategori,2026-08-28 00:00:00,40000
Daging Ayam,Daging Ayam,kategori,2026-08-31 00:00:00,40000
Daging Ayam,Daging Ayam,kategori,2026-09-01 00:00:00,40000
Daging Ayam,Daging Ayam,kategori,2026-09-02 00:00:00,40000
Daging Ayam,Daging Ayam,kategori,2026-09-03 00:00:00,40000
Daging Ayam,Daging Ayam,kategori,2026-09-04 00:00:00,41250
Daging Ayam,Daging Ayam,kategori,2026-09-07 00:00:00,41250
Daging Ayam,Daging Ayam,kategori,2026-09-08 00:00:00,
Daging Ayam Ras Segar,Daging Ayam,varian,2025-01-01 00:00:00,43000
Daging Ayam Ras Segar,Daging Ayam,varian,2025-01-02 00:00:00,43000
Daging Ayam Ras Segar,Daging Ayam,varian,2025-01-03 00:00:00,43000
Daging Ayam Ras Segar,Daging Ayam,varian,2025-01-06 00:00:00,43750
Daging Ayam Ras Segar,Daging Ayam,varian,2025-01-07 00:00:00,44000
Daging Ayam Ras Segar,Daging Ayam,varian,2025-01-08 00:00:00,44000
Daging Ayam Ras Segar,Daging Ayam,varian,2025-01-09 00:00:00,43500
Daging Ayam Ras Segar,Daging Ayam,varian,2025-01-10 00:00:00,43500
Daging Ayam Ras Segar,Daging Ayam,varian,2025-01-13 00:00:00,43500
Daging Ayam Ras Segar,Daging Ayam,varian,2025-01-14 00:00:00,43500
Daging Ayam Ras Segar,Daging Ayam,varian,2025-01-15 00:00:00,43000
Daging Ayam Ras Segar,Daging Ayam,varian,2025-01-16 00:00:00,43000
Daging Ayam Ras Segar,Daging Ayam,varian,2025-01-17 00:00:00,42250
Daging Ayam Ras Segar,Daging Ayam,varian,2025-01-20 00:00:00,42250
Daging Ayam Ras Segar,Daging Ayam,varian,2025-01-21 00:00:00,42000
Daging Ayam Ras Segar,Daging Ayam,varian,2025-01-22 00:00:00,42000
Daging Ayam Ras Segar,Daging Ayam,varian,2025-01-23 00:00:00,42000
Daging Ayam Ras Segar,Daging Ayam,varian,2025-01-24 00:00:00,42000
Daging Ayam Ras Segar,Daging Ayam,varian,2025-01-27 00:00:00,42000
Daging Ayam Ras Segar,Daging Ayam,varian,2025-01-28 00:00:00,42000
Daging Ayam Ras Segar,Daging Ayam,varian,2025-01-29 00:00:00,42000
Daging Ayam Ras Segar,Daging Ayam,varian,2025-01-30 00:00:00,39750
Daging Ayam Ras Segar,Daging Ayam,varian,2025-01-31 00:00:00,39750
Daging Ayam Ras Segar,Daging Ayam,varian,2025-02-03 00:00:00,39750
Daging Ayam Ras Segar,Daging Ayam,varian,2025-02-04 00:00:00,39000
Daging Ayam Ras Segar,Daging Ayam,varian,2025-02-05 00:00:00,39000
Daging Ayam Ras Segar,Daging Ayam,varian,2025-02-06 00:00:00,39000
Daging Ayam Ras Segar,Daging Ayam,varian,2025-02-07 00:00:00,38500
Daging Ayam Ras Segar,Daging Ayam,varian,2025-02-10 00:00:00,37250
Daging Ayam Ras Segar,Daging Ayam,varian,2025-02-11 00:00:00,36750
Daging Ayam Ras Segar,Daging Ayam,varian,2025-02-12 00:00:00,36750
Daging Ayam Ras Segar,Daging Ayam,varian,2025-02-13 00:00:00,37000
Daging Ayam Ras Segar,Daging Ayam,varian,2025-02-14 00:00:00,37000
Daging Ayam Ras Segar,Daging Ayam,varian,2025-02-17 00:00:00,37000
Daging Ayam Ras Segar,Daging Ayam,varian,2025-02-18 00:00:00,37500
Daging Ayam Ras Segar,Daging Ayam,varian,2025-02-19 00:00:00,37750
Daging Ayam Ras Segar,Daging Ayam,varian,2025-02-20 00:00:00,37750
Daging Ayam Ras Segar,Daging Ayam,varian,2025-02-21 00:00:00,37750
Daging Ayam Ras Segar,Daging Ayam,varian,2025-02-24 00:00:00,37750
Daging Ayam Ras Segar,Daging Ayam,varian,2025-02-25 00:00:00,37750
Daging Ayam Ras Segar,Daging Ayam,varian,2025-02-26 00:00:00,37750
Daging Ayam Ras Segar,Daging Ayam,varian,2025-02-27 00:00:00,37750
Daging Ayam Ras Segar,Daging Ayam,varian,2025-02-28 00:00:00,37750
Daging Ayam Ras Segar,Daging Ayam,varian,2025-03-03 00:00:00,38500
Daging Ayam Ras Segar,Daging Ayam,varian,2025-03-04 00:00:00,38500
Daging Ayam Ras Segar,Daging Ayam,varian,2025-03-05 00:00:00,38750
Daging Ayam Ras Segar,Daging Ayam,varian,2025-03-06 00:00:00,38750
Daging Ayam Ras Segar,Daging Ayam,varian,2025-03-07 00:00:00,38500
Daging Ayam Ras Segar,Daging Ayam,varian,2025-03-10 00:00:00,38500
Daging Ayam Ras Segar,Daging Ayam,varian,2025-03-11 00:00:00,38500
Daging Ayam Ras Segar,Daging Ayam,varian,2025-03-12 00:00:00,38500
Daging Ayam Ras Segar,Daging Ayam,varian,2025-03-13 00:00:00,38500
Daging Ayam Ras Segar,Daging Ayam,varian,2025-03-14 00:00:00,38500
Daging Ayam Ras Segar,Daging Ayam,varian,2025-03-17 00:00:00,38500
Daging Ayam Ras Segar,Daging Ayam,varian,2025-03-18 00:00:00,38500
Daging Ayam Ras Segar,Daging Ayam,varian,2025-03-19 00:00:00,39250
Daging Ayam Ras Segar,Daging Ayam,varian,2025-03-20 00:00:00,39250
Daging Ayam Ras Segar,Daging Ayam,varian,2025-03-21 00:00:00,39250
Daging Ayam Ras Segar,Daging Ayam,varian,2025-03-24 00:00:00,38750
Daging Ayam Ras Segar,Daging Ayam,varian,2025-03-25 00:00:00,38750
Daging Ayam Ras Segar,Daging Ayam,varian,2025-03-26 00:00:00,38750
Daging Ayam Ras Segar,Daging Ayam,varian,2025-03-27 00:00:00,38750
Daging Ayam Ras Segar,Daging Ayam,varian,2025-03-28 00:00:00,38750
Daging Ayam Ras Segar,Daging Ayam,varian,2025-03-31 00:00:00,38750
Daging Ayam Ras Segar,Daging Ayam,varian,2025-04-01 00:00:00,38750
Daging Ayam Ras Segar,Daging Ayam,varian,2025-04-02 00:00:00,38750
Daging Ayam Ras Segar,Daging Ayam,varian,2025-04-03 00:00:00,38750
Daging Ayam Ras Segar,Daging Ayam,varian,2025-04-04 00:00:00,38750
Daging Ayam Ras Segar,Daging Ayam,varian,2025-04-07 00:00:00,38750
Daging Ayam Ras Segar,Daging Ayam,varian,2025-04-08 00:00:00,38750
Daging Ayam Ras Segar,Daging Ayam,varian,2025-04-09 00:00:00,38750
Daging Ayam Ras Segar,Daging Ayam,varian,2025-04-10 00:00:00,38750
Daging Ayam Ras Segar,Daging Ayam,varian,2025-04-11 00:00:00,38750
Daging Ayam Ras Segar,Daging Ayam,varian,2025-04-14 00:00:00,39250
Daging Ayam Ras Segar,Daging Ayam,varian,2025-04-15 00:00:00,39250
Daging Ayam Ras Segar,Daging Ayam,varian,2025-04-16 00:00:00,39250
Daging Ayam Ras Segar,Daging Ayam,varian,2025-04-17 00:00:00,39250
Daging Ayam Ras Segar,Daging Ayam,varian,2025-04-18 00:00:00,39250
Daging Ayam Ras Segar,Daging Ayam,varian,2025-04-21 00:00:00,39250
Daging Ayam Ras Segar,Daging Ayam,varian,2025-04-22 00:00:00,39250
Daging Ayam Ras Segar,Daging Ayam,varian,2025-04-23 00:00:00,39250
Daging Ayam Ras Segar,Daging Ayam,varian,2025-04-24 00:00:00,39250
Daging Ayam Ras Segar,Daging Ayam,varian,2025-04-25 00:00:00,39250
Daging Ayam Ras Segar,Daging Ayam,varian,2025-04-28 00:00:00,38500
Daging Ayam Ras Segar,Daging Ayam,varian,2025-04-29 00:00:00,38500
Daging Ayam Ras Segar,Daging Ayam,varian,2025-04-30 00:00:00,38000
Daging Ayam Ras Segar,Daging Ayam,varian,2025-05-01 00:00:00,38000
Daging Ayam Ras Segar,Daging Ayam,varian,2025-05-02 00:00:00,39000
Daging Ayam Ras Segar,Daging Ayam,varian,2025-05-05 00:00:00,38000
Daging Ayam Ras Segar,Daging Ayam,varian,2025-05-06 00:00:00,38000
Daging Ayam Ras Segar,Daging Ayam,varian,2025-05-07 00:00:00,38000
Daging Ayam Ras Segar,Daging Ayam,varian,2025-05-08 00:00:00,38000
Daging Ayam Ras Segar,Daging Ayam,varian,2025-05-09 00:00:00,38000
Daging Ayam Ras Segar,Daging Ayam,varian,2025-05-12 00:00:00,38000
Daging Ayam Ras Segar,Daging Ayam,varian,2025-05-13 00:00:00,38000
Daging Ayam Ras Segar,Daging Ayam,varian,2025-05-14 00:00:00,38000
Daging Ayam Ras Segar,Daging Ayam,varian,2025-05-15 00:00:00,38000
Daging Ayam Ras Segar,Daging Ayam,varian,2025-05-16 00:00:00,38000
Daging Ayam Ras Segar,Daging Ayam,varian,2025-05-19 00:00:00,38000
Daging Ayam Ras Segar,Daging Ayam,varian,2025-05-20 00:00:00,38000
Daging Ayam Ras Segar,Daging Ayam,varian,2025-05-21 00:00:00,38000
Daging Ayam Ras Segar,Daging Ayam,varian,2025-05-22 00:00:00,37000
Daging Ayam Ras Segar,Daging Ayam,varian,2025-05-23 00:00:00,37000
Daging Ayam Ras Segar,Daging Ayam,varian,2025-05-26 00:00:00,37000
Daging Ayam Ras Segar,Daging Ayam,varian,2025-05-27 00:00:00,37000
Daging Ayam Ras Segar,Daging Ayam,varian,2025-05-28 00:00:00,37000
Daging Ayam Ras Segar,Daging Ayam,varian,2025-05-29 00:00:00,37000
Daging Ayam Ras Segar,Daging Ayam,varian,2025-05-30 00:00:00,37000
Daging Ayam Ras Segar,Daging Ayam,varian,2025-06-02 00:00:00,37000
Daging Ayam Ras Segar,Daging Ayam,varian,2025-06-03 00:00:00,37000
Daging Ayam Ras Segar,Daging Ayam,varian,2025-06-04 00:00:00,37000
Daging Ayam Ras Segar,Daging Ayam,varian,2025-06-05 00:00:00,37000
Daging Ayam Ras Segar,Daging Ayam,varian,2025-06-06 00:00:00,37000
Daging Ayam Ras Segar,Daging Ayam,varian,2025-06-09 00:00:00,37000
Daging Ayam Ras Segar,Daging Ayam,varian,2025-06-10 00:00:00,37000
Daging Ayam Ras Segar,Daging Ayam,varian,2025-06-11 00:00:00,37000
Daging Ayam Ras Segar,Daging Ayam,varian,2025-06-12 00:00:00,36500
Daging Ayam Ras Segar,Daging Ayam,varian,2025-06-13 00:00:00,36500
Daging Ayam Ras Segar,Daging Ayam,varian,2025-06-16 00:00:00,36500
Daging Ayam Ras Segar,Daging Ayam,varian,2025-06-17 00:00:00,36500
Daging Ayam Ras Segar,Daging Ayam,varian,2025-06-18 00:00:00,36500
Daging Ayam Ras Segar,Daging Ayam,varian,2025-06-19 00:00:00,36500
Daging Ayam Ras Segar,Daging Ayam,varian,2025-06-20 00:00:00,36500
Daging Ayam Ras Segar,Daging Ayam,varian,2025-06-23 00:00:00,36500
Daging Ayam Ras Segar,Daging Ayam,varian,2025-06-24 00:00:00,36500
Daging Ayam Ras Segar,Daging Ayam,varian,2025-06-25 00:00:00,36500
Daging Ayam Ras Segar,Daging Ayam,varian,2025-06-26 00:00:00,36500
Daging Ayam Ras Segar,Daging Ayam,varian,2025-06-27 00:00:00,36500
Daging Ayam Ras Segar,Daging Ayam,varian,2025-06-30 00:00:00,36500
Daging Ayam Ras Segar,Daging Ayam,varian,2025-07-01 00:00:00,36500
Daging Ayam Ras Segar,Daging Ayam,varian,2025-07-02 00:00:00,36500
Daging Ayam Ras Segar,Daging Ayam,varian,2025-07-03 00:00:00,37500
Daging Ayam Ras Segar,Daging Ayam,varian,2025-07-04 00:00:00,37500
Daging Ayam Ras Segar,Daging Ayam,varian,2025-07-07 00:00:00,37500
Daging Ayam Ras Segar,Daging Ayam,varian,2025-07-08 00:00:00,37500
Daging Ayam Ras Segar,Daging Ayam,varian,2025-07-09 00:00:00,37500
Daging Ayam Ras Segar,Daging Ayam,varian,2025-07-10 00:00:00,37500
Daging Ayam Ras Segar,Daging Ayam,varian,2025-07-11 00:00:00,37500
Daging Ayam Ras Segar,Daging Ayam,varian,2025-07-14 00:00:00,38000
Daging Ayam Ras Segar,Daging Ayam,varian,2025-07-15 00:00:00,38000
Daging Ayam Ras Segar,Daging Ayam,varian,2025-07-16 00:00:00,38000
Daging Ayam Ras Segar,Daging Ayam,varian,2025-07-17 00:00:00,38500
Daging Ayam Ras Segar,Daging Ayam,varian,2025-07-18 00:00:00,38500
Daging Ayam Ras Segar,Daging Ayam,varian,2025-07-21 00:00:00,38500
Daging Ayam Ras Segar,Daging Ayam,varian,2025-07-22 00:00:00,38500
Daging Ayam Ras Segar,Daging Ayam,varian,2025-07-23 00:00:00,38500
Daging Ayam Ras Segar,Daging Ayam,varian,2025-07-24 00:00:00,38500
Daging Ayam Ras Segar,Daging Ayam,varian,2025-07-25 00:00:00,38500
Daging Ayam Ras Segar,Daging Ayam,varian,2025-07-28 00:00:00,38500
Daging Ayam Ras Segar,Daging Ayam,varian,2025-07-29 00:00:00,37750
Daging Ayam Ras Segar,Daging Ayam,varian,2025-07-30 00:00:00,37750
Daging Ayam Ras Segar,Daging Ayam,varian,2025-07-31 00:00:00,37750
Daging Ayam Ras Segar,Daging Ayam,varian,2025-08-01 00:00:00,37750
Daging Ayam Ras Segar,Daging Ayam,varian,2025-08-04 00:00:00,37750
Daging Ayam Ras Segar,Daging Ayam,varian,2025-08-05 00:00:00,37250
Daging Ayam Ras Segar,Daging Ayam,varian,2025-08-06 00:00:00,37250
Daging Ayam Ras Segar,Daging Ayam,varian,2025-08-07 00:00:00,37250
Daging Ayam Ras Segar,Daging Ayam,varian,2025-08-08 00:00:00,37250
Daging Ayam Ras Segar,Daging Ayam,varian,2025-08-11 00:00:00,37250
Daging Ayam Ras Segar,Daging Ayam,varian,2025-08-12 00:00:00,37250
Daging Ayam Ras Segar,Daging Ayam,varian,2025-08-13 00:00:00,37250
Daging Ayam Ras Segar,Daging Ayam,varian,2025-08-14 00:00:00,37250
Daging Ayam Ras Segar,Daging Ayam,varian,2025-08-15 00:00:00,37250
Daging Ayam Ras Segar,Daging Ayam,varian,2025-08-18 00:00:00,37250
Daging Ayam Ras Segar,Daging Ayam,varian,2025-08-19 00:00:00,37250
Daging Ayam Ras Segar,Daging Ayam,varian,2025-08-20 00:00:00,37250
Daging Ayam Ras Segar,Daging Ayam,varian,2025-08-21 00:00:00,37250
Daging Ayam Ras Segar,Daging Ayam,varian,2025-08-22 00:00:00,37250
Daging Ayam Ras Segar,Daging Ayam,varian,2025-08-25 00:00:00,37250
Daging Ayam Ras Segar,Daging Ayam,varian,2025-08-26 00:00:00,37250
Daging Ayam Ras Segar,Daging Ayam,varian,2025-08-27 00:00:00,37250
Daging Ayam Ras Segar,Daging Ayam,varian,2025-08-28 00:00:00,37250
Daging Ayam Ras Segar,Daging Ayam,varian,2025-08-29 00:00:00,37250
Daging Ayam Ras Segar,Daging Ayam,varian,2025-09-01 00:00:00,36750
Daging Ayam Ras Segar,Daging Ayam,varian,2025-09-02 00:00:00,36500
Daging Ayam Ras Segar,Daging Ayam,varian,2025-09-03 00:00:00,36500
Daging Ayam Ras Segar,Daging Ayam,varian,2025-09-04 00:00:00,36500
Daging Ayam Ras Segar,Daging Ayam,varian,2025-09-05 00:00:00,36500
Daging Ayam Ras Segar,Daging Ayam,varian,2025-09-08 00:00:00,36500
Daging Ayam Ras Segar,Daging Ayam,varian,2025-09-09 00:00:00,36500
Daging Ayam Ras Segar,Daging Ayam,varian,2025-09-10 00:00:00,36500
Daging Ayam Ras Segar,Daging Ayam,varian,2025-09-11 00:00:00,36500
Daging Ayam Ras Segar,Daging Ayam,varian,2025-09-12 00:00:00,36500
Daging Ayam Ras Segar,Daging Ayam,varian,2025-09-15 00:00:00,37750
Daging Ayam Ras Segar,Daging Ayam,varian,2025-09-16 00:00:00,37750
Daging Ayam Ras Segar,Daging Ayam,varian,2025-09-17 00:00:00,37750
Daging Ayam Ras Segar,Daging Ayam,varian,2025-09-18 00:00:00,37750
Daging Ayam Ras Segar,Daging Ayam,varian,2025-09-19 00:00:00,37750
Daging Ayam Ras Segar,Daging Ayam,varian,2025-09-22 00:00:00,37750
Daging Ayam Ras Segar,Daging Ayam,varian,2025-09-23 00:00:00,37750
Daging Ayam Ras Segar,Daging Ayam,varian,2025-09-24 00:00:00,37750
Daging Ayam Ras Segar,Daging Ayam,varian,2025-09-25 00:00:00,37750
Daging Ayam Ras Segar,Daging Ayam,varian,2025-09-26 00:00:00,37750
Daging Ayam Ras Segar,Daging Ayam,varian,2025-09-29 00:00:00,37750
Daging Ayam Ras Segar,Daging Ayam,varian,2025-09-30 00:00:00,37750
Daging Ayam Ras Segar,Daging Ayam,varian,2025-10-01 00:00:00,37750
Daging Ayam Ras Segar,Daging Ayam,varian,2025-10-02 00:00:00,37750
Daging Ayam Ras Segar,Daging Ayam,varian,2025-10-03 00:00:00,37750
Daging Ayam Ras Segar,Daging Ayam,varian,2025-10-06 00:00:00,37250
Daging Ayam Ras Segar,Daging Ayam,varian,2025-10-07 00:00:00,37250
Daging Ayam Ras Segar,Daging Ayam,varian,2025-10-08 00:00:00,37250
Daging Ayam Ras Segar,Daging Ayam,varian,2025-10-09 00:00:00,37250
Daging Ayam Ras Segar,Daging Ayam,varian,2025-10-10 00:00:00,37250
Daging Ayam Ras Segar,Daging Ayam,varian,2025-10-13 00:00:00,37250
Daging Ayam Ras Segar,Daging Ayam,varian,2025-10-14 00:00:00,37250
Daging Ayam Ras Segar,Daging Ayam,varian,2025-10-15 00:00:00,37250
Daging Ayam Ras Segar,Daging Ayam,varian,2025-10-16 00:00:00,38250
Daging Ayam Ras Segar,Daging Ayam,varian,2025-10-17 00:00:00,38250
Daging Ayam Ras Segar,Daging Ayam,varian,2025-10-20 00:00:00,38250
Daging Ayam Ras Segar,Daging Ayam,varian,2025-10-21 00:00:00,38250
Daging Ayam Ras Segar,Daging Ayam,varian,2025-10-22 00:00:00,38250
Daging Ayam Ras Segar,Daging Ayam,varian,2025-10-23 00:00:00,38250
Daging Ayam Ras Segar,Daging Ayam,varian,2025-10-24 00:00:00,38250
Daging Ayam Ras Segar,Daging Ayam,varian,2025-10-27 00:00:00,38000
Daging Ayam Ras Segar,Daging Ayam,varian,2025-10-28 00:00:00,38000
Daging Ayam Ras Segar,Daging Ayam,varian,2025-10-29 00:00:00,38000
Daging Ayam Ras Segar,Daging Ayam,varian,2025-10-30 00:00:00,38000
Daging Ayam Ras Segar,Daging Ayam,varian,2025-10-31 00:00:00,38000
Daging Ayam Ras Segar,Daging Ayam,varian,2025-11-03 00:00:00,38000
Daging Ayam Ras Segar,Daging Ayam,varian,2025-11-04 00:00:00,38000
Daging Ayam Ras Segar,Daging Ayam,varian,2025-11-05 00:00:00,38000
Daging Ayam Ras Segar,Daging Ayam,varian,2025-11-06 00:00:00,38000
Daging Ayam Ras Segar,Daging Ayam,varian,2025-11-07 00:00:00,38000
Daging Ayam Ras Segar,Daging Ayam,varian,2025-11-10 00:00:00,38000
Daging Ayam Ras Segar,Daging Ayam,varian,2025-11-11 00:00:00,38000
Daging Ayam Ras Segar,Daging Ayam,varian,2025-11-12 00:00:00,38000
Daging Ayam Ras Segar,Daging Ayam,varian,2025-11-13 00:00:00,39250
Daging Ayam Ras Segar,Daging Ayam,varian,2025-11-14 00:00:00,39250
Daging Ayam Ras Segar,Daging Ayam,varian,2025-11-17 00:00:00,39250
Daging Ayam Ras Segar,Daging Ayam,varian,2025-11-18 00:00:00,41250
Daging Ayam Ras Segar,Daging Ayam,varian,2025-11-19 00:00:00,41250
Daging Ayam Ras Segar,Daging Ayam,varian,2025-11-20 00:00:00,41250
Daging Ayam Ras Segar,Daging Ayam,varian,2025-11-21 00:00:00,41250
Daging Ayam Ras Segar,Daging Ayam,varian,2025-11-24 00:00:00,42250
Daging Ayam Ras Segar,Daging Ayam,varian,2025-11-25 00:00:00,43750
Daging Ayam Ras Segar,Daging Ayam,varian,2025-11-26 00:00:00,43750
Daging Ayam Ras Segar,Daging Ayam,varian,2025-11-27 00:00:00,45000
Daging Ayam Ras Segar,Daging Ayam,varian,2025-11-28 00:00:00,45000
Daging Ayam Ras Segar,Daging Ayam,varian,2025-12-01 00:00:00,47000
Daging Ayam Ras Segar,Daging Ayam,varian,2025-12-02 00:00:00,47000
Daging Ayam Ras Segar,Daging Ayam,varian,2025-12-03 00:00:00,47000
Daging Ayam Ras Segar,Daging Ayam,varian,2025-12-04 00:00:00,47750
Daging Ayam Ras Segar,Daging Ayam,varian,2025-12-05 00:00:00,47750
Daging Ayam Ras Segar,Daging Ayam,varian,2025-12-08 00:00:00,47750
Daging Ayam Ras Segar,Daging Ayam,varian,2025-12-09 00:00:00,47000
Daging Ayam Ras Segar,Daging Ayam,varian,2025-12-10 00:00:00,47000
Daging Ayam Ras Segar,Daging Ayam,varian,2025-12-11 00:00:00,47000
Daging Ayam Ras Segar,Daging Ayam,varian,2025-12-12 00:00:00,47000
Daging Ayam Ras Segar,Daging Ayam,varian,2025-12-15 00:00:00,47000
Daging Ayam Ras Segar,Daging Ayam,varian,2025-12-16 00:00:00,47000
Daging Ayam Ras Segar,Daging Ayam,varian,2025-12-17 00:00:00,47250
Daging Ayam Ras Segar,Daging Ayam,varian,2025-12-18 00:00:00,47250
Daging Ayam Ras Segar,Daging Ayam,varian,2025-12-19 00:00:00,47250
Daging Ayam Ras Segar,Daging Ayam,varian,2025-12-22 00:00:00,47250
Daging Ayam Ras Segar,Daging Ayam,varian,2025-12-23 00:00:00,47250
Daging Ayam Ras Segar,Daging Ayam,varian,2025-12-24 00:00:00,47250
Daging Ayam Ras Segar,Daging Ayam,varian,2025-12-25 00:00:00,47250
Daging Ayam Ras Segar,Daging Ayam,varian,2025-12-26 00:00:00,47250
Daging Ayam Ras Segar,Daging Ayam,varian,2025-12-29 00:00:00,47250
Daging Ayam Ras Segar,Daging Ayam,varian,2025-12-30 00:00:00,47250
Daging Ayam Ras Segar,Daging Ayam,varian,2025-12-31 00:00:00,47250
Daging Ayam Ras Segar,Daging Ayam,varian,2026-01-01 00:00:00,47250
Daging Ayam Ras Segar,Daging Ayam,varian,2026-01-02 00:00:00,47250
Daging Ayam Ras Segar,Daging Ayam,varian,2026-01-05 00:00:00,47000
Daging Ayam Ras Segar,Daging Ayam,varian,2026-01-06 00:00:00,46500
Daging Ayam Ras Segar,Daging Ayam,varian,2026-01-07 00:00:00,46500
Daging Ayam Ras Segar,Daging Ayam,varian,2026-01-08 00:00:00,46000
Daging Ayam Ras Segar,Daging Ayam,varian,2026-01-09 00:00:00,46000
Daging Ayam Ras Segar,Daging Ayam,varian,2026-01-12 00:00:00,46000
Daging Ayam Ras Segar,Daging Ayam,varian,2026-01-13 00:00:00,46000
Daging Ayam Ras Segar,Daging Ayam,varian,2026-01-14 00:00:00,46000
Daging Ayam Ras Segar,Daging Ayam,varian,2026-01-15 00:00:00,46000
Daging Ayam Ras Segar,Daging Ayam,varian,2026-01-16 00:00:00,46000
Daging Ayam Ras Segar,Daging Ayam,varian,2026-01-19 00:00:00,46000
Daging Ayam Ras Segar,Daging Ayam,varian,2026-01-20 00:00:00,45250
Daging Ayam Ras Segar,Daging Ayam,varian,2026-01-21 00:00:00,44500
Daging Ayam Ras Segar,Daging Ayam,varian,2026-01-22 00:00:00,44500
Daging Ayam Ras Segar,Daging Ayam,varian,2026-01-23 00:00:00,44500
Daging Ayam Ras Segar,Daging Ayam,varian,2026-01-26 00:00:00,44500
Daging Ayam Ras Segar,Daging Ayam,varian,2026-01-27 00:00:00,44500
Daging Ayam Ras Segar,Daging Ayam,varian,2026-01-28 00:00:00,43000
Daging Ayam Ras Segar,Daging Ayam,varian,2026-01-29 00:00:00,43000
Daging Ayam Ras Segar,Daging Ayam,varian,2026-01-30 00:00:00,42750
Daging Ayam Ras Segar,Daging Ayam,varian,2026-02-02 00:00:00,42750
Daging Ayam Ras Segar,Daging Ayam,varian,2026-02-03 00:00:00,42750
Daging Ayam Ras Segar,Daging Ayam,varian,2026-02-04 00:00:00,42750
Daging Ayam Ras Segar,Daging Ayam,varian,2026-02-05 00:00:00,42750
Daging Ayam Ras Segar,Daging Ayam,varian,2026-02-06 00:00:00,42750
Daging Ayam Ras Segar,Daging Ayam,varian,2026-02-09 00:00:00,42750
Daging Ayam Ras Segar,Daging Ayam,varian,2026-02-10 00:00:00,42500
Daging Ayam Ras Segar,Daging Ayam,varian,2026-02-11 00:00:00,42500
Daging Ayam Ras Segar,Daging Ayam,varian,2026-02-12 00:00:00,42500
Daging Ayam Ras Segar,Daging Ayam,varian,2026-02-13 00:00:00,42500
Daging Ayam Ras Segar,Daging Ayam,varian,2026-02-16 00:00:00,42500
Daging Ayam Ras Segar,Daging Ayam,varian,2026-02-17 00:00:00,42500
Daging Ayam Ras Segar,Daging Ayam,varian,2026-02-18 00:00:00,42500
Daging Ayam Ras Segar,Daging Ayam,varian,2026-02-19 00:00:00,42500
Daging Ayam Ras Segar,Daging Ayam,varian,2026-02-20 00:00:00,42500
Daging Ayam Ras Segar,Daging Ayam,varian,2026-02-23 00:00:00,42500
Daging Ayam Ras Segar,Daging Ayam,varian,2026-02-24 00:00:00,42500
Daging Ayam Ras Segar,Daging Ayam,varian,2026-02-25 00:00:00,42500
Daging Ayam Ras Segar,Daging Ayam,varian,2026-02-26 00:00:00,42500
Daging Ayam Ras Segar,Daging Ayam,varian,2026-02-27 00:00:00,42500
Daging Ayam Ras Segar,Daging Ayam,varian,2026-03-02 00:00:00,42500
Daging Ayam Ras Segar,Daging Ayam,varian,2026-03-03 00:00:00,42500
Daging Ayam Ras Segar,Daging Ayam,varian,2026-03-04 00:00:00,42500
Daging Ayam Ras Segar,Daging Ayam,varian,2026-03-05 00:00:00,42500
Daging Ayam Ras Segar,Daging Ayam,varian,2026-03-06 00:00:00,42500
Daging Ayam Ras Segar,Daging Ayam,varian,2026-03-09 00:00:00,42000
Daging Ayam Ras Segar,Daging Ayam,varian,2026-03-10 00:00:00,42000
Daging Ayam Ras Segar,Daging Ayam,varian,2026-03-11 00:00:00,42000
Daging Ayam Ras Segar,Daging Ayam,varian,2026-03-12 00:00:00,41750
Daging Ayam Ras Segar,Daging Ayam,varian,2026-03-13 00:00:00,41750
Daging Ayam Ras Segar,Daging Ayam,varian,2026-03-16 00:00:00,42500
Daging Ayam Ras Segar,Daging Ayam,varian,2026-03-17 00:00:00,42500
Daging Ayam Ras Segar,Daging Ayam,varian,2026-03-18 00:00:00,42500
Daging Ayam Ras Segar,Daging Ayam,varian,2026-03-19 00:00:00,42500
Daging Ayam Ras Segar,Daging Ayam,varian,2026-03-20 00:00:00,42500
Daging Ayam Ras Segar,Daging Ayam,varian,2026-03-23 00:00:00,42500
Daging Ayam Ras Segar,Daging Ayam,varian,2026-03-24 00:00:00,42500
Daging Ayam Ras Segar,Daging Ayam,varian,2026-03-25 00:00:00,42500
Daging Ayam Ras Segar,Daging Ayam,varian,2026-03-26 00:00:00,42500
Daging Ayam Ras Segar,Daging Ayam,varian,2026-03-27 00:00:00,42500
Daging Ayam Ras Segar,Daging Ayam,varian,2026-03-30 00:00:00,43750
Daging Ayam Ras Segar,Daging Ayam,varian,2026-03-31 00:00:00,45000
Daging Ayam Ras Segar,Daging Ayam,varian,2026-04-01 00:00:00,45000
Daging Ayam Ras Segar,Daging Ayam,varian,2026-04-02 00:00:00,45000
Daging Ayam Ras Segar,Daging Ayam,varian,2026-04-03 00:00:00,45000
Daging Ayam Ras Segar,Daging Ayam,varian,2026-04-06 00:00:00,45000
Daging Ayam Ras Segar,Daging Ayam,varian,2026-04-07 00:00:00,45000
Daging Ayam Ras Segar,Daging Ayam,varian,2026-04-08 00:00:00,44500
Daging Ayam Ras Segar,Daging Ayam,varian,2026-04-09 00:00:00,44500
Daging Ayam Ras Segar,Daging Ayam,varian,2026-04-10 00:00:00,45000
Daging Ayam Ras Segar,Daging Ayam,varian,2026-04-13 00:00:00,45000
Daging Ayam Ras Segar,Daging Ayam,varian,2026-04-14 00:00:00,45000
Daging Ayam Ras Segar,Daging Ayam,varian,2026-04-15 00:00:00,45000
Daging Ayam Ras Segar,Daging Ayam,varian,2026-04-16 00:00:00,45000
Daging Ayam Ras Segar,Daging Ayam,varian,2026-04-17 00:00:00,45000
Daging Ayam Ras Segar,Daging Ayam,varian,2026-04-20 00:00:00,45000
Daging Ayam Ras Segar,Daging Ayam,varian,2026-04-21 00:00:00,45000
Daging Ayam Ras Segar,Daging Ayam,varian,2026-04-22 00:00:00,45000
Daging Ayam Ras Segar,Daging Ayam,varian,2026-04-23 00:00:00,45000
Daging Ayam Ras Segar,Daging Ayam,varian,2026-04-24 00:00:00,45000
Daging Ayam Ras Segar,Daging Ayam,varian,2026-04-27 00:00:00,44250
Daging Ayam Ras Segar,Daging Ayam,varian,2026-04-28 00:00:00,44250
Daging Ayam Ras Segar,Daging Ayam,varian,2026-04-29 00:00:00,43000
Daging Ayam Ras Segar,Daging Ayam,varian,2026-04-30 00:00:00,43000
Daging Ayam Ras Segar,Daging Ayam,varian,2026-05-01 00:00:00,43000
Daging Ayam Ras Segar,Daging Ayam,varian,2026-05-04 00:00:00,43000
Daging Ayam Ras Segar,Daging Ayam,varian,2026-05-05 00:00:00,43000
Daging Ayam Ras Segar,Daging Ayam,varian,2026-05-06 00:00:00,43000
Daging Ayam Ras Segar,Daging Ayam,varian,2026-05-07 00:00:00,43000
Daging Ayam Ras Segar,Daging Ayam,varian,2026-05-08 00:00:00,43000
Daging Ayam Ras Segar,Daging Ayam,varian,2026-05-11 00:00:00,41750
Daging Ayam Ras Segar,Daging Ayam,varian,2026-05-12 00:00:00,41750
Daging Ayam Ras Segar,Daging Ayam,varian,2026-05-13 00:00:00,41750
Daging Ayam Ras Segar,Daging Ayam,varian,2026-05-14 00:00:00,41750
Daging Ayam Ras Segar,Daging Ayam,varian,2026-05-15 00:00:00,41750
Daging Ayam Ras Segar,Daging Ayam,varian,2026-05-18 00:00:00,41750
Daging Ayam Ras Segar,Daging Ayam,varian,2026-05-19 00:00:00,41750
Daging Ayam Ras Segar,Daging Ayam,varian,2026-05-20 00:00:00,41750
Daging Ayam Ras Segar,Daging Ayam,varian,2026-05-21 00:00:00,40500
Daging Ayam Ras Segar,Daging Ayam,varian,2026-05-22 00:00:00,40500
Daging Ayam Ras Segar,Daging Ayam,varian,2026-05-25 00:00:00,40500
Daging Ayam Ras Segar,Daging Ayam,varian,2026-05-26 00:00:00,40500
Daging Ayam Ras Segar,Daging Ayam,varian,2026-05-27 00:00:00,40500
Daging Ayam Ras Segar,Daging Ayam,varian,2026-05-28 00:00:00,40500
Daging Ayam Ras Segar,Daging Ayam,varian,2026-05-29 00:00:00,40500
Daging Ayam Ras Segar,Daging Ayam,varian,2026-06-01 00:00:00,40500
Daging Ayam Ras Segar,Daging Ayam,varian,2026-06-02 00:00:00,40500
Daging Ayam Ras Segar,Daging Ayam,varian,2026-06-03 00:00:00,40500
Daging Ayam Ras Segar,Daging Ayam,varian,2026-06-04 00:00:00,40500
Daging Ayam Ras Segar,Daging Ayam,varian,2026-06-05 00:00:00,40500
Daging Ayam Ras Segar,Daging Ayam,varian,2026-06-08 00:00:00,40500
Daging Ayam Ras Segar,Daging Ayam,varian,2026-06-09 00:00:00,39750
Daging Ayam Ras Segar,Daging Ayam,varian,2026-06-10 00:00:00,39750
Daging Ayam Ras Segar,Daging Ayam,varian,2026-06-11 00:00:00,39750
Daging Ayam Ras Segar,Daging Ayam,varian,2026-06-12 00:00:00,39500
Daging Ayam Ras Segar,Daging Ayam,varian,2026-06-15 00:00:00,39500
Daging Ayam Ras Segar,Daging Ayam,varian,2026-06-16 00:00:00,39500
Daging Ayam Ras Segar,Daging Ayam,varian,2026-06-17 00:00:00,39500
Daging Ayam Ras Segar,Daging Ayam,varian,2026-06-18 00:00:00,39500
Daging Ayam Ras Segar,Daging Ayam,varian,2026-06-19 00:00:00,38250
Daging Ayam Ras Segar,Daging Ayam,varian,2026-06-22 00:00:00,38250
Daging Ayam Ras Segar,Daging Ayam,varian,2026-06-23 00:00:00,38250
Daging Ayam Ras Segar,Daging Ayam,varian,2026-06-24 00:00:00,38250
Daging Ayam Ras Segar,Daging Ayam,varian,2026-06-25 00:00:00,38250
Daging Ayam Ras Segar,Daging Ayam,varian,2026-06-26 00:00:00,39500
Daging Ayam Ras Segar,Daging Ayam,varian,2026-06-29 00:00:00,39500
Daging Ayam Ras Segar,Daging Ayam,varian,2026-06-30 00:00:00,39500
Daging Ayam Ras Segar,Daging Ayam,varian,2026-07-01 00:00:00,39500
Daging Ayam Ras Segar,Daging Ayam,varian,2026-07-02 00:00:00,39500
Daging Ayam Ras Segar,Daging Ayam,varian,2026-07-03 00:00:00,39500
Daging Ayam Ras Segar,Daging Ayam,varian,2026-07-06 00:00:00,39500
Daging Ayam Ras Segar,Daging Ayam,varian,2026-07-07 00:00:00,39500
Daging Ayam Ras Segar,Daging Ayam,varian,2026-07-08 00:00:00,39500
Daging Ayam Ras Segar,Daging Ayam,varian,2026-07-09 00:00:00,37000
Daging Ayam Ras Segar,Daging Ayam,varian,2026-07-10 00:00:00,37000
Daging Ayam Ras Segar,Daging Ayam,varian,2026-07-13 00:00:00,37000
Daging Ayam Ras Segar,Daging Ayam,varian,2026-07-14 00:00:00,37000
Daging Ayam Ras Segar,Daging Ayam,varian,2026-07-15 00:00:00,37000
Daging Ayam Ras Segar,Daging Ayam,varian,2026-07-16 00:00:00,37000
Daging Ayam Ras Segar,Daging Ayam,varian,2026-07-17 00:00:00,37000
Daging Ayam Ras Segar,Daging Ayam,varian,2026-07-20 00:00:00,39000
Daging Ayam Ras Segar,Daging Ayam,varian,2026-07-21 00:00:00,39000
Daging Ayam Ras Segar,Daging Ayam,varian,2026-07-22 00:00:00,39000
Daging Ayam Ras Segar,Daging Ayam,varian,2026-07-23 00:00:00,39500
Daging Ayam Ras Segar,Daging Ayam,varian,2026-07-24 00:00:00,39500
Daging Ayam Ras Segar,Daging Ayam,varian,2026-07-27 00:00:00,39500
Daging Ayam Ras Segar,Daging Ayam,varian,2026-07-28 00:00:00,39500
Daging Ayam Ras Segar,Daging Ayam,varian,2026-07-29 00:00:00,39500
Daging Ayam Ras Segar,Daging Ayam,varian,2026-07-30 00:00:00,39500
Daging Ayam Ras Segar,Daging Ayam,varian,2026-07-31 00:00:00,39500
Daging Ayam Ras Segar,Daging Ayam,varian,2026-08-03 00:00:00,39500
Daging Ayam Ras Segar,Daging Ayam,varian,2026-08-04 00:00:00,39500
Daging Ayam Ras Segar,Daging Ayam,varian,2026-08-05 00:00:00,39500
Daging Ayam Ras Segar,Daging Ayam,varian,2026-08-06 00:00:00,39500
Daging Ayam Ras Segar,Daging Ayam,varian,2026-08-07 00:00:00,39500
Daging Ayam Ras Segar,Daging Ayam,varian,2026-08-10 00:00:00,39500
Daging Ayam Ras Segar,Daging Ayam,varian,2026-08-11 00:00:00,39500
Daging Ayam Ras Segar,Daging Ayam,varian,2026-08-12 00:00:00,39500
Daging Ayam Ras Segar,Daging Ayam,varian,2026-08-13 00:00:00,39500
Daging Ayam Ras Segar,Daging Ayam,varian,2026-08-14 00:00:00,39500
Daging Ayam Ras Segar,Daging Ayam,varian,2026-08-17 00:00:00,39500
Daging Ayam Ras Segar,Daging Ayam,varian,2026-08-18 00:00:00,39500
Daging Ayam Ras Segar,Daging Ayam,varian,2026-08-19 00:00:00,39500
Daging Ayam Ras Segar,Daging Ayam,varian,2026-08-20 00:00:00,40000
Daging Ayam Ras Segar,Daging Ayam,varian,2026-08-21 00:00:00,40000
Daging Ayam Ras Segar,Daging Ayam,varian,2026-08-24 00:00:00,40000
Daging Ayam Ras Segar,Daging Ayam,varian,2026-08-25 00:00:00,40000
Daging Ayam Ras Segar,Daging Ayam,varian,2026-08-26 00:00:00,40000
Daging Ayam Ras Segar,Daging Ayam,varian,2026-08-27 00:00:00,40000
Daging Ayam Ras Segar,Daging Ayam,varian,2026-08-28 00:00:00,40000
Daging Ayam Ras Segar,Daging Ayam,varian,2026-08-31 00:00:00,40000
Daging Ayam Ras Segar,Daging Ayam,varian,2026-09-01 00:00:00,40000
Daging Ayam Ras Segar,Daging Ayam,varian,2026-09-02 00:00:00,40000
Daging Ayam Ras Segar,Daging Ayam,varian,2026-09-03 00:00:00,40000
Daging Ayam Ras Segar,Daging Ayam,varian,2026-09-04 00:00:00,41250
Daging Ayam Ras Segar,Daging Ayam,varian,2026-09-07 00:00:00,41250
Daging Ayam Ras Segar,Daging Ayam,varian,2026-09-08 00:00:00,41250
Daging Sapi,Daging Sapi,kategori,2025-01-01 00:00:00,127500
Daging Sapi,Daging Sapi,kategori,2025-01-02 00:00:00,127500
Daging Sapi,Daging Sapi,kategori,2025-01-03 00:00:00,127500
Daging Sapi,Daging Sapi,kategori,2025-01-06 00:00:00,127500
Daging Sapi,Daging Sapi,kategori,2025-01-07 00:00:00,127500
Daging Sapi,Daging Sapi,kategori,2025-01-08 00:00:00,127500
Daging Sapi,Daging Sapi,kategori,2025-01-09 00:00:00,127500
Daging Sapi,Daging Sapi,kategori,2025-01-10 00:00:00,127500
Daging Sapi,Daging Sapi,kategori,2025-01-13 00:00:00,127500
Daging Sapi,Daging Sapi,kategori,2025-01-14 00:00:00,127500
Daging Sapi,Daging Sapi,kategori,2025-01-15 00:00:00,127500
Daging Sapi,Daging Sapi,kategori,2025-01-16 00:00:00,127500
Daging Sapi,Daging Sapi,kategori,2025-01-17 00:00:00,127500
Daging Sapi,Daging Sapi,kategori,2025-01-20 00:00:00,127500
Daging Sapi,Daging Sapi,kategori,2025-01-21 00:00:00,127500
Daging Sapi,Daging Sapi,kategori,2025-01-22 00:00:00,127500
Daging Sapi,Daging Sapi,kategori,2025-01-23 00:00:00,127500
Daging Sapi,Daging Sapi,kategori,2025-01-24 00:00:00,127500
Daging Sapi,Daging Sapi,kategori,2025-01-27 00:00:00,127500
Daging Sapi,Daging Sapi,kategori,2025-01-28 00:00:00,127500
Daging Sapi,Daging Sapi,kategori,2025-01-29 00:00:00,127500
Daging Sapi,Daging Sapi,kategori,2025-01-30 00:00:00,127500
Daging Sapi,Daging Sapi,kategori,2025-01-31 00:00:00,127500
Daging Sapi,Daging Sapi,kategori,2025-02-03 00:00:00,127500
Daging Sapi,Daging Sapi,kategori,2025-02-04 00:00:00,127500
Daging Sapi,Daging Sapi,kategori,2025-02-05 00:00:00,127500
Daging Sapi,Daging Sapi,kategori,2025-02-06 00:00:00,127500
Daging Sapi,Daging Sapi,kategori,2025-02-07 00:00:00,127500
Daging Sapi,Daging Sapi,kategori,2025-02-10 00:00:00,127500
Daging Sapi,Daging Sapi,kategori,2025-02-11 00:00:00,127500
Daging Sapi,Daging Sapi,kategori,2025-02-12 00:00:00,127500
Daging Sapi,Daging Sapi,kategori,2025-02-13 00:00:00,128150
Daging Sapi,Daging Sapi,kategori,2025-02-14 00:00:00,128150
Daging Sapi,Daging Sapi,kategori,2025-02-17 00:00:00,128150
Daging Sapi,Daging Sapi,kategori,2025-02-18 00:00:00,128150
Daging Sapi,Daging Sapi,kategori,2025-02-19 00:00:00,128150
Daging Sapi,Daging Sapi,kategori,2025-02-20 00:00:00,128150
Daging Sapi,Daging Sapi,kategori,2025-02-21 00:00:00,128150
Daging Sapi,Daging Sapi,kategori,2025-02-24 00:00:00,128150
Daging Sapi,Daging Sapi,kategori,2025-02-25 00:00:00,128150
Daging Sapi,Daging Sapi,kategori,2025-02-26 00:00:00,128150
Daging Sapi,Daging Sapi,kategori,2025-02-27 00:00:00,128150
Daging Sapi,Daging Sapi,kategori,2025-02-28 00:00:00,128150
Daging Sapi,Daging Sapi,kategori,2025-03-03 00:00:00,128150
Daging Sapi,Daging Sapi,kategori,2025-03-04 00:00:00,128150
Daging Sapi,Daging Sapi,kategori,2025-03-05 00:00:00,128150
Daging Sapi,Daging Sapi,kategori,2025-03-06 00:00:00,128150
Daging Sapi,Daging Sapi,kategori,2025-03-07 00:00:00,128150
Daging Sapi,Daging Sapi,kategori,2025-03-10 00:00:00,128150
Daging Sapi,Daging Sapi,kategori,2025-03-11 00:00:00,128150
Daging Sapi,Daging Sapi,kategori,2025-03-12 00:00:00,128150
Daging Sapi,Daging Sapi,kategori,2025-03-13 00:00:00,128150
Daging Sapi,Daging Sapi,kategori,2025-03-14 00:00:00,128150
Daging Sapi,Daging Sapi,kategori,2025-03-17 00:00:00,128150
Daging Sapi,Daging Sapi,kategori,2025-03-18 00:00:00,128150
Daging Sapi,Daging Sapi,kategori,2025-03-19 00:00:00,128150
Daging Sapi,Daging Sapi,kategori,2025-03-20 00:00:00,128150
Daging Sapi,Daging Sapi,kategori,2025-03-21 00:00:00,128150
Daging Sapi,Daging Sapi,kategori,2025-03-24 00:00:00,128150
Daging Sapi,Daging Sapi,kategori,2025-03-25 00:00:00,128150
Daging Sapi,Daging Sapi,kategori,2025-03-26 00:00:00,128150
Daging Sapi,Daging Sapi,kategori,2025-03-27 00:00:00,128150
Daging Sapi,Daging Sapi,kategori,2025-03-28 00:00:00,128150
Daging Sapi,Daging Sapi,kategori,2025-03-31 00:00:00,128150
Daging Sapi,Daging Sapi,kategori,2025-04-01 00:00:00,128150
Daging Sapi,Daging Sapi,kategori,2025-04-02 00:00:00,128150
Daging Sapi,Daging Sapi,kategori,2025-04-03 00:00:00,128150
Daging Sapi,Daging Sapi,kategori,2025-04-04 00:00:00,128150
Daging Sapi,Daging Sapi,kategori,2025-04-07 00:00:00,128150
Daging Sapi,Daging Sapi,kategori,2025-04-08 00:00:00,128150
Daging Sapi,Daging Sapi,kategori,2025-04-09 00:00:00,128150
Daging Sapi,Daging Sapi,kategori,2025-04-10 00:00:00,128150
Daging Sapi,Daging Sapi,kategori,2025-04-11 00:00:00,128150
Daging Sapi,Daging Sapi,kategori,2025-04-14 00:00:00,128150
Daging Sapi,Daging Sapi,kategori,2025-04-15 00:00:00,126900
Daging Sapi,Daging Sapi,kategori,2025-04-16 00:00:00,126900
Daging Sapi,Daging Sapi,kategori,2025-04-17 00:00:00,126900
Daging Sapi,Daging Sapi,kategori,2025-04-18 00:00:00,126900
Daging Sapi,Daging Sapi,kategori,2025-04-21 00:00:00,126900
Daging Sapi,Daging Sapi,kategori,2025-04-22 00:00:00,126900
Daging Sapi,Daging Sapi,kategori,2025-04-23 00:00:00,126900
Daging Sapi,Daging Sapi,kategori,2025-04-24 00:00:00,126900
Daging Sapi,Daging Sapi,kategori,2025-04-25 00:00:00,126900
Daging Sapi,Daging Sapi,kategori,2025-04-28 00:00:00,126900
Daging Sapi,Daging Sapi,kategori,2025-04-29 00:00:00,126900
Daging Sapi,Daging Sapi,kategori,2025-04-30 00:00:00,126900
Daging Sapi,Daging Sapi,kategori,2025-05-01 00:00:00,126900
Daging Sapi,Daging Sapi,kategori,2025-05-02 00:00:00,126900
Daging Sapi,Daging Sapi,kategori,2025-05-05 00:00:00,126900
Daging Sapi,Daging Sapi,kategori,2025-05-06 00:00:00,126900
Daging Sapi,Daging Sapi,kategori,2025-05-07 00:00:00,125650
Daging Sapi,Daging Sapi,kategori,2025-05-08 00:00:00,125650
Daging Sapi,Daging Sapi,kategori,2025-05-09 00:00:00,125650
Daging Sapi,Daging Sapi,kategori,2025-05-12 00:00:00,125650
Daging Sapi,Daging Sapi,kategori,2025-05-13 00:00:00,125650
Daging Sapi,Daging Sapi,kategori,2025-05-14 00:00:00,125650
Daging Sapi,Daging Sapi,kategori,2025-05-15 00:00:00,125650
Daging Sapi,Daging Sapi,kategori,2025-05-16 00:00:00,125650
Daging Sapi,Daging Sapi,kategori,2025-05-19 00:00:00,125650
Daging Sapi,Daging Sapi,kategori,2025-05-20 00:00:00,125650
Daging Sapi,Daging Sapi,kategori,2025-05-21 00:00:00,125650
Daging Sapi,Daging Sapi,kategori,2025-05-22 00:00:00,125650
Daging Sapi,Daging Sapi,kategori,2025-05-23 00:00:00,125650
Daging Sapi,Daging Sapi,kategori,2025-05-26 00:00:00,125650
Daging Sapi,Daging Sapi,kategori,2025-05-27 00:00:00,125650
Daging Sapi,Daging Sapi,kategori,2025-05-28 00:00:00,125650
Daging Sapi,Daging Sapi,kategori,2025-05-29 00:00:00,125650
Daging Sapi,Daging Sapi,kategori,2025-05-30 00:00:00,125650
Daging Sapi,Daging Sapi,kategori,2025-06-02 00:00:00,125650
Daging Sapi,Daging Sapi,kategori,2025-06-03 00:00:00,125650
Daging Sapi,Daging Sapi,kategori,2025-06-04 00:00:00,125650
Daging Sapi,Daging Sapi,kategori,2025-06-05 00:00:00,125650
Daging Sapi,Daging Sapi,kategori,2025-06-06 00:00:00,125650
Daging Sapi,Daging Sapi,kategori,2025-06-09 00:00:00,125650
Daging Sapi,Daging Sapi,kategori,2025-06-10 00:00:00,125650
Daging Sapi,Daging Sapi,kategori,2025-06-11 00:00:00,125650
Daging Sapi,Daging Sapi,kategori,2025-06-12 00:00:00,125650
Daging Sapi,Daging Sapi,kategori,2025-06-13 00:00:00,125650
Daging Sapi,Daging Sapi,kategori,2025-06-16 00:00:00,125650
Daging Sapi,Daging Sapi,kategori,2025-06-17 00:00:00,125650
Daging Sapi,Daging Sapi,kategori,2025-06-18 00:00:00,125650
Daging Sapi,Daging Sapi,kategori,2025-06-19 00:00:00,125650
Daging Sapi,Daging Sapi,kategori,2025-06-20 00:00:00,125650
Daging Sapi,Daging Sapi,kategori,2025-06-23 00:00:00,125650
Daging Sapi,Daging Sapi,kategori,2025-06-24 00:00:00,125650
Daging Sapi,Daging Sapi,kategori,2025-06-25 00:00:00,125650
Daging Sapi,Daging Sapi,kategori,2025-06-26 00:00:00,125650
Daging Sapi,Daging Sapi,kategori,2025-06-27 00:00:00,125650
Daging Sapi,Daging Sapi,kategori,2025-06-30 00:00:00,126250
Daging Sapi,Daging Sapi,kategori,2025-07-01 00:00:00,126250
Daging Sapi,Daging Sapi,kategori,2025-07-02 00:00:00,126250
Daging Sapi,Daging Sapi,kategori,2025-07-03 00:00:00,126250
Daging Sapi,Daging Sapi,kategori,2025-07-04 00:00:00,126250
Daging Sapi,Daging Sapi,kategori,2025-07-07 00:00:00,128150
Daging Sapi,Daging Sapi,kategori,2025-07-08 00:00:00,128150
Daging Sapi,Daging Sapi,kategori,2025-07-09 00:00:00,128150
Daging Sapi,Daging Sapi,kategori,2025-07-10 00:00:00,128150
Daging Sapi,Daging Sapi,kategori,2025-07-11 00:00:00,128150
Daging Sapi,Daging Sapi,kategori,2025-07-14 00:00:00,128750
Daging Sapi,Daging Sapi,kategori,2025-07-15 00:00:00,128750
Daging Sapi,Daging Sapi,kategori,2025-07-16 00:00:00,128750
Daging Sapi,Daging Sapi,kategori,2025-07-17 00:00:00,128750
Daging Sapi,Daging Sapi,kategori,2025-07-18 00:00:00,128750
Daging Sapi,Daging Sapi,kategori,2025-07-21 00:00:00,128750
Daging Sapi,Daging Sapi,kategori,2025-07-22 00:00:00,128750
Daging Sapi,Daging Sapi,kategori,2025-07-23 00:00:00,128750
Daging Sapi,Daging Sapi,kategori,2025-07-24 00:00:00,128750
Daging Sapi,Daging Sapi,kategori,2025-07-25 00:00:00,128750
Daging Sapi,Daging Sapi,kategori,2025-07-28 00:00:00,128750
Daging Sapi,Daging Sapi,kategori,2025-07-29 00:00:00,128750
Daging Sapi,Daging Sapi,kategori,2025-07-30 00:00:00,128750
Daging Sapi,Daging Sapi,kategori,2025-07-31 00:00:00,127500
Daging Sapi,Daging Sapi,kategori,2025-08-01 00:00:00,127500
Daging Sapi,Daging Sapi,kategori,2025-08-04 00:00:00,127500
Daging Sapi,Daging Sapi,kategori,2025-08-05 00:00:00,127500
Daging Sapi,Daging Sapi,kategori,2025-08-06 00:00:00,127500
Daging Sapi,Daging Sapi,kategori,2025-08-07 00:00:00,127500
Daging Sapi,Daging Sapi,kategori,2025-08-08 00:00:00,127500
Daging Sapi,Daging Sapi,kategori,2025-08-11 00:00:00,127500
Daging Sapi,Daging Sapi,kategori,2025-08-12 00:00:00,127500
Daging Sapi,Daging Sapi,kategori,2025-08-13 00:00:00,127500
Daging Sapi,Daging Sapi,kategori,2025-08-14 00:00:00,127500
Daging Sapi,Daging Sapi,kategori,2025-08-15 00:00:00,127500
Daging Sapi,Daging Sapi,kategori,2025-08-18 00:00:00,127500
Daging Sapi,Daging Sapi,kategori,2025-08-19 00:00:00,127500
Daging Sapi,Daging Sapi,kategori,2025-08-20 00:00:00,127500
Daging Sapi,Daging Sapi,kategori,2025-08-21 00:00:00,127500
Daging Sapi,Daging Sapi,kategori,2025-08-22 00:00:00,127500
Daging Sapi,Daging Sapi,kategori,2025-08-25 00:00:00,127500
Daging Sapi,Daging Sapi,kategori,2025-08-26 00:00:00,127500
Daging Sapi,Daging Sapi,kategori,2025-08-27 00:00:00,127500
Daging Sapi,Daging Sapi,kategori,2025-08-28 00:00:00,127500
Daging Sapi,Daging Sapi,kategori,2025-08-29 00:00:00,127500
Daging Sapi,Daging Sapi,kategori,2025-09-01 00:00:00,127500
Daging Sapi,Daging Sapi,kategori,2025-09-02 00:00:00,127500
Daging Sapi,Daging Sapi,kategori,2025-09-03 00:00:00,127500
Daging Sapi,Daging Sapi,kategori,2025-09-04 00:00:00,127500
Daging Sapi,Daging Sapi,kategori,2025-09-05 00:00:00,127500
Daging Sapi,Daging Sapi,kategori,2025-09-08 00:00:00,127500
Daging Sapi,Daging Sapi,kategori,2025-09-09 00:00:00,127500
Daging Sapi,Daging Sapi,kategori,2025-09-10 00:00:00,127500
Daging Sapi,Daging Sapi,kategori,2025-09-11 00:00:00,127500
Daging Sapi,Daging Sapi,kategori,2025-09-12 00:00:00,127500
Daging Sapi,Daging Sapi,kategori,2025-09-15 00:00:00,127500
Daging Sapi,Daging Sapi,kategori,2025-09-16 00:00:00,127500
Daging Sapi,Daging Sapi,kategori,2025-09-17 00:00:00,127500
Daging Sapi,Daging Sapi,kategori,2025-09-18 00:00:00,127500
Daging Sapi,Daging Sapi,kategori,2025-09-19 00:00:00,127500
Daging Sapi,Daging Sapi,kategori,2025-09-22 00:00:00,127500
Daging Sapi,Daging Sapi,kategori,2025-09-23 00:00:00,127500
Daging Sapi,Daging Sapi,kategori,2025-09-24 00:00:00,127500
Daging Sapi,Daging Sapi,kategori,2025-09-25 00:00:00,127500
Daging Sapi,Daging Sapi,kategori,2025-09-26 00:00:00,127500
Daging Sapi,Daging Sapi,kategori,2025-09-29 00:00:00,127500
Daging Sapi,Daging Sapi,kategori,2025-09-30 00:00:00,127500
Daging Sapi,Daging Sapi,kategori,2025-10-01 00:00:00,127500
Daging Sapi,Daging Sapi,kategori,2025-10-02 00:00:00,127500
Daging Sapi,Daging Sapi,kategori,2025-10-03 00:00:00,127500
Daging Sapi,Daging Sapi,kategori,2025-10-06 00:00:00,127500
Daging Sapi,Daging Sapi,kategori,2025-10-07 00:00:00,127500
Daging Sapi,Daging Sapi,kategori,2025-10-08 00:00:00,127500
Daging Sapi,Daging Sapi,kategori,2025-10-09 00:00:00,127500
Daging Sapi,Daging Sapi,kategori,2025-10-10 00:00:00,127500
Daging Sapi,Daging Sapi,kategori,2025-10-13 00:00:00,127500
Daging Sapi,Daging Sapi,kategori,2025-10-14 00:00:00,127500
Daging Sapi,Daging Sapi,kategori,2025-10-15 00:00:00,127500
Daging Sapi,Daging Sapi,kategori,2025-10-16 00:00:00,127500
Daging Sapi,Daging Sapi,kategori,2025-10-17 00:00:00,127500
Daging Sapi,Daging Sapi,kategori,2025-10-20 00:00:00,127500
Daging Sapi,Daging Sapi,kategori,2025-10-21 00:00:00,127500
Daging Sapi,Daging Sapi,kategori,2025-10-22 00:00:00,127500
Daging Sapi,Daging Sapi,kategori,2025-10-23 00:00:00,127500
Daging Sapi,Daging Sapi,kategori,2025-10-24 00:00:00,127500
Daging Sapi,Daging Sapi,kategori,2025-10-27 00:00:00,127500
Daging Sapi,Daging Sapi,kategori,2025-10-28 00:00:00,127500
Daging Sapi,Daging Sapi,kategori,2025-10-29 00:00:00,127500
Daging Sapi,Daging Sapi,kategori,2025-10-30 00:00:00,127500
Daging Sapi,Daging Sapi,kategori,2025-10-31 00:00:00,127500
Daging Sapi,Daging Sapi,kategori,2025-11-03 00:00:00,127500
Daging Sapi,Daging Sapi,kategori,2025-11-04 00:00:00,127500
Daging Sapi,Daging Sapi,kategori,2025-11-05 00:00:00,127500
Daging Sapi,Daging Sapi,kategori,2025-11-06 00:00:00,127500
Daging Sapi,Daging Sapi,kategori,2025-11-07 00:00:00,127500
Daging Sapi,Daging Sapi,kategori,2025-11-10 00:00:00,127500
Daging Sapi,Daging Sapi,kategori,2025-11-11 00:00:00,127500
Daging Sapi,Daging Sapi,kategori,2025-11-12 00:00:00,127500
Daging Sapi,Daging Sapi,kategori,2025-11-13 00:00:00,127500
Daging Sapi,Daging Sapi,kategori,2025-11-14 00:00:00,127500
Daging Sapi,Daging Sapi,kategori,2025-11-17 00:00:00,127500
Daging Sapi,Daging Sapi,kategori,2025-11-18 00:00:00,127500
Daging Sapi,Daging Sapi,kategori,2025-11-19 00:00:00,127500
Daging Sapi,Daging Sapi,kategori,2025-11-20 00:00:00,127500
Daging Sapi,Daging Sapi,kategori,2025-11-21 00:00:00,127500
Daging Sapi,Daging Sapi,kategori,2025-11-24 00:00:00,127500
Daging Sapi,Daging Sapi,kategori,2025-11-25 00:00:00,127500
Daging Sapi,Daging Sapi,kategori,2025-11-26 00:00:00,127500
Daging Sapi,Daging Sapi,kategori,2025-11-27 00:00:00,127500
Daging Sapi,Daging Sapi,kategori,2025-11-28 00:00:00,127500
Daging Sapi,Daging Sapi,kategori,2025-12-01 00:00:00,127500
Daging Sapi,Daging Sapi,kategori,2025-12-02 00:00:00,127500
Daging Sapi,Daging Sapi,kategori,2025-12-03 00:00:00,127500
Daging Sapi,Daging Sapi,kategori,2025-12-04 00:00:00,128750
Daging Sapi,Daging Sapi,kategori,2025-12-05 00:00:00,128750
Daging Sapi,Daging Sapi,kategori,2025-12-08 00:00:00,128750
Daging Sapi,Daging Sapi,kategori,2025-12-09 00:00:00,128750
Daging Sapi,Daging Sapi,kategori,2025-12-10 00:00:00,129400
Daging Sapi,Daging Sapi,kategori,2025-12-11 00:00:00,129400
Daging Sapi,Daging Sapi,kategori,2025-12-12 00:00:00,129400
Daging Sapi,Daging Sapi,kategori,2025-12-15 00:00:00,129400
Daging Sapi,Daging Sapi,kategori,2025-12-16 00:00:00,129400
Daging Sapi,Daging Sapi,kategori,2025-12-17 00:00:00,129400
Daging Sapi,Daging Sapi,kategori,2025-12-18 00:00:00,129400
Daging Sapi,Daging Sapi,kategori,2025-12-19 00:00:00,129400
Daging Sapi,Daging Sapi,kategori,2025-12-22 00:00:00,129400
Daging Sapi,Daging Sapi,kategori,2025-12-23 00:00:00,129400
Daging Sapi,Daging Sapi,kategori,2025-12-24 00:00:00,131250
Daging Sapi,Daging Sapi,kategori,2025-12-25 00:00:00,131250
Daging Sapi,Daging Sapi,kategori,2025-12-26 00:00:00,131250
Daging Sapi,Daging Sapi,kategori,2025-12-29 00:00:00,130000
Daging Sapi,Daging Sapi,kategori,2025-12-30 00:00:00,130000
Daging Sapi,Daging Sapi,kategori,2025-12-31 00:00:00,136250
Daging Sapi,Daging Sapi,kategori,2026-01-01 00:00:00,136250
Daging Sapi,Daging Sapi,kategori,2026-01-02 00:00:00,136250
Daging Sapi,Daging Sapi,kategori,2026-01-05 00:00:00,132500
Daging Sapi,Daging Sapi,kategori,2026-01-06 00:00:00,132500
Daging Sapi,Daging Sapi,kategori,2026-01-07 00:00:00,132500
Daging Sapi,Daging Sapi,kategori,2026-01-08 00:00:00,132500
Daging Sapi,Daging Sapi,kategori,2026-01-09 00:00:00,132500
Daging Sapi,Daging Sapi,kategori,2026-01-12 00:00:00,132500
Daging Sapi,Daging Sapi,kategori,2026-01-13 00:00:00,132500
Daging Sapi,Daging Sapi,kategori,2026-01-14 00:00:00,132500
Daging Sapi,Daging Sapi,kategori,2026-01-15 00:00:00,132500
Daging Sapi,Daging Sapi,kategori,2026-01-16 00:00:00,132500
Daging Sapi,Daging Sapi,kategori,2026-01-19 00:00:00,132500
Daging Sapi,Daging Sapi,kategori,2026-01-20 00:00:00,132500
Daging Sapi,Daging Sapi,kategori,2026-01-21 00:00:00,132500
Daging Sapi,Daging Sapi,kategori,2026-01-22 00:00:00,132500
Daging Sapi,Daging Sapi,kategori,2026-01-23 00:00:00,132500
Daging Sapi,Daging Sapi,kategori,2026-01-26 00:00:00,132500
Daging Sapi,Daging Sapi,kategori,2026-01-27 00:00:00,132500
Daging Sapi,Daging Sapi,kategori,2026-01-28 00:00:00,132500
Daging Sapi,Daging Sapi,kategori,2026-01-29 00:00:00,132500
Daging Sapi,Daging Sapi,kategori,2026-01-30 00:00:00,132500
Daging Sapi,Daging Sapi,kategori,2026-02-02 00:00:00,132500
Daging Sapi,Daging Sapi,kategori,2026-02-03 00:00:00,132500
Daging Sapi,Daging Sapi,kategori,2026-02-04 00:00:00,132500
Daging Sapi,Daging Sapi,kategori,2026-02-05 00:00:00,132500
Daging Sapi,Daging Sapi,kategori,2026-02-06 00:00:00,132500
Daging Sapi,Daging Sapi,kategori,2026-02-09 00:00:00,132500
Daging Sapi,Daging Sapi,kategori,2026-02-10 00:00:00,132500
Daging Sapi,Daging Sapi,kategori,2026-02-11 00:00:00,132500
Daging Sapi,Daging Sapi,kategori,2026-02-12 00:00:00,132500
Daging Sapi,Daging Sapi,kategori,2026-02-13 00:00:00,132500
Daging Sapi,Daging Sapi,kategori,2026-02-16 00:00:00,132500
Daging Sapi,Daging Sapi,kategori,2026-02-17 00:00:00,132500
Daging Sapi,Daging Sapi,kategori,2026-02-18 00:00:00,132500
Daging Sapi,Daging Sapi,kategori,2026-02-19 00:00:00,132500
Daging Sapi,Daging Sapi,kategori,2026-02-20 00:00:00,132500
Daging Sapi,Daging Sapi,kategori,2026-02-23 00:00:00,132500
Daging Sapi,Daging Sapi,kategori,2026-02-24 00:00:00,132500
Daging Sapi,Daging Sapi,kategori,2026-02-25 00:00:00,132500
Daging Sapi,Daging Sapi,kategori,2026-02-26 00:00:00,132500
Daging Sapi,Daging Sapi,kategori,2026-02-27 00:00:00,132500
Daging Sapi,Daging Sapi,kategori,2026-03-02 00:00:00,132500
Daging Sapi,Daging Sapi,kategori,2026-03-03 00:00:00,132500
Daging Sapi,Daging Sapi,kategori,2026-03-04 00:00:00,132500
Daging Sapi,Daging Sapi,kategori,2026-03-05 00:00:00,132500
Daging Sapi,Daging Sapi,kategori,2026-03-06 00:00:00,132500
Daging Sapi,Daging Sapi,kategori,2026-03-09 00:00:00,132500
Daging Sapi,Daging Sapi,kategori,2026-03-10 00:00:00,135000
Daging Sapi,Daging Sapi,kategori,2026-03-11 00:00:00,132500
Daging Sapi,Daging Sapi,kategori,2026-03-12 00:00:00,135000
Daging Sapi,Daging Sapi,kategori,2026-03-13 00:00:00,135000
Daging Sapi,Daging Sapi,kategori,2026-03-16 00:00:00,135000
Daging Sapi,Daging Sapi,kategori,2026-03-17 00:00:00,140000
Daging Sapi,Daging Sapi,kategori,2026-03-18 00:00:00,140000
Daging Sapi,Daging Sapi,kategori,2026-03-19 00:00:00,140000
Daging Sapi,Daging Sapi,kategori,2026-03-20 00:00:00,140000
Daging Sapi,Daging Sapi,kategori,2026-03-23 00:00:00,140000
Daging Sapi,Daging Sapi,kategori,2026-03-24 00:00:00,140000
Daging Sapi,Daging Sapi,kategori,2026-03-25 00:00:00,140000
Daging Sapi,Daging Sapi,kategori,2026-03-26 00:00:00,140000
Daging Sapi,Daging Sapi,kategori,2026-03-27 00:00:00,140000
Daging Sapi,Daging Sapi,kategori,2026-03-30 00:00:00,140000
Daging Sapi,Daging Sapi,kategori,2026-03-31 00:00:00,140000
Daging Sapi,Daging Sapi,kategori,2026-04-01 00:00:00,140000
Daging Sapi,Daging Sapi,kategori,2026-04-02 00:00:00,140000
Daging Sapi,Daging Sapi,kategori,2026-04-03 00:00:00,140000
Daging Sapi,Daging Sapi,kategori,2026-04-06 00:00:00,140000
Daging Sapi,Daging Sapi,kategori,2026-04-07 00:00:00,140000
Daging Sapi,Daging Sapi,kategori,2026-04-08 00:00:00,140000
Daging Sapi,Daging Sapi,kategori,2026-04-09 00:00:00,140000
Daging Sapi,Daging Sapi,kategori,2026-04-10 00:00:00,140000
Daging Sapi,Daging Sapi,kategori,2026-04-13 00:00:00,140000
Daging Sapi,Daging Sapi,kategori,2026-04-14 00:00:00,140000
Daging Sapi,Daging Sapi,kategori,2026-04-15 00:00:00,140000
Daging Sapi,Daging Sapi,kategori,2026-04-16 00:00:00,140000
Daging Sapi,Daging Sapi,kategori,2026-04-17 00:00:00,140000
Daging Sapi,Daging Sapi,kategori,2026-04-20 00:00:00,140000
Daging Sapi,Daging Sapi,kategori,2026-04-21 00:00:00,140000
Daging Sapi,Daging Sapi,kategori,2026-04-22 00:00:00,140000
Daging Sapi,Daging Sapi,kategori,2026-04-23 00:00:00,140000
Daging Sapi,Daging Sapi,kategori,2026-04-24 00:00:00,140000
Daging Sapi,Daging Sapi,kategori,2026-04-27 00:00:00,140000
Daging Sapi,Daging Sapi,kategori,2026-04-28 00:00:00,140000
Daging Sapi,Daging Sapi,kategori,2026-04-29 00:00:00,140000
Daging Sapi,Daging Sapi,kategori,2026-04-30 00:00:00,140000
Daging Sapi,Daging Sapi,kategori,2026-05-01 00:00:00,140000
Daging Sapi,Daging Sapi,kategori,2026-05-04 00:00:00,140000
Daging Sapi,Daging Sapi,kategori,2026-05-05 00:00:00,140000
Daging Sapi,Daging Sapi,kategori,2026-05-06 00:00:00,140000
Daging Sapi,Daging Sapi,kategori,2026-05-07 00:00:00,140000
Daging Sapi,Daging Sapi,kategori,2026-05-08 00:00:00,140000
Daging Sapi,Daging Sapi,kategori,2026-05-11 00:00:00,140000
Daging Sapi,Daging Sapi,kategori,2026-05-12 00:00:00,140000
Daging Sapi,Daging Sapi,kategori,2026-05-13 00:00:00,140000
Daging Sapi,Daging Sapi,kategori,2026-05-14 00:00:00,140000
Daging Sapi,Daging Sapi,kategori,2026-05-15 00:00:00,140000
Daging Sapi,Daging Sapi,kategori,2026-05-18 00:00:00,140000
Daging Sapi,Daging Sapi,kategori,2026-05-19 00:00:00,140000
Daging Sapi,Daging Sapi,kategori,2026-05-20 00:00:00,140000
Daging Sapi,Daging Sapi,kategori,2026-05-21 00:00:00,140000
Daging Sapi,Daging Sapi,kategori,2026-05-22 00:00:00,140000
Daging Sapi,Daging Sapi,kategori,2026-05-25 00:00:00,140000
Daging Sapi,Daging Sapi,kategori,2026-05-26 00:00:00,140000
Daging Sapi,Daging Sapi,kategori,2026-05-27 00:00:00,140000
Daging Sapi,Daging Sapi,kategori,2026-05-28 00:00:00,140000
Daging Sapi,Daging Sapi,kategori,2026-05-29 00:00:00,140000
Daging Sapi,Daging Sapi,kategori,2026-06-01 00:00:00,140000
Daging Sapi,Daging Sapi,kategori,2026-06-02 00:00:00,140000
Daging Sapi,Daging Sapi,kategori,2026-06-03 00:00:00,140000
Daging Sapi,Daging Sapi,kategori,2026-06-04 00:00:00,140000
Daging Sapi,Daging Sapi,kategori,2026-06-05 00:00:00,140000
Daging Sapi,Daging Sapi,kategori,2026-06-08 00:00:00,140000
Daging Sapi,Daging Sapi,kategori,2026-06-09 00:00:00,140000
Daging Sapi,Daging Sapi,kategori,2026-06-10 00:00:00,140000
Daging Sapi,Daging Sapi,kategori,2026-06-11 00:00:00,140000
Daging Sapi,Daging Sapi,kategori,2026-06-12 00:00:00,140000
Daging Sapi,Daging Sapi,kategori,2026-06-15 00:00:00,140000
Daging Sapi,Daging Sapi,kategori,2026-06-16 00:00:00,140000
Daging Sapi,Daging Sapi,kategori,2026-06-17 00:00:00,140000
Daging Sapi,Daging Sapi,kategori,2026-06-18 00:00:00,145000
Daging Sapi,Daging Sapi,kategori,2026-06-19 00:00:00,145000
Daging Sapi,Daging Sapi,kategori,2026-06-22 00:00:00,145000
Daging Sapi,Daging Sapi,kategori,2026-06-23 00:00:00,145000
Daging Sapi,Daging Sapi,kategori,2026-06-24 00:00:00,145000
Daging Sapi,Daging Sapi,kategori,2026-06-25 00:00:00,145000
Daging Sapi,Daging Sapi,kategori,2026-06-26 00:00:00,145000
Daging Sapi,Daging Sapi,kategori,2026-06-29 00:00:00,145000
Daging Sapi,Daging Sapi,kategori,2026-06-30 00:00:00,145000
Daging Sapi,Daging Sapi,kategori,2026-07-01 00:00:00,145000
Daging Sapi,Daging Sapi,kategori,2026-07-02 00:00:00,145000
Daging Sapi,Daging Sapi,kategori,2026-07-03 00:00:00,145000
Daging Sapi,Daging Sapi,kategori,2026-07-06 00:00:00,145000
Daging Sapi,Daging Sapi,kategori,2026-07-07 00:00:00,145000
Daging Sapi,Daging Sapi,kategori,2026-07-08 00:00:00,145000
Daging Sapi,Daging Sapi,kategori,2026-07-09 00:00:00,145000
Daging Sapi,Daging Sapi,kategori,2026-07-10 00:00:00,145000
Daging Sapi,Daging Sapi,kategori,2026-07-13 00:00:00,145000
Daging Sapi,Daging Sapi,kategori,2026-07-14 00:00:00,145000
Daging Sapi,Daging Sapi,kategori,2026-07-15 00:00:00,145000
Daging Sapi,Daging Sapi,kategori,2026-07-16 00:00:00,145000
Daging Sapi,Daging Sapi,kategori,2026-07-17 00:00:00,145000
Daging Sapi,Daging Sapi,kategori,2026-07-20 00:00:00,145000
Daging Sapi,Daging Sapi,kategori,2026-07-21 00:00:00,145000
Daging Sapi,Daging Sapi,kategori,2026-07-22 00:00:00,150000
Daging Sapi,Daging Sapi,kategori,2026-07-23 00:00:00,150000
Daging Sapi,Daging Sapi,kategori,2026-07-24 00:00:00,150000
Daging Sapi,Daging Sapi,kategori,2026-07-27 00:00:00,147500
Daging Sapi,Daging Sapi,kategori,2026-07-28 00:00:00,147500
Daging Sapi,Daging Sapi,kategori,2026-07-29 00:00:00,147500
Daging Sapi,Daging Sapi,kategori,2026-07-30 00:00:00,147500
Daging Sapi,Daging Sapi,kategori,2026-07-31 00:00:00,147500
Daging Sapi,Daging Sapi,kategori,2026-08-03 00:00:00,147500
Daging Sapi,Daging Sapi,kategori,2026-08-04 00:00:00,147500
Daging Sapi,Daging Sapi,kategori,2026-08-05 00:00:00,147500
Daging Sapi,Daging Sapi,kategori,2026-08-06 00:00:00,147500
Daging Sapi,Daging Sapi,kategori,2026-08-07 00:00:00,147500
Daging Sapi,Daging Sapi,kategori,2026-08-10 00:00:00,147500
Daging Sapi,Daging Sapi,kategori,2026-08-11 00:00:00,147500
Daging Sapi,Daging Sapi,kategori,2026-08-12 00:00:00,147500
Daging Sapi,Daging Sapi,kategori,2026-08-13 00:00:00,147500
Daging Sapi,Daging Sapi,kategori,2026-08-14 00:00:00,147500
Daging Sapi,Daging Sapi,kategori,2026-08-17 00:00:00,147500
Daging Sapi,Daging Sapi,kategori,2026-08-18 00:00:00,147500
Daging Sapi,Daging Sapi,kategori,2026-08-19 00:00:00,147500
Daging Sapi,Daging Sapi,kategori,2026-08-20 00:00:00,147500
Daging Sapi,Daging Sapi,kategori,2026-08-21 00:00:00,147500
Daging Sapi,Daging Sapi,kategori,2026-08-24 00:00:00,147500
Daging Sapi,Daging Sapi,kategori,2026-08-25 00:00:00,147500
Daging Sapi,Daging Sapi,kategori,2026-08-26 00:00:00,147500
Daging Sapi,Daging Sapi,kategori,2026-08-27 00:00:00,147500
Daging Sapi,Daging Sapi,kategori,2026-08-28 00:00:00,147500
Daging Sapi,Daging Sapi,kategori,2026-08-31 00:00:00,147500
Daging Sapi,Daging Sapi,kategori,2026-09-01 00:00:00,147500
Daging Sapi,Daging Sapi,kategori,2026-09-02 00:00:00,147500
Daging Sapi,Daging Sapi,kategori,2026-09-03 00:00:00,147500
Daging Sapi,Daging Sapi,kategori,2026-09-04 00:00:00,147500
Daging Sapi,Daging Sapi,kategori,2026-09-07 00:00:00,147500
Daging Sapi,Daging Sapi,kategori,2026-09-08 00:00:00,
Daging Sapi Kualitas 1,Daging Sapi,varian,2025-01-01 00:00:00,127500
Daging Sapi Kualitas 1,Daging Sapi,varian,2025-01-02 00:00:00,127500
Daging Sapi Kualitas 1,Daging Sapi,varian,2025-01-03 00:00:00,127500
Daging Sapi Kualitas 1,Daging Sapi,varian,2025-01-06 00:00:00,127500
Daging Sapi Kualitas 1,Daging Sapi,varian,2025-01-07 00:00:00,127500
Daging Sapi Kualitas 1,Daging Sapi,varian,2025-01-08 00:00:00,127500
Daging Sapi Kualitas 1,Daging Sapi,varian,2025-01-09 00:00:00,127500
Daging Sapi Kualitas 1,Daging Sapi,varian,2025-01-10 00:00:00,127500
Daging Sapi Kualitas 1,Daging Sapi,varian,2025-01-13 00:00:00,127500
Daging Sapi Kualitas 1,Daging Sapi,varian,2025-01-14 00:00:00,127500
Daging Sapi Kualitas 1,Daging Sapi,varian,2025-01-15 00:00:00,127500
Daging Sapi Kualitas 1,Daging Sapi,varian,2025-01-16 00:00:00,127500
Daging Sapi Kualitas 1,Daging Sapi,varian,2025-01-17 00:00:00,127500
Daging Sapi Kualitas 1,Daging Sapi,varian,2025-01-20 00:00:00,127500
Daging Sapi Kualitas 1,Daging Sapi,varian,2025-01-21 00:00:00,127500
Daging Sapi Kualitas 1,Daging Sapi,varian,2025-01-22 00:00:00,127500
Daging Sapi Kualitas 1,Daging Sapi,varian,2025-01-23 00:00:00,127500
Daging Sapi Kualitas 1,Daging Sapi,varian,2025-01-24 00:00:00,127500
Daging Sapi Kualitas 1,Daging Sapi,varian,2025-01-27 00:00:00,127500
Daging Sapi Kualitas 1,Daging Sapi,varian,2025-01-28 00:00:00,127500
Daging Sapi Kualitas 1,Daging Sapi,varian,2025-01-29 00:00:00,127500
Daging Sapi Kualitas 1,Daging Sapi,varian,2025-01-30 00:00:00,127500
Daging Sapi Kualitas 1,Daging Sapi,varian,2025-01-31 00:00:00,127500
Daging Sapi Kualitas 1,Daging Sapi,varian,2025-02-03 00:00:00,127500
Daging Sapi Kualitas 1,Daging Sapi,varian,2025-02-04 00:00:00,127500
Daging Sapi Kualitas 1,Daging Sapi,varian,2025-02-05 00:00:00,127500
Daging Sapi Kualitas 1,Daging Sapi,varian,2025-02-06 00:00:00,127500
Daging Sapi Kualitas 1,Daging Sapi,varian,2025-02-07 00:00:00,127500
Daging Sapi Kualitas 1,Daging Sapi,varian,2025-02-10 00:00:00,127500
Daging Sapi Kualitas 1,Daging Sapi,varian,2025-02-11 00:00:00,127500
Daging Sapi Kualitas 1,Daging Sapi,varian,2025-02-12 00:00:00,127500
Daging Sapi Kualitas 1,Daging Sapi,varian,2025-02-13 00:00:00,128750
Daging Sapi Kualitas 1,Daging Sapi,varian,2025-02-14 00:00:00,128750
Daging Sapi Kualitas 1,Daging Sapi,varian,2025-02-17 00:00:00,128750
Daging Sapi Kualitas 1,Daging Sapi,varian,2025-02-18 00:00:00,128750
Daging Sapi Kualitas 1,Daging Sapi,varian,2025-02-19 00:00:00,128750
Daging Sapi Kualitas 1,Daging Sapi,varian,2025-02-20 00:00:00,128750
Daging Sapi Kualitas 1,Daging Sapi,varian,2025-02-21 00:00:00,128750
Daging Sapi Kualitas 1,Daging Sapi,varian,2025-02-24 00:00:00,128750
Daging Sapi Kualitas 1,Daging Sapi,varian,2025-02-25 00:00:00,128750
Daging Sapi Kualitas 1,Daging Sapi,varian,2025-02-26 00:00:00,128750
Daging Sapi Kualitas 1,Daging Sapi,varian,2025-02-27 00:00:00,128750
Daging Sapi Kualitas 1,Daging Sapi,varian,2025-02-28 00:00:00,128750
Daging Sapi Kualitas 1,Daging Sapi,varian,2025-03-03 00:00:00,128750
Daging Sapi Kualitas 1,Daging Sapi,varian,2025-03-04 00:00:00,128750
Daging Sapi Kualitas 1,Daging Sapi,varian,2025-03-05 00:00:00,128750
Daging Sapi Kualitas 1,Daging Sapi,varian,2025-03-06 00:00:00,128750
Daging Sapi Kualitas 1,Daging Sapi,varian,2025-03-07 00:00:00,128750
Daging Sapi Kualitas 1,Daging Sapi,varian,2025-03-10 00:00:00,128750
Daging Sapi Kualitas 1,Daging Sapi,varian,2025-03-11 00:00:00,128750
Daging Sapi Kualitas 1,Daging Sapi,varian,2025-03-12 00:00:00,128750
Daging Sapi Kualitas 1,Daging Sapi,varian,2025-03-13 00:00:00,128750
Daging Sapi Kualitas 1,Daging Sapi,varian,2025-03-14 00:00:00,128750
Daging Sapi Kualitas 1,Daging Sapi,varian,2025-03-17 00:00:00,128750
Daging Sapi Kualitas 1,Daging Sapi,varian,2025-03-18 00:00:00,128750
Daging Sapi Kualitas 1,Daging Sapi,varian,2025-03-19 00:00:00,128750
Daging Sapi Kualitas 1,Daging Sapi,varian,2025-03-20 00:00:00,128750
Daging Sapi Kualitas 1,Daging Sapi,varian,2025-03-21 00:00:00,128750
Daging Sapi Kualitas 1,Daging Sapi,varian,2025-03-24 00:00:00,128750
Daging Sapi Kualitas 1,Daging Sapi,varian,2025-03-25 00:00:00,128750
Daging Sapi Kualitas 1,Daging Sapi,varian,2025-03-26 00:00:00,128750
Daging Sapi Kualitas 1,Daging Sapi,varian,2025-03-27 00:00:00,128750
Daging Sapi Kualitas 1,Daging Sapi,varian,2025-03-28 00:00:00,128750
Daging Sapi Kualitas 1,Daging Sapi,varian,2025-03-31 00:00:00,128750
Daging Sapi Kualitas 1,Daging Sapi,varian,2025-04-01 00:00:00,128750
Daging Sapi Kualitas 1,Daging Sapi,varian,2025-04-02 00:00:00,128750
Daging Sapi Kualitas 1,Daging Sapi,varian,2025-04-03 00:00:00,128750
Daging Sapi Kualitas 1,Daging Sapi,varian,2025-04-04 00:00:00,128750
Daging Sapi Kualitas 1,Daging Sapi,varian,2025-04-07 00:00:00,128750
Daging Sapi Kualitas 1,Daging Sapi,varian,2025-04-08 00:00:00,128750
Daging Sapi Kualitas 1,Daging Sapi,varian,2025-04-09 00:00:00,128750
Daging Sapi Kualitas 1,Daging Sapi,varian,2025-04-10 00:00:00,128750
Daging Sapi Kualitas 1,Daging Sapi,varian,2025-04-11 00:00:00,128750
Daging Sapi Kualitas 1,Daging Sapi,varian,2025-04-14 00:00:00,128750
Daging Sapi Kualitas 1,Daging Sapi,varian,2025-04-15 00:00:00,128750
Daging Sapi Kualitas 1,Daging Sapi,varian,2025-04-16 00:00:00,128750
Daging Sapi Kualitas 1,Daging Sapi,varian,2025-04-17 00:00:00,128750
Daging Sapi Kualitas 1,Daging Sapi,varian,2025-04-18 00:00:00,128750
Daging Sapi Kualitas 1,Daging Sapi,varian,2025-04-21 00:00:00,128750
Daging Sapi Kualitas 1,Daging Sapi,varian,2025-04-22 00:00:00,128750
Daging Sapi Kualitas 1,Daging Sapi,varian,2025-04-23 00:00:00,128750
Daging Sapi Kualitas 1,Daging Sapi,varian,2025-04-24 00:00:00,128750
Daging Sapi Kualitas 1,Daging Sapi,varian,2025-04-25 00:00:00,128750
Daging Sapi Kualitas 1,Daging Sapi,varian,2025-04-28 00:00:00,128750
Daging Sapi Kualitas 1,Daging Sapi,varian,2025-04-29 00:00:00,128750
Daging Sapi Kualitas 1,Daging Sapi,varian,2025-04-30 00:00:00,128750
Daging Sapi Kualitas 1,Daging Sapi,varian,2025-05-01 00:00:00,128750
Daging Sapi Kualitas 1,Daging Sapi,varian,2025-05-02 00:00:00,128750
Daging Sapi Kualitas 1,Daging Sapi,varian,2025-05-05 00:00:00,128750
Daging Sapi Kualitas 1,Daging Sapi,varian,2025-05-06 00:00:00,128750
Daging Sapi Kualitas 1,Daging Sapi,varian,2025-05-07 00:00:00,126250
Daging Sapi Kualitas 1,Daging Sapi,varian,2025-05-08 00:00:00,126250
Daging Sapi Kualitas 1,Daging Sapi,varian,2025-05-09 00:00:00,126250
Daging Sapi Kualitas 1,Daging Sapi,varian,2025-05-12 00:00:00,126250
Daging Sapi Kualitas 1,Daging Sapi,varian,2025-05-13 00:00:00,126250
Daging Sapi Kualitas 1,Daging Sapi,varian,2025-05-14 00:00:00,126250
Daging Sapi Kualitas 1,Daging Sapi,varian,2025-05-15 00:00:00,126250
Daging Sapi Kualitas 1,Daging Sapi,varian,2025-05-16 00:00:00,126250
Daging Sapi Kualitas 1,Daging Sapi,varian,2025-05-19 00:00:00,126250
Daging Sapi Kualitas 1,Daging Sapi,varian,2025-05-20 00:00:00,126250
Daging Sapi Kualitas 1,Daging Sapi,varian,2025-05-21 00:00:00,126250
Daging Sapi Kualitas 1,Daging Sapi,varian,2025-05-22 00:00:00,126250
Daging Sapi Kualitas 1,Daging Sapi,varian,2025-05-23 00:00:00,126250
Daging Sapi Kualitas 1,Daging Sapi,varian,2025-05-26 00:00:00,126250
Daging Sapi Kualitas 1,Daging Sapi,varian,2025-05-27 00:00:00,126250
Daging Sapi Kualitas 1,Daging Sapi,varian,2025-05-28 00:00:00,126250
Daging Sapi Kualitas 1,Daging Sapi,varian,2025-05-29 00:00:00,126250
Daging Sapi Kualitas 1,Daging Sapi,varian,2025-05-30 00:00:00,126250
Daging Sapi Kualitas 1,Daging Sapi,varian,2025-06-02 00:00:00,126250
Daging Sapi Kualitas 1,Daging Sapi,varian,2025-06-03 00:00:00,126250
Daging Sapi Kualitas 1,Daging Sapi,varian,2025-06-04 00:00:00,126250
Daging Sapi Kualitas 1,Daging Sapi,varian,2025-06-05 00:00:00,126250
Daging Sapi Kualitas 1,Daging Sapi,varian,2025-06-06 00:00:00,126250
Daging Sapi Kualitas 1,Daging Sapi,varian,2025-06-09 00:00:00,126250
Daging Sapi Kualitas 1,Daging Sapi,varian,2025-06-10 00:00:00,126250
Daging Sapi Kualitas 1,Daging Sapi,varian,2025-06-11 00:00:00,126250
Daging Sapi Kualitas 1,Daging Sapi,varian,2025-06-12 00:00:00,126250
Daging Sapi Kualitas 1,Daging Sapi,varian,2025-06-13 00:00:00,126250
Daging Sapi Kualitas 1,Daging Sapi,varian,2025-06-16 00:00:00,126250
Daging Sapi Kualitas 1,Daging Sapi,varian,2025-06-17 00:00:00,126250
Daging Sapi Kualitas 1,Daging Sapi,varian,2025-06-18 00:00:00,126250
Daging Sapi Kualitas 1,Daging Sapi,varian,2025-06-19 00:00:00,126250
Daging Sapi Kualitas 1,Daging Sapi,varian,2025-06-20 00:00:00,126250
Daging Sapi Kualitas 1,Daging Sapi,varian,2025-06-23 00:00:00,126250
Daging Sapi Kualitas 1,Daging Sapi,varian,2025-06-24 00:00:00,126250
Daging Sapi Kualitas 1,Daging Sapi,varian,2025-06-25 00:00:00,126250
Daging Sapi Kualitas 1,Daging Sapi,varian,2025-06-26 00:00:00,126250
Daging Sapi Kualitas 1,Daging Sapi,varian,2025-06-27 00:00:00,126250
Daging Sapi Kualitas 1,Daging Sapi,varian,2025-06-30 00:00:00,127500
Daging Sapi Kualitas 1,Daging Sapi,varian,2025-07-01 00:00:00,127500
Daging Sapi Kualitas 1,Daging Sapi,varian,2025-07-02 00:00:00,127500
Daging Sapi Kualitas 1,Daging Sapi,varian,2025-07-03 00:00:00,127500
Daging Sapi Kualitas 1,Daging Sapi,varian,2025-07-04 00:00:00,127500
Daging Sapi Kualitas 1,Daging Sapi,varian,2025-07-07 00:00:00,130000
Daging Sapi Kualitas 1,Daging Sapi,varian,2025-07-08 00:00:00,130000
Daging Sapi Kualitas 1,Daging Sapi,varian,2025-07-09 00:00:00,130000
Daging Sapi Kualitas 1,Daging Sapi,varian,2025-07-10 00:00:00,130000
Daging Sapi Kualitas 1,Daging Sapi,varian,2025-07-11 00:00:00,130000
Daging Sapi Kualitas 1,Daging Sapi,varian,2025-07-14 00:00:00,130000
Daging Sapi Kualitas 1,Daging Sapi,varian,2025-07-15 00:00:00,130000
Daging Sapi Kualitas 1,Daging Sapi,varian,2025-07-16 00:00:00,130000
Daging Sapi Kualitas 1,Daging Sapi,varian,2025-07-17 00:00:00,130000
Daging Sapi Kualitas 1,Daging Sapi,varian,2025-07-18 00:00:00,130000
Daging Sapi Kualitas 1,Daging Sapi,varian,2025-07-21 00:00:00,130000
Daging Sapi Kualitas 1,Daging Sapi,varian,2025-07-22 00:00:00,130000
Daging Sapi Kualitas 1,Daging Sapi,varian,2025-07-23 00:00:00,130000
Daging Sapi Kualitas 1,Daging Sapi,varian,2025-07-24 00:00:00,130000
Daging Sapi Kualitas 1,Daging Sapi,varian,2025-07-25 00:00:00,130000
Daging Sapi Kualitas 1,Daging Sapi,varian,2025-07-28 00:00:00,130000
Daging Sapi Kualitas 1,Daging Sapi,varian,2025-07-29 00:00:00,130000
Daging Sapi Kualitas 1,Daging Sapi,varian,2025-07-30 00:00:00,130000
Daging Sapi Kualitas 1,Daging Sapi,varian,2025-07-31 00:00:00,127500
Daging Sapi Kualitas 1,Daging Sapi,varian,2025-08-01 00:00:00,127500
Daging Sapi Kualitas 1,Daging Sapi,varian,2025-08-04 00:00:00,127500
Daging Sapi Kualitas 1,Daging Sapi,varian,2025-08-05 00:00:00,127500
Daging Sapi Kualitas 1,Daging Sapi,varian,2025-08-06 00:00:00,127500
Daging Sapi Kualitas 1,Daging Sapi,varian,2025-08-07 00:00:00,127500
Daging Sapi Kualitas 1,Daging Sapi,varian,2025-08-08 00:00:00,127500
Daging Sapi Kualitas 1,Daging Sapi,varian,2025-08-11 00:00:00,127500
Daging Sapi Kualitas 1,Daging Sapi,varian,2025-08-12 00:00:00,127500
Daging Sapi Kualitas 1,Daging Sapi,varian,2025-08-13 00:00:00,127500
Daging Sapi Kualitas 1,Daging Sapi,varian,2025-08-14 00:00:00,127500
Daging Sapi Kualitas 1,Daging Sapi,varian,2025-08-15 00:00:00,127500
Daging Sapi Kualitas 1,Daging Sapi,varian,2025-08-18 00:00:00,127500
Daging Sapi Kualitas 1,Daging Sapi,varian,2025-08-19 00:00:00,127500
Daging Sapi Kualitas 1,Daging Sapi,varian,2025-08-20 00:00:00,127500
Daging Sapi Kualitas 1,Daging Sapi,varian,2025-08-21 00:00:00,127500
Daging Sapi Kualitas 1,Daging Sapi,varian,2025-08-22 00:00:00,127500
Daging Sapi Kualitas 1,Daging Sapi,varian,2025-08-25 00:00:00,127500
Daging Sapi Kualitas 1,Daging Sapi,varian,2025-08-26 00:00:00,127500
Daging Sapi Kualitas 1,Daging Sapi,varian,2025-08-27 00:00:00,127500
Daging Sapi Kualitas 1,Daging Sapi,varian,2025-08-28 00:00:00,127500
Daging Sapi Kualitas 1,Daging Sapi,varian,2025-08-29 00:00:00,127500
Daging Sapi Kualitas 1,Daging Sapi,varian,2025-09-01 00:00:00,127500
Daging Sapi Kualitas 1,Daging Sapi,varian,2025-09-02 00:00:00,127500
Daging Sapi Kualitas 1,Daging Sapi,varian,2025-09-03 00:00:00,127500
Daging Sapi Kualitas 1,Daging Sapi,varian,2025-09-04 00:00:00,127500
Daging Sapi Kualitas 1,Daging Sapi,varian,2025-09-05 00:00:00,127500
Daging Sapi Kualitas 1,Daging Sapi,varian,2025-09-08 00:00:00,127500
Daging Sapi Kualitas 1,Daging Sapi,varian,2025-09-09 00:00:00,127500
Daging Sapi Kualitas 1,Daging Sapi,varian,2025-09-10 00:00:00,127500
Daging Sapi Kualitas 1,Daging Sapi,varian,2025-09-11 00:00:00,127500
Daging Sapi Kualitas 1,Daging Sapi,varian,2025-09-12 00:00:00,127500
Daging Sapi Kualitas 1,Daging Sapi,varian,2025-09-15 00:00:00,127500
Daging Sapi Kualitas 1,Daging Sapi,varian,2025-09-16 00:00:00,127500
Daging Sapi Kualitas 1,Daging Sapi,varian,2025-09-17 00:00:00,127500
Daging Sapi Kualitas 1,Daging Sapi,varian,2025-09-18 00:00:00,127500
Daging Sapi Kualitas 1,Daging Sapi,varian,2025-09-19 00:00:00,127500
Daging Sapi Kualitas 1,Daging Sapi,varian,2025-09-22 00:00:00,127500
Daging Sapi Kualitas 1,Daging Sapi,varian,2025-09-23 00:00:00,127500
Daging Sapi Kualitas 1,Daging Sapi,varian,2025-09-24 00:00:00,127500
Daging Sapi Kualitas 1,Daging Sapi,varian,2025-09-25 00:00:00,127500
Daging Sapi Kualitas 1,Daging Sapi,varian,2025-09-26 00:00:00,127500
Daging Sapi Kualitas 1,Daging Sapi,varian,2025-09-29 00:00:00,127500
Daging Sapi Kualitas 1,Daging Sapi,varian,2025-09-30 00:00:00,127500
Daging Sapi Kualitas 1,Daging Sapi,varian,2025-10-01 00:00:00,127500
Daging Sapi Kualitas 1,Daging Sapi,varian,2025-10-02 00:00:00,127500
Daging Sapi Kualitas 1,Daging Sapi,varian,2025-10-03 00:00:00,127500
Daging Sapi Kualitas 1,Daging Sapi,varian,2025-10-06 00:00:00,127500
Daging Sapi Kualitas 1,Daging Sapi,varian,2025-10-07 00:00:00,127500
Daging Sapi Kualitas 1,Daging Sapi,varian,2025-10-08 00:00:00,127500
Daging Sapi Kualitas 1,Daging Sapi,varian,2025-10-09 00:00:00,127500
Daging Sapi Kualitas 1,Daging Sapi,varian,2025-10-10 00:00:00,127500
Daging Sapi Kualitas 1,Daging Sapi,varian,2025-10-13 00:00:00,127500
Daging Sapi Kualitas 1,Daging Sapi,varian,2025-10-14 00:00:00,127500
Daging Sapi Kualitas 1,Daging Sapi,varian,2025-10-15 00:00:00,127500
Daging Sapi Kualitas 1,Daging Sapi,varian,2025-10-16 00:00:00,127500
Daging Sapi Kualitas 1,Daging Sapi,varian,2025-10-17 00:00:00,127500
Daging Sapi Kualitas 1,Daging Sapi,varian,2025-10-20 00:00:00,127500
Daging Sapi Kualitas 1,Daging Sapi,varian,2025-10-21 00:00:00,127500
Daging Sapi Kualitas 1,Daging Sapi,varian,2025-10-22 00:00:00,127500
Daging Sapi Kualitas 1,Daging Sapi,varian,2025-10-23 00:00:00,127500
Daging Sapi Kualitas 1,Daging Sapi,varian,2025-10-24 00:00:00,127500
Daging Sapi Kualitas 1,Daging Sapi,varian,2025-10-27 00:00:00,127500
Daging Sapi Kualitas 1,Daging Sapi,varian,2025-10-28 00:00:00,127500
Daging Sapi Kualitas 1,Daging Sapi,varian,2025-10-29 00:00:00,127500
Daging Sapi Kualitas 1,Daging Sapi,varian,2025-10-30 00:00:00,127500
Daging Sapi Kualitas 1,Daging Sapi,varian,2025-10-31 00:00:00,127500
Daging Sapi Kualitas 1,Daging Sapi,varian,2025-11-03 00:00:00,127500
Daging Sapi Kualitas 1,Daging Sapi,varian,2025-11-04 00:00:00,127500
Daging Sapi Kualitas 1,Daging Sapi,varian,2025-11-05 00:00:00,127500
Daging Sapi Kualitas 1,Daging Sapi,varian,2025-11-06 00:00:00,127500
Daging Sapi Kualitas 1,Daging Sapi,varian,2025-11-07 00:00:00,127500
Daging Sapi Kualitas 1,Daging Sapi,varian,2025-11-10 00:00:00,127500
Daging Sapi Kualitas 1,Daging Sapi,varian,2025-11-11 00:00:00,127500
Daging Sapi Kualitas 1,Daging Sapi,varian,2025-11-12 00:00:00,127500
Daging Sapi Kualitas 1,Daging Sapi,varian,2025-11-13 00:00:00,127500
Daging Sapi Kualitas 1,Daging Sapi,varian,2025-11-14 00:00:00,127500
Daging Sapi Kualitas 1,Daging Sapi,varian,2025-11-17 00:00:00,127500
Daging Sapi Kualitas 1,Daging Sapi,varian,2025-11-18 00:00:00,127500
Daging Sapi Kualitas 1,Daging Sapi,varian,2025-11-19 00:00:00,127500
Daging Sapi Kualitas 1,Daging Sapi,varian,2025-11-20 00:00:00,127500
Daging Sapi Kualitas 1,Daging Sapi,varian,2025-11-21 00:00:00,127500
Daging Sapi Kualitas 1,Daging Sapi,varian,2025-11-24 00:00:00,127500
Daging Sapi Kualitas 1,Daging Sapi,varian,2025-11-25 00:00:00,127500
Daging Sapi Kualitas 1,Daging Sapi,varian,2025-11-26 00:00:00,127500
Daging Sapi Kualitas 1,Daging Sapi,varian,2025-11-27 00:00:00,127500
Daging Sapi Kualitas 1,Daging Sapi,varian,2025-11-28 00:00:00,127500
Daging Sapi Kualitas 1,Daging Sapi,varian,2025-12-01 00:00:00,127500
Daging Sapi Kualitas 1,Daging Sapi,varian,2025-12-02 00:00:00,127500
Daging Sapi Kualitas 1,Daging Sapi,varian,2025-12-03 00:00:00,127500
Daging Sapi Kualitas 1,Daging Sapi,varian,2025-12-04 00:00:00,130000
Daging Sapi Kualitas 1,Daging Sapi,varian,2025-12-05 00:00:00,130000
Daging Sapi Kualitas 1,Daging Sapi,varian,2025-12-08 00:00:00,130000
Daging Sapi Kualitas 1,Daging Sapi,varian,2025-12-09 00:00:00,130000
Daging Sapi Kualitas 1,Daging Sapi,varian,2025-12-10 00:00:00,130000
Daging Sapi Kualitas 1,Daging Sapi,varian,2025-12-11 00:00:00,130000
Daging Sapi Kualitas 1,Daging Sapi,varian,2025-12-12 00:00:00,130000
Daging Sapi Kualitas 1,Daging Sapi,varian,2025-12-15 00:00:00,130000
Daging Sapi Kualitas 1,Daging Sapi,varian,2025-12-16 00:00:00,130000
Daging Sapi Kualitas 1,Daging Sapi,varian,2025-12-17 00:00:00,130000
Daging Sapi Kualitas 1,Daging Sapi,varian,2025-12-18 00:00:00,130000
Daging Sapi Kualitas 1,Daging Sapi,varian,2025-12-19 00:00:00,130000
Daging Sapi Kualitas 1,Daging Sapi,varian,2025-12-22 00:00:00,130000
Daging Sapi Kualitas 1,Daging Sapi,varian,2025-12-23 00:00:00,130000
Daging Sapi Kualitas 1,Daging Sapi,varian,2025-12-24 00:00:00,131250
Daging Sapi Kualitas 1,Daging Sapi,varian,2025-12-25 00:00:00,131250
Daging Sapi Kualitas 1,Daging Sapi,varian,2025-12-26 00:00:00,131250
Daging Sapi Kualitas 1,Daging Sapi,varian,2025-12-29 00:00:00,130000
Daging Sapi Kualitas 1,Daging Sapi,varian,2025-12-30 00:00:00,130000
Daging Sapi Kualitas 1,Daging Sapi,varian,2025-12-31 00:00:00,136250
Daging Sapi Kualitas 1,Daging Sapi,varian,2026-01-01 00:00:00,136250
Daging Sapi Kualitas 1,Daging Sapi,varian,2026-01-02 00:00:00,136250
Daging Sapi Kualitas 1,Daging Sapi,varian,2026-01-05 00:00:00,132500
Daging Sapi Kualitas 1,Daging Sapi,varian,2026-01-06 00:00:00,132500
Daging Sapi Kualitas 1,Daging Sapi,varian,2026-01-07 00:00:00,132500
Daging Sapi Kualitas 1,Daging Sapi,varian,2026-01-08 00:00:00,132500
Daging Sapi Kualitas 1,Daging Sapi,varian,2026-01-09 00:00:00,132500
Daging Sapi Kualitas 1,Daging Sapi,varian,2026-01-12 00:00:00,132500
Daging Sapi Kualitas 1,Daging Sapi,varian,2026-01-13 00:00:00,132500
Daging Sapi Kualitas 1,Daging Sapi,varian,2026-01-14 00:00:00,132500
Daging Sapi Kualitas 1,Daging Sapi,varian,2026-01-15 00:00:00,132500
Daging Sapi Kualitas 1,Daging Sapi,varian,2026-01-16 00:00:00,132500
Daging Sapi Kualitas 1,Daging Sapi,varian,2026-01-19 00:00:00,132500
Daging Sapi Kualitas 1,Daging Sapi,varian,2026-01-20 00:00:00,132500
Daging Sapi Kualitas 1,Daging Sapi,varian,2026-01-21 00:00:00,132500
Daging Sapi Kualitas 1,Daging Sapi,varian,2026-01-22 00:00:00,132500
Daging Sapi Kualitas 1,Daging Sapi,varian,2026-01-23 00:00:00,132500
Daging Sapi Kualitas 1,Daging Sapi,varian,2026-01-26 00:00:00,132500
Daging Sapi Kualitas 1,Daging Sapi,varian,2026-01-27 00:00:00,132500
Daging Sapi Kualitas 1,Daging Sapi,varian,2026-01-28 00:00:00,132500
Daging Sapi Kualitas 1,Daging Sapi,varian,2026-01-29 00:00:00,132500
Daging Sapi Kualitas 1,Daging Sapi,varian,2026-01-30 00:00:00,132500
Daging Sapi Kualitas 1,Daging Sapi,varian,2026-02-02 00:00:00,132500
Daging Sapi Kualitas 1,Daging Sapi,varian,2026-02-03 00:00:00,132500
Daging Sapi Kualitas 1,Daging Sapi,varian,2026-02-04 00:00:00,132500
Daging Sapi Kualitas 1,Daging Sapi,varian,2026-02-05 00:00:00,132500
Daging Sapi Kualitas 1,Daging Sapi,varian,2026-02-06 00:00:00,132500
Daging Sapi Kualitas 1,Daging Sapi,varian,2026-02-09 00:00:00,132500
Daging Sapi Kualitas 1,Daging Sapi,varian,2026-02-10 00:00:00,132500
Daging Sapi Kualitas 1,Daging Sapi,varian,2026-02-11 00:00:00,132500
Daging Sapi Kualitas 1,Daging Sapi,varian,2026-02-12 00:00:00,132500
Daging Sapi Kualitas 1,Daging Sapi,varian,2026-02-13 00:00:00,132500
Daging Sapi Kualitas 1,Daging Sapi,varian,2026-02-16 00:00:00,132500
Daging Sapi Kualitas 1,Daging Sapi,varian,2026-02-17 00:00:00,132500
Daging Sapi Kualitas 1,Daging Sapi,varian,2026-02-18 00:00:00,132500
Daging Sapi Kualitas 1,Daging Sapi,varian,2026-02-19 00:00:00,132500
Daging Sapi Kualitas 1,Daging Sapi,varian,2026-02-20 00:00:00,132500
Daging Sapi Kualitas 1,Daging Sapi,varian,2026-02-23 00:00:00,132500
Daging Sapi Kualitas 1,Daging Sapi,varian,2026-02-24 00:00:00,132500
Daging Sapi Kualitas 1,Daging Sapi,varian,2026-02-25 00:00:00,132500
Daging Sapi Kualitas 1,Daging Sapi,varian,2026-02-26 00:00:00,132500
Daging Sapi Kualitas 1,Daging Sapi,varian,2026-02-27 00:00:00,132500
Daging Sapi Kualitas 1,Daging Sapi,varian,2026-03-02 00:00:00,132500
Daging Sapi Kualitas 1,Daging Sapi,varian,2026-03-03 00:00:00,132500
Daging Sapi Kualitas 1,Daging Sapi,varian,2026-03-04 00:00:00,132500
Daging Sapi Kualitas 1,Daging Sapi,varian,2026-03-05 00:00:00,132500
Daging Sapi Kualitas 1,Daging Sapi,varian,2026-03-06 00:00:00,132500
Daging Sapi Kualitas 1,Daging Sapi,varian,2026-03-09 00:00:00,132500
Daging Sapi Kualitas 1,Daging Sapi,varian,2026-03-10 00:00:00,135000
Daging Sapi Kualitas 1,Daging Sapi,varian,2026-03-11 00:00:00,132500
Daging Sapi Kualitas 1,Daging Sapi,varian,2026-03-12 00:00:00,135000
Daging Sapi Kualitas 1,Daging Sapi,varian,2026-03-13 00:00:00,135000
Daging Sapi Kualitas 1,Daging Sapi,varian,2026-03-16 00:00:00,135000
Daging Sapi Kualitas 1,Daging Sapi,varian,2026-03-17 00:00:00,140000
Daging Sapi Kualitas 1,Daging Sapi,varian,2026-03-18 00:00:00,140000
Daging Sapi Kualitas 1,Daging Sapi,varian,2026-03-19 00:00:00,140000
Daging Sapi Kualitas 1,Daging Sapi,varian,2026-03-20 00:00:00,140000
Daging Sapi Kualitas 1,Daging Sapi,varian,2026-03-23 00:00:00,140000
Daging Sapi Kualitas 1,Daging Sapi,varian,2026-03-24 00:00:00,140000
Daging Sapi Kualitas 1,Daging Sapi,varian,2026-03-25 00:00:00,140000
Daging Sapi Kualitas 1,Daging Sapi,varian,2026-03-26 00:00:00,140000
Daging Sapi Kualitas 1,Daging Sapi,varian,2026-03-27 00:00:00,140000
Daging Sapi Kualitas 1,Daging Sapi,varian,2026-03-30 00:00:00,140000
Daging Sapi Kualitas 1,Daging Sapi,varian,2026-03-31 00:00:00,140000
Daging Sapi Kualitas 1,Daging Sapi,varian,2026-04-01 00:00:00,140000
Daging Sapi Kualitas 1,Daging Sapi,varian,2026-04-02 00:00:00,140000
Daging Sapi Kualitas 1,Daging Sapi,varian,2026-04-03 00:00:00,140000
Daging Sapi Kualitas 1,Daging Sapi,varian,2026-04-06 00:00:00,140000
Daging Sapi Kualitas 1,Daging Sapi,varian,2026-04-07 00:00:00,140000
Daging Sapi Kualitas 1,Daging Sapi,varian,2026-04-08 00:00:00,140000
Daging Sapi Kualitas 1,Daging Sapi,varian,2026-04-09 00:00:00,140000
Daging Sapi Kualitas 1,Daging Sapi,varian,2026-04-10 00:00:00,140000
Daging Sapi Kualitas 1,Daging Sapi,varian,2026-04-13 00:00:00,140000
Daging Sapi Kualitas 1,Daging Sapi,varian,2026-04-14 00:00:00,140000
Daging Sapi Kualitas 1,Daging Sapi,varian,2026-04-15 00:00:00,140000
Daging Sapi Kualitas 1,Daging Sapi,varian,2026-04-16 00:00:00,140000
Daging Sapi Kualitas 1,Daging Sapi,varian,2026-04-17 00:00:00,140000
Daging Sapi Kualitas 1,Daging Sapi,varian,2026-04-20 00:00:00,140000
Daging Sapi Kualitas 1,Daging Sapi,varian,2026-04-21 00:00:00,140000
Daging Sapi Kualitas 1,Daging Sapi,varian,2026-04-22 00:00:00,140000
Daging Sapi Kualitas 1,Daging Sapi,varian,2026-04-23 00:00:00,140000
Daging Sapi Kualitas 1,Daging Sapi,varian,2026-04-24 00:00:00,140000
Daging Sapi Kualitas 1,Daging Sapi,varian,2026-04-27 00:00:00,140000
Daging Sapi Kualitas 1,Daging Sapi,varian,2026-04-28 00:00:00,140000
Daging Sapi Kualitas 1,Daging Sapi,varian,2026-04-29 00:00:00,140000
Daging Sapi Kualitas 1,Daging Sapi,varian,2026-04-30 00:00:00,140000
Daging Sapi Kualitas 1,Daging Sapi,varian,2026-05-01 00:00:00,140000
Daging Sapi Kualitas 1,Daging Sapi,varian,2026-05-04 00:00:00,140000
Daging Sapi Kualitas 1,Daging Sapi,varian,2026-05-05 00:00:00,140000
Daging Sapi Kualitas 1,Daging Sapi,varian,2026-05-06 00:00:00,140000
Daging Sapi Kualitas 1,Daging Sapi,varian,2026-05-07 00:00:00,140000
Daging Sapi Kualitas 1,Daging Sapi,varian,2026-05-08 00:00:00,140000
Daging Sapi Kualitas 1,Daging Sapi,varian,2026-05-11 00:00:00,140000
Daging Sapi Kualitas 1,Daging Sapi,varian,2026-05-12 00:00:00,140000
Daging Sapi Kualitas 1,Daging Sapi,varian,2026-05-13 00:00:00,140000
Daging Sapi Kualitas 1,Daging Sapi,varian,2026-05-14 00:00:00,140000
Daging Sapi Kualitas 1,Daging Sapi,varian,2026-05-15 00:00:00,140000
Daging Sapi Kualitas 1,Daging Sapi,varian,2026-05-18 00:00:00,140000
Daging Sapi Kualitas 1,Daging Sapi,varian,2026-05-19 00:00:00,140000
Daging Sapi Kualitas 1,Daging Sapi,varian,2026-05-20 00:00:00,140000
Daging Sapi Kualitas 1,Daging Sapi,varian,2026-05-21 00:00:00,140000
Daging Sapi Kualitas 1,Daging Sapi,varian,2026-05-22 00:00:00,140000
Daging Sapi Kualitas 1,Daging Sapi,varian,2026-05-25 00:00:00,140000
Daging Sapi Kualitas 1,Daging Sapi,varian,2026-05-26 00:00:00,140000
Daging Sapi Kualitas 1,Daging Sapi,varian,2026-05-27 00:00:00,140000
Daging Sapi Kualitas 1,Daging Sapi,varian,2026-05-28 00:00:00,140000
Daging Sapi Kualitas 1,Daging Sapi,varian,2026-05-29 00:00:00,140000
Daging Sapi Kualitas 1,Daging Sapi,varian,2026-06-01 00:00:00,140000
Daging Sapi Kualitas 1,Daging Sapi,varian,2026-06-02 00:00:00,140000
Daging Sapi Kualitas 1,Daging Sapi,varian,2026-06-03 00:00:00,140000
Daging Sapi Kualitas 1,Daging Sapi,varian,2026-06-04 00:00:00,140000
Daging Sapi Kualitas 1,Daging Sapi,varian,2026-06-05 00:00:00,140000
Daging Sapi Kualitas 1,Daging Sapi,varian,2026-06-08 00:00:00,140000
Daging Sapi Kualitas 1,Daging Sapi,varian,2026-06-09 00:00:00,140000
Daging Sapi Kualitas 1,Daging Sapi,varian,2026-06-10 00:00:00,140000
Daging Sapi Kualitas 1,Daging Sapi,varian,2026-06-11 00:00:00,140000
Daging Sapi Kualitas 1,Daging Sapi,varian,2026-06-12 00:00:00,140000
Daging Sapi Kualitas 1,Daging Sapi,varian,2026-06-15 00:00:00,140000
Daging Sapi Kualitas 1,Daging Sapi,varian,2026-06-16 00:00:00,140000
Daging Sapi Kualitas 1,Daging Sapi,varian,2026-06-17 00:00:00,140000
Daging Sapi Kualitas 1,Daging Sapi,varian,2026-06-18 00:00:00,145000
Daging Sapi Kualitas 1,Daging Sapi,varian,2026-06-19 00:00:00,145000
Daging Sapi Kualitas 1,Daging Sapi,varian,2026-06-22 00:00:00,145000
Daging Sapi Kualitas 1,Daging Sapi,varian,2026-06-23 00:00:00,145000
Daging Sapi Kualitas 1,Daging Sapi,varian,2026-06-24 00:00:00,145000
Daging Sapi Kualitas 1,Daging Sapi,varian,2026-06-25 00:00:00,145000
Daging Sapi Kualitas 1,Daging Sapi,varian,2026-06-26 00:00:00,145000
Daging Sapi Kualitas 1,Daging Sapi,varian,2026-06-29 00:00:00,145000
Daging Sapi Kualitas 1,Daging Sapi,varian,2026-06-30 00:00:00,145000
Daging Sapi Kualitas 1,Daging Sapi,varian,2026-07-01 00:00:00,145000
Daging Sapi Kualitas 1,Daging Sapi,varian,2026-07-02 00:00:00,145000
Daging Sapi Kualitas 1,Daging Sapi,varian,2026-07-03 00:00:00,145000
Daging Sapi Kualitas 1,Daging Sapi,varian,2026-07-06 00:00:00,145000
Daging Sapi Kualitas 1,Daging Sapi,varian,2026-07-07 00:00:00,145000
Daging Sapi Kualitas 1,Daging Sapi,varian,2026-07-08 00:00:00,145000
Daging Sapi Kualitas 1,Daging Sapi,varian,2026-07-09 00:00:00,145000
Daging Sapi Kualitas 1,Daging Sapi,varian,2026-07-10 00:00:00,145000
Daging Sapi Kualitas 1,Daging Sapi,varian,2026-07-13 00:00:00,145000
Daging Sapi Kualitas 1,Daging Sapi,varian,2026-07-14 00:00:00,145000
Daging Sapi Kualitas 1,Daging Sapi,varian,2026-07-15 00:00:00,145000
Daging Sapi Kualitas 1,Daging Sapi,varian,2026-07-16 00:00:00,145000
Daging Sapi Kualitas 1,Daging Sapi,varian,2026-07-17 00:00:00,145000
Daging Sapi Kualitas 1,Daging Sapi,varian,2026-07-20 00:00:00,145000
Daging Sapi Kualitas 1,Daging Sapi,varian,2026-07-21 00:00:00,145000
Daging Sapi Kualitas 1,Daging Sapi,varian,2026-07-22 00:00:00,150000
Daging Sapi Kualitas 1,Daging Sapi,varian,2026-07-23 00:00:00,150000
Daging Sapi Kualitas 1,Daging Sapi,varian,2026-07-24 00:00:00,150000
Daging Sapi Kualitas 1,Daging Sapi,varian,2026-07-27 00:00:00,147500
Daging Sapi Kualitas 1,Daging Sapi,varian,2026-07-28 00:00:00,147500
Daging Sapi Kualitas 1,Daging Sapi,varian,2026-07-29 00:00:00,147500
Daging Sapi Kualitas 1,Daging Sapi,varian,2026-07-30 00:00:00,147500
Daging Sapi Kualitas 1,Daging Sapi,varian,2026-07-31 00:00:00,147500
Daging Sapi Kualitas 1,Daging Sapi,varian,2026-08-03 00:00:00,147500
Daging Sapi Kualitas 1,Daging Sapi,varian,2026-08-04 00:00:00,147500
Daging Sapi Kualitas 1,Daging Sapi,varian,2026-08-05 00:00:00,147500
Daging Sapi Kualitas 1,Daging Sapi,varian,2026-08-06 00:00:00,147500
Daging Sapi Kualitas 1,Daging Sapi,varian,2026-08-07 00:00:00,147500
Daging Sapi Kualitas 1,Daging Sapi,varian,2026-08-10 00:00:00,147500
Daging Sapi Kualitas 1,Daging Sapi,varian,2026-08-11 00:00:00,147500
Daging Sapi Kualitas 1,Daging Sapi,varian,2026-08-12 00:00:00,147500
Daging Sapi Kualitas 1,Daging Sapi,varian,2026-08-13 00:00:00,147500
Daging Sapi Kualitas 1,Daging Sapi,varian,2026-08-14 00:00:00,147500
Daging Sapi Kualitas 1,Daging Sapi,varian,2026-08-17 00:00:00,147500
Daging Sapi Kualitas 1,Daging Sapi,varian,2026-08-18 00:00:00,147500
Daging Sapi Kualitas 1,Daging Sapi,varian,2026-08-19 00:00:00,147500
Daging Sapi Kualitas 1,Daging Sapi,varian,2026-08-20 00:00:00,147500
Daging Sapi Kualitas 1,Daging Sapi,varian,2026-08-21 00:00:00,147500
Daging Sapi Kualitas 1,Daging Sapi,varian,2026-08-24 00:00:00,147500
Daging Sapi Kualitas 1,Daging Sapi,varian,2026-08-25 00:00:00,147500
Daging Sapi Kualitas 1,Daging Sapi,varian,2026-08-26 00:00:00,147500
Daging Sapi Kualitas 1,Daging Sapi,varian,2026-08-27 00:00:00,147500
Daging Sapi Kualitas 1,Daging Sapi,varian,2026-08-28 00:00:00,147500
Daging Sapi Kualitas 1,Daging Sapi,varian,2026-08-31 00:00:00,147500
Daging Sapi Kualitas 1,Daging Sapi,varian,2026-09-01 00:00:00,147500
Daging Sapi Kualitas 1,Daging Sapi,varian,2026-09-02 00:00:00,147500
Daging Sapi Kualitas 1,Daging Sapi,varian,2026-09-03 00:00:00,147500
Daging Sapi Kualitas 1,Daging Sapi,varian,2026-09-04 00:00:00,147500
Daging Sapi Kualitas 1,Daging Sapi,varian,2026-09-07 00:00:00,147500
Daging Sapi Kualitas 1,Daging Sapi,varian,2026-09-08 00:00:00,147500
Daging Sapi Kualitas 2,Daging Sapi,varian,2025-01-01 00:00:00,127500
Daging Sapi Kualitas 2,Daging Sapi,varian,2025-01-02 00:00:00,127500
Daging Sapi Kualitas 2,Daging Sapi,varian,2025-01-03 00:00:00,127500
Daging Sapi Kualitas 2,Daging Sapi,varian,2025-01-06 00:00:00,127500
Daging Sapi Kualitas 2,Daging Sapi,varian,2025-01-07 00:00:00,127500
Daging Sapi Kualitas 2,Daging Sapi,varian,2025-01-08 00:00:00,127500
Daging Sapi Kualitas 2,Daging Sapi,varian,2025-01-09 00:00:00,127500
Daging Sapi Kualitas 2,Daging Sapi,varian,2025-01-10 00:00:00,127500
Daging Sapi Kualitas 2,Daging Sapi,varian,2025-01-13 00:00:00,127500
Daging Sapi Kualitas 2,Daging Sapi,varian,2025-01-14 00:00:00,127500
Daging Sapi Kualitas 2,Daging Sapi,varian,2025-01-15 00:00:00,127500
Daging Sapi Kualitas 2,Daging Sapi,varian,2025-01-16 00:00:00,127500
Daging Sapi Kualitas 2,Daging Sapi,varian,2025-01-17 00:00:00,127500
Daging Sapi Kualitas 2,Daging Sapi,varian,2025-01-20 00:00:00,127500
Daging Sapi Kualitas 2,Daging Sapi,varian,2025-01-21 00:00:00,127500
Daging Sapi Kualitas 2,Daging Sapi,varian,2025-01-22 00:00:00,127500
Daging Sapi Kualitas 2,Daging Sapi,varian,2025-01-23 00:00:00,127500
Daging Sapi Kualitas 2,Daging Sapi,varian,2025-01-24 00:00:00,127500
Daging Sapi Kualitas 2,Daging Sapi,varian,2025-01-27 00:00:00,127500
Daging Sapi Kualitas 2,Daging Sapi,varian,2025-01-28 00:00:00,127500
Daging Sapi Kualitas 2,Daging Sapi,varian,2025-01-29 00:00:00,127500
Daging Sapi Kualitas 2,Daging Sapi,varian,2025-01-30 00:00:00,127500
Daging Sapi Kualitas 2,Daging Sapi,varian,2025-01-31 00:00:00,127500
Daging Sapi Kualitas 2,Daging Sapi,varian,2025-02-03 00:00:00,127500
Daging Sapi Kualitas 2,Daging Sapi,varian,2025-02-04 00:00:00,127500
Daging Sapi Kualitas 2,Daging Sapi,varian,2025-02-05 00:00:00,127500
Daging Sapi Kualitas 2,Daging Sapi,varian,2025-02-06 00:00:00,127500
Daging Sapi Kualitas 2,Daging Sapi,varian,2025-02-07 00:00:00,127500
Daging Sapi Kualitas 2,Daging Sapi,varian,2025-02-10 00:00:00,127500
Daging Sapi Kualitas 2,Daging Sapi,varian,2025-02-11 00:00:00,127500
Daging Sapi Kualitas 2,Daging Sapi,varian,2025-02-12 00:00:00,127500
Daging Sapi Kualitas 2,Daging Sapi,varian,2025-02-13 00:00:00,127500
Daging Sapi Kualitas 2,Daging Sapi,varian,2025-02-14 00:00:00,127500
Daging Sapi Kualitas 2,Daging Sapi,varian,2025-02-17 00:00:00,127500
Daging Sapi Kualitas 2,Daging Sapi,varian,2025-02-18 00:00:00,127500
Daging Sapi Kualitas 2,Daging Sapi,varian,2025-02-19 00:00:00,127500
Daging Sapi Kualitas 2,Daging Sapi,varian,2025-02-20 00:00:00,127500
Daging Sapi Kualitas 2,Daging Sapi,varian,2025-02-21 00:00:00,127500
Daging Sapi Kualitas 2,Daging Sapi,varian,2025-02-24 00:00:00,127500
Daging Sapi Kualitas 2,Daging Sapi,varian,2025-02-25 00:00:00,127500
Daging Sapi Kualitas 2,Daging Sapi,varian,2025-02-26 00:00:00,127500
Daging Sapi Kualitas 2,Daging Sapi,varian,2025-02-27 00:00:00,127500
Daging Sapi Kualitas 2,Daging Sapi,varian,2025-02-28 00:00:00,127500
Daging Sapi Kualitas 2,Daging Sapi,varian,2025-03-03 00:00:00,127500
Daging Sapi Kualitas 2,Daging Sapi,varian,2025-03-04 00:00:00,127500
Daging Sapi Kualitas 2,Daging Sapi,varian,2025-03-05 00:00:00,127500
Daging Sapi Kualitas 2,Daging Sapi,varian,2025-03-06 00:00:00,127500
Daging Sapi Kualitas 2,Daging Sapi,varian,2025-03-07 00:00:00,127500
Daging Sapi Kualitas 2,Daging Sapi,varian,2025-03-10 00:00:00,127500
Daging Sapi Kualitas 2,Daging Sapi,varian,2025-03-11 00:00:00,127500
Daging Sapi Kualitas 2,Daging Sapi,varian,2025-03-12 00:00:00,127500
Daging Sapi Kualitas 2,Daging Sapi,varian,2025-03-13 00:00:00,127500
Daging Sapi Kualitas 2,Daging Sapi,varian,2025-03-14 00:00:00,127500
Daging Sapi Kualitas 2,Daging Sapi,varian,2025-03-17 00:00:00,127500
Daging Sapi Kualitas 2,Daging Sapi,varian,2025-03-18 00:00:00,127500
Daging Sapi Kualitas 2,Daging Sapi,varian,2025-03-19 00:00:00,127500
Daging Sapi Kualitas 2,Daging Sapi,varian,2025-03-20 00:00:00,127500
Daging Sapi Kualitas 2,Daging Sapi,varian,2025-03-21 00:00:00,127500
Daging Sapi Kualitas 2,Daging Sapi,varian,2025-03-24 00:00:00,127500
Daging Sapi Kualitas 2,Daging Sapi,varian,2025-03-25 00:00:00,127500
Daging Sapi Kualitas 2,Daging Sapi,varian,2025-03-26 00:00:00,127500
Daging Sapi Kualitas 2,Daging Sapi,varian,2025-03-27 00:00:00,127500
Daging Sapi Kualitas 2,Daging Sapi,varian,2025-03-28 00:00:00,127500
Daging Sapi Kualitas 2,Daging Sapi,varian,2025-03-31 00:00:00,127500
Daging Sapi Kualitas 2,Daging Sapi,varian,2025-04-01 00:00:00,127500
Daging Sapi Kualitas 2,Daging Sapi,varian,2025-04-02 00:00:00,127500
Daging Sapi Kualitas 2,Daging Sapi,varian,2025-04-03 00:00:00,127500
Daging Sapi Kualitas 2,Daging Sapi,varian,2025-04-04 00:00:00,127500
Daging Sapi Kualitas 2,Daging Sapi,varian,2025-04-07 00:00:00,127500
Daging Sapi Kualitas 2,Daging Sapi,varian,2025-04-08 00:00:00,127500
Daging Sapi Kualitas 2,Daging Sapi,varian,2025-04-09 00:00:00,127500
Daging Sapi Kualitas 2,Daging Sapi,varian,2025-04-10 00:00:00,127500
Daging Sapi Kualitas 2,Daging Sapi,varian,2025-04-11 00:00:00,127500
Daging Sapi Kualitas 2,Daging Sapi,varian,2025-04-14 00:00:00,127500
Daging Sapi Kualitas 2,Daging Sapi,varian,2025-04-15 00:00:00,125000
Daging Sapi Kualitas 2,Daging Sapi,varian,2025-04-16 00:00:00,125000
Daging Sapi Kualitas 2,Daging Sapi,varian,2025-04-17 00:00:00,125000
Daging Sapi Kualitas 2,Daging Sapi,varian,2025-04-18 00:00:00,125000
Daging Sapi Kualitas 2,Daging Sapi,varian,2025-04-21 00:00:00,125000
Daging Sapi Kualitas 2,Daging Sapi,varian,2025-04-22 00:00:00,125000
Daging Sapi Kualitas 2,Daging Sapi,varian,2025-04-23 00:00:00,125000
Daging Sapi Kualitas 2,Daging Sapi,varian,2025-04-24 00:00:00,125000
Daging Sapi Kualitas 2,Daging Sapi,varian,2025-04-25 00:00:00,125000
Daging Sapi Kualitas 2,Daging Sapi,varian,2025-04-28 00:00:00,125000
Daging Sapi Kualitas 2,Daging Sapi,varian,2025-04-29 00:00:00,125000
Daging Sapi Kualitas 2,Daging Sapi,varian,2025-04-30 00:00:00,125000
Daging Sapi Kualitas 2,Daging Sapi,varian,2025-05-01 00:00:00,125000
Daging Sapi Kualitas 2,Daging Sapi,varian,2025-05-02 00:00:00,125000
Daging Sapi Kualitas 2,Daging Sapi,varian,2025-05-05 00:00:00,125000
Daging Sapi Kualitas 2,Daging Sapi,varian,2025-05-06 00:00:00,125000
Daging Sapi Kualitas 2,Daging Sapi,varian,2025-05-07 00:00:00,125000
Daging Sapi Kualitas 2,Daging Sapi,varian,2025-05-08 00:00:00,125000
Daging Sapi Kualitas 2,Daging Sapi,varian,2025-05-09 00:00:00,125000
Daging Sapi Kualitas 2,Daging Sapi,varian,2025-05-12 00:00:00,125000
Daging Sapi Kualitas 2,Daging Sapi,varian,2025-05-13 00:00:00,125000
Daging Sapi Kualitas 2,Daging Sapi,varian,2025-05-14 00:00:00,125000
Daging Sapi Kualitas 2,Daging Sapi,varian,2025-05-15 00:00:00,125000
Daging Sapi Kualitas 2,Daging Sapi,varian,2025-05-16 00:00:00,125000
Daging Sapi Kualitas 2,Daging Sapi,varian,2025-05-19 00:00:00,125000
Daging Sapi Kualitas 2,Daging Sapi,varian,2025-05-20 00:00:00,125000
Daging Sapi Kualitas 2,Daging Sapi,varian,2025-05-21 00:00:00,125000
Daging Sapi Kualitas 2,Daging Sapi,varian,2025-05-22 00:00:00,125000
Daging Sapi Kualitas 2,Daging Sapi,varian,2025-05-23 00:00:00,125000
Daging Sapi Kualitas 2,Daging Sapi,varian,2025-05-26 00:00:00,125000
Daging Sapi Kualitas 2,Daging Sapi,varian,2025-05-27 00:00:00,125000
Daging Sapi Kualitas 2,Daging Sapi,varian,2025-05-28 00:00:00,125000
Daging Sapi Kualitas 2,Daging Sapi,varian,2025-05-29 00:00:00,125000
Daging Sapi Kualitas 2,Daging Sapi,varian,2025-05-30 00:00:00,125000
Daging Sapi Kualitas 2,Daging Sapi,varian,2025-06-02 00:00:00,125000
Daging Sapi Kualitas 2,Daging Sapi,varian,2025-06-03 00:00:00,125000
Daging Sapi Kualitas 2,Daging Sapi,varian,2025-06-04 00:00:00,125000
Daging Sapi Kualitas 2,Daging Sapi,varian,2025-06-05 00:00:00,125000
Daging Sapi Kualitas 2,Daging Sapi,varian,2025-06-06 00:00:00,125000
Daging Sapi Kualitas 2,Daging Sapi,varian,2025-06-09 00:00:00,125000
Daging Sapi Kualitas 2,Daging Sapi,varian,2025-06-10 00:00:00,125000
Daging Sapi Kualitas 2,Daging Sapi,varian,2025-06-11 00:00:00,125000
Daging Sapi Kualitas 2,Daging Sapi,varian,2025-06-12 00:00:00,125000
Daging Sapi Kualitas 2,Daging Sapi,varian,2025-06-13 00:00:00,125000
Daging Sapi Kualitas 2,Daging Sapi,varian,2025-06-16 00:00:00,125000
Daging Sapi Kualitas 2,Daging Sapi,varian,2025-06-17 00:00:00,125000
Daging Sapi Kualitas 2,Daging Sapi,varian,2025-06-18 00:00:00,125000
Daging Sapi Kualitas 2,Daging Sapi,varian,2025-06-19 00:00:00,125000
Daging Sapi Kualitas 2,Daging Sapi,varian,2025-06-20 00:00:00,125000
Daging Sapi Kualitas 2,Daging Sapi,varian,2025-06-23 00:00:00,125000
Daging Sapi Kualitas 2,Daging Sapi,varian,2025-06-24 00:00:00,125000
Daging Sapi Kualitas 2,Daging Sapi,varian,2025-06-25 00:00:00,125000
Daging Sapi Kualitas 2,Daging Sapi,varian,2025-06-26 00:00:00,125000
Daging Sapi Kualitas 2,Daging Sapi,varian,2025-06-27 00:00:00,125000
Daging Sapi Kualitas 2,Daging Sapi,varian,2025-06-30 00:00:00,125000
Daging Sapi Kualitas 2,Daging Sapi,varian,2025-07-01 00:00:00,125000
Daging Sapi Kualitas 2,Daging Sapi,varian,2025-07-02 00:00:00,125000
Daging Sapi Kualitas 2,Daging Sapi,varian,2025-07-03 00:00:00,125000
Daging Sapi Kualitas 2,Daging Sapi,varian,2025-07-04 00:00:00,125000
Daging Sapi Kualitas 2,Daging Sapi,varian,2025-07-07 00:00:00,126250
Daging Sapi Kualitas 2,Daging Sapi,varian,2025-07-08 00:00:00,126250
Daging Sapi Kualitas 2,Daging Sapi,varian,2025-07-09 00:00:00,126250
Daging Sapi Kualitas 2,Daging Sapi,varian,2025-07-10 00:00:00,126250
Daging Sapi Kualitas 2,Daging Sapi,varian,2025-07-11 00:00:00,126250
Daging Sapi Kualitas 2,Daging Sapi,varian,2025-07-14 00:00:00,127500
Daging Sapi Kualitas 2,Daging Sapi,varian,2025-07-15 00:00:00,127500
Daging Sapi Kualitas 2,Daging Sapi,varian,2025-07-16 00:00:00,127500
Daging Sapi Kualitas 2,Daging Sapi,varian,2025-07-17 00:00:00,127500
Daging Sapi Kualitas 2,Daging Sapi,varian,2025-07-18 00:00:00,127500
Daging Sapi Kualitas 2,Daging Sapi,varian,2025-07-21 00:00:00,127500
Daging Sapi Kualitas 2,Daging Sapi,varian,2025-07-22 00:00:00,127500
Daging Sapi Kualitas 2,Daging Sapi,varian,2025-07-23 00:00:00,127500
Daging Sapi Kualitas 2,Daging Sapi,varian,2025-07-24 00:00:00,127500
Daging Sapi Kualitas 2,Daging Sapi,varian,2025-07-25 00:00:00,127500
Daging Sapi Kualitas 2,Daging Sapi,varian,2025-07-28 00:00:00,127500
Daging Sapi Kualitas 2,Daging Sapi,varian,2025-07-29 00:00:00,127500
Daging Sapi Kualitas 2,Daging Sapi,varian,2025-07-30 00:00:00,127500
Daging Sapi Kualitas 2,Daging Sapi,varian,2025-07-31 00:00:00,127500
Daging Sapi Kualitas 2,Daging Sapi,varian,2025-08-01 00:00:00,127500
Daging Sapi Kualitas 2,Daging Sapi,varian,2025-08-04 00:00:00,127500
Daging Sapi Kualitas 2,Daging Sapi,varian,2025-08-05 00:00:00,127500
Daging Sapi Kualitas 2,Daging Sapi,varian,2025-08-06 00:00:00,127500
Daging Sapi Kualitas 2,Daging Sapi,varian,2025-08-07 00:00:00,127500
Daging Sapi Kualitas 2,Daging Sapi,varian,2025-08-08 00:00:00,127500
Daging Sapi Kualitas 2,Daging Sapi,varian,2025-08-11 00:00:00,127500
Daging Sapi Kualitas 2,Daging Sapi,varian,2025-08-12 00:00:00,127500
Daging Sapi Kualitas 2,Daging Sapi,varian,2025-08-13 00:00:00,127500
Daging Sapi Kualitas 2,Daging Sapi,varian,2025-08-14 00:00:00,127500
Daging Sapi Kualitas 2,Daging Sapi,varian,2025-08-15 00:00:00,127500
Daging Sapi Kualitas 2,Daging Sapi,varian,2025-08-18 00:00:00,127500
Daging Sapi Kualitas 2,Daging Sapi,varian,2025-08-19 00:00:00,127500
Daging Sapi Kualitas 2,Daging Sapi,varian,2025-08-20 00:00:00,127500
Daging Sapi Kualitas 2,Daging Sapi,varian,2025-08-21 00:00:00,127500
Daging Sapi Kualitas 2,Daging Sapi,varian,2025-08-22 00:00:00,127500
Daging Sapi Kualitas 2,Daging Sapi,varian,2025-08-25 00:00:00,127500
Daging Sapi Kualitas 2,Daging Sapi,varian,2025-08-26 00:00:00,127500
Daging Sapi Kualitas 2,Daging Sapi,varian,2025-08-27 00:00:00,127500
Daging Sapi Kualitas 2,Daging Sapi,varian,2025-08-28 00:00:00,127500
Daging Sapi Kualitas 2,Daging Sapi,varian,2025-08-29 00:00:00,127500
Daging Sapi Kualitas 2,Daging Sapi,varian,2025-09-01 00:00:00,127500
Daging Sapi Kualitas 2,Daging Sapi,varian,2025-09-02 00:00:00,127500
Daging Sapi Kualitas 2,Daging Sapi,varian,2025-09-03 00:00:00,127500
Daging Sapi Kualitas 2,Daging Sapi,varian,2025-09-04 00:00:00,127500
Daging Sapi Kualitas 2,Daging Sapi,varian,2025-09-05 00:00:00,127500
Daging Sapi Kualitas 2,Daging Sapi,varian,2025-09-08 00:00:00,127500
Daging Sapi Kualitas 2,Daging Sapi,varian,2025-09-09 00:00:00,127500
Daging Sapi Kualitas 2,Daging Sapi,varian,2025-09-10 00:00:00,127500
Daging Sapi Kualitas 2,Daging Sapi,varian,2025-09-11 00:00:00,127500
Daging Sapi Kualitas 2,Daging Sapi,varian,2025-09-12 00:00:00,127500
Daging Sapi Kualitas 2,Daging Sapi,varian,2025-09-15 00:00:00,127500
Daging Sapi Kualitas 2,Daging Sapi,varian,2025-09-16 00:00:00,127500
Daging Sapi Kualitas 2,Daging Sapi,varian,2025-09-17 00:00:00,127500
Daging Sapi Kualitas 2,Daging Sapi,varian,2025-09-18 00:00:00,127500
Daging Sapi Kualitas 2,Daging Sapi,varian,2025-09-19 00:00:00,127500
Daging Sapi Kualitas 2,Daging Sapi,varian,2025-09-22 00:00:00,127500
Daging Sapi Kualitas 2,Daging Sapi,varian,2025-09-23 00:00:00,127500
Daging Sapi Kualitas 2,Daging Sapi,varian,2025-09-24 00:00:00,127500
Daging Sapi Kualitas 2,Daging Sapi,varian,2025-09-25 00:00:00,127500
Daging Sapi Kualitas 2,Daging Sapi,varian,2025-09-26 00:00:00,127500
Daging Sapi Kualitas 2,Daging Sapi,varian,2025-09-29 00:00:00,127500
Daging Sapi Kualitas 2,Daging Sapi,varian,2025-09-30 00:00:00,127500
Daging Sapi Kualitas 2,Daging Sapi,varian,2025-10-01 00:00:00,127500
Daging Sapi Kualitas 2,Daging Sapi,varian,2025-10-02 00:00:00,127500
Daging Sapi Kualitas 2,Daging Sapi,varian,2025-10-03 00:00:00,127500
Daging Sapi Kualitas 2,Daging Sapi,varian,2025-10-06 00:00:00,127500
Daging Sapi Kualitas 2,Daging Sapi,varian,2025-10-07 00:00:00,127500
Daging Sapi Kualitas 2,Daging Sapi,varian,2025-10-08 00:00:00,127500
Daging Sapi Kualitas 2,Daging Sapi,varian,2025-10-09 00:00:00,127500
Daging Sapi Kualitas 2,Daging Sapi,varian,2025-10-10 00:00:00,127500
Daging Sapi Kualitas 2,Daging Sapi,varian,2025-10-13 00:00:00,127500
Daging Sapi Kualitas 2,Daging Sapi,varian,2025-10-14 00:00:00,127500
Daging Sapi Kualitas 2,Daging Sapi,varian,2025-10-15 00:00:00,127500
Daging Sapi Kualitas 2,Daging Sapi,varian,2025-10-16 00:00:00,127500
Daging Sapi Kualitas 2,Daging Sapi,varian,2025-10-17 00:00:00,127500
Daging Sapi Kualitas 2,Daging Sapi,varian,2025-10-20 00:00:00,127500
Daging Sapi Kualitas 2,Daging Sapi,varian,2025-10-21 00:00:00,127500
Daging Sapi Kualitas 2,Daging Sapi,varian,2025-10-22 00:00:00,127500
Daging Sapi Kualitas 2,Daging Sapi,varian,2025-10-23 00:00:00,127500
Daging Sapi Kualitas 2,Daging Sapi,varian,2025-10-24 00:00:00,127500
Daging Sapi Kualitas 2,Daging Sapi,varian,2025-10-27 00:00:00,127500
Daging Sapi Kualitas 2,Daging Sapi,varian,2025-10-28 00:00:00,127500
Daging Sapi Kualitas 2,Daging Sapi,varian,2025-10-29 00:00:00,127500
Daging Sapi Kualitas 2,Daging Sapi,varian,2025-10-30 00:00:00,127500
Daging Sapi Kualitas 2,Daging Sapi,varian,2025-10-31 00:00:00,127500
Daging Sapi Kualitas 2,Daging Sapi,varian,2025-11-03 00:00:00,127500
Daging Sapi Kualitas 2,Daging Sapi,varian,2025-11-04 00:00:00,127500
Daging Sapi Kualitas 2,Daging Sapi,varian,2025-11-05 00:00:00,127500
Daging Sapi Kualitas 2,Daging Sapi,varian,2025-11-06 00:00:00,127500
Daging Sapi Kualitas 2,Daging Sapi,varian,2025-11-07 00:00:00,127500
Daging Sapi Kualitas 2,Daging Sapi,varian,2025-11-10 00:00:00,127500
Daging Sapi Kualitas 2,Daging Sapi,varian,2025-11-11 00:00:00,127500
Daging Sapi Kualitas 2,Daging Sapi,varian,2025-11-12 00:00:00,127500
Daging Sapi Kualitas 2,Daging Sapi,varian,2025-11-13 00:00:00,127500
Daging Sapi Kualitas 2,Daging Sapi,varian,2025-11-14 00:00:00,127500
Daging Sapi Kualitas 2,Daging Sapi,varian,2025-11-17 00:00:00,127500
Daging Sapi Kualitas 2,Daging Sapi,varian,2025-11-18 00:00:00,127500
Daging Sapi Kualitas 2,Daging Sapi,varian,2025-11-19 00:00:00,127500
Daging Sapi Kualitas 2,Daging Sapi,varian,2025-11-20 00:00:00,127500
Daging Sapi Kualitas 2,Daging Sapi,varian,2025-11-21 00:00:00,127500
Daging Sapi Kualitas 2,Daging Sapi,varian,2025-11-24 00:00:00,127500
Daging Sapi Kualitas 2,Daging Sapi,varian,2025-11-25 00:00:00,127500
Daging Sapi Kualitas 2,Daging Sapi,varian,2025-11-26 00:00:00,127500
Daging Sapi Kualitas 2,Daging Sapi,varian,2025-11-27 00:00:00,127500
Daging Sapi Kualitas 2,Daging Sapi,varian,2025-11-28 00:00:00,127500
Daging Sapi Kualitas 2,Daging Sapi,varian,2025-12-01 00:00:00,127500
Daging Sapi Kualitas 2,Daging Sapi,varian,2025-12-02 00:00:00,127500
Daging Sapi Kualitas 2,Daging Sapi,varian,2025-12-03 00:00:00,127500
Daging Sapi Kualitas 2,Daging Sapi,varian,2025-12-04 00:00:00,127500
Daging Sapi Kualitas 2,Daging Sapi,varian,2025-12-05 00:00:00,127500
Daging Sapi Kualitas 2,Daging Sapi,varian,2025-12-08 00:00:00,127500
Daging Sapi Kualitas 2,Daging Sapi,varian,2025-12-09 00:00:00,127500
Daging Sapi Kualitas 2,Daging Sapi,varian,2025-12-10 00:00:00,128750
Daging Sapi Kualitas 2,Daging Sapi,varian,2025-12-11 00:00:00,128750
Daging Sapi Kualitas 2,Daging Sapi,varian,2025-12-12 00:00:00,128750
Daging Sapi Kualitas 2,Daging Sapi,varian,2025-12-15 00:00:00,128750
Daging Sapi Kualitas 2,Daging Sapi,varian,2025-12-16 00:00:00,128750
Daging Sapi Kualitas 2,Daging Sapi,varian,2025-12-17 00:00:00,128750
Daging Sapi Kualitas 2,Daging Sapi,varian,2025-12-18 00:00:00,128750
Daging Sapi Kualitas 2,Daging Sapi,varian,2025-12-19 00:00:00,128750
Daging Sapi Kualitas 2,Daging Sapi,varian,2025-12-22 00:00:00,128750
Daging Sapi Kualitas 2,Daging Sapi,varian,2025-12-23 00:00:00,128750
Daging Sapi Kualitas 2,Daging Sapi,varian,2025-12-24 00:00:00,131250
Daging Sapi Kualitas 2,Daging Sapi,varian,2025-12-25 00:00:00,131250
Daging Sapi Kualitas 2,Daging Sapi,varian,2025-12-26 00:00:00,131250
Daging Sapi Kualitas 2,Daging Sapi,varian,2025-12-29 00:00:00,130000
Daging Sapi Kualitas 2,Daging Sapi,varian,2025-12-30 00:00:00,130000
Daging Sapi Kualitas 2,Daging Sapi,varian,2025-12-31 00:00:00,136250
Daging Sapi Kualitas 2,Daging Sapi,varian,2026-01-01 00:00:00,136250
Daging Sapi Kualitas 2,Daging Sapi,varian,2026-01-02 00:00:00,136250
Daging Sapi Kualitas 2,Daging Sapi,varian,2026-01-05 00:00:00,132500
Daging Sapi Kualitas 2,Daging Sapi,varian,2026-01-06 00:00:00,132500
Daging Sapi Kualitas 2,Daging Sapi,varian,2026-01-07 00:00:00,132500
Daging Sapi Kualitas 2,Daging Sapi,varian,2026-01-08 00:00:00,132500
Daging Sapi Kualitas 2,Daging Sapi,varian,2026-01-09 00:00:00,132500
Daging Sapi Kualitas 2,Daging Sapi,varian,2026-01-12 00:00:00,132500
Daging Sapi Kualitas 2,Daging Sapi,varian,2026-01-13 00:00:00,132500
Daging Sapi Kualitas 2,Daging Sapi,varian,2026-01-14 00:00:00,132500
Daging Sapi Kualitas 2,Daging Sapi,varian,2026-01-15 00:00:00,132500
Daging Sapi Kualitas 2,Daging Sapi,varian,2026-01-16 00:00:00,132500
Daging Sapi Kualitas 2,Daging Sapi,varian,2026-01-19 00:00:00,132500
Daging Sapi Kualitas 2,Daging Sapi,varian,2026-01-20 00:00:00,132500
Daging Sapi Kualitas 2,Daging Sapi,varian,2026-01-21 00:00:00,132500
Daging Sapi Kualitas 2,Daging Sapi,varian,2026-01-22 00:00:00,132500
Daging Sapi Kualitas 2,Daging Sapi,varian,2026-01-23 00:00:00,132500
Daging Sapi Kualitas 2,Daging Sapi,varian,2026-01-26 00:00:00,132500
Daging Sapi Kualitas 2,Daging Sapi,varian,2026-01-27 00:00:00,132500
Daging Sapi Kualitas 2,Daging Sapi,varian,2026-01-28 00:00:00,132500
Daging Sapi Kualitas 2,Daging Sapi,varian,2026-01-29 00:00:00,132500
Daging Sapi Kualitas 2,Daging Sapi,varian,2026-01-30 00:00:00,132500
Daging Sapi Kualitas 2,Daging Sapi,varian,2026-02-02 00:00:00,132500
Daging Sapi Kualitas 2,Daging Sapi,varian,2026-02-03 00:00:00,132500
Daging Sapi Kualitas 2,Daging Sapi,varian,2026-02-04 00:00:00,132500
Daging Sapi Kualitas 2,Daging Sapi,varian,2026-02-05 00:00:00,132500
Daging Sapi Kualitas 2,Daging Sapi,varian,2026-02-06 00:00:00,132500
Daging Sapi Kualitas 2,Daging Sapi,varian,2026-02-09 00:00:00,132500
Daging Sapi Kualitas 2,Daging Sapi,varian,2026-02-10 00:00:00,132500
Daging Sapi Kualitas 2,Daging Sapi,varian,2026-02-11 00:00:00,132500
Daging Sapi Kualitas 2,Daging Sapi,varian,2026-02-12 00:00:00,132500
Daging Sapi Kualitas 2,Daging Sapi,varian,2026-02-13 00:00:00,132500
Daging Sapi Kualitas 2,Daging Sapi,varian,2026-02-16 00:00:00,132500
Daging Sapi Kualitas 2,Daging Sapi,varian,2026-02-17 00:00:00,132500
Daging Sapi Kualitas 2,Daging Sapi,varian,2026-02-18 00:00:00,132500
Daging Sapi Kualitas 2,Daging Sapi,varian,2026-02-19 00:00:00,132500
Daging Sapi Kualitas 2,Daging Sapi,varian,2026-02-20 00:00:00,132500
Daging Sapi Kualitas 2,Daging Sapi,varian,2026-02-23 00:00:00,132500
Daging Sapi Kualitas 2,Daging Sapi,varian,2026-02-24 00:00:00,132500
Daging Sapi Kualitas 2,Daging Sapi,varian,2026-02-25 00:00:00,132500
Daging Sapi Kualitas 2,Daging Sapi,varian,2026-02-26 00:00:00,132500
Daging Sapi Kualitas 2,Daging Sapi,varian,2026-02-27 00:00:00,132500
Daging Sapi Kualitas 2,Daging Sapi,varian,2026-03-02 00:00:00,132500
Daging Sapi Kualitas 2,Daging Sapi,varian,2026-03-03 00:00:00,132500
Daging Sapi Kualitas 2,Daging Sapi,varian,2026-03-04 00:00:00,132500
Daging Sapi Kualitas 2,Daging Sapi,varian,2026-03-05 00:00:00,132500
Daging Sapi Kualitas 2,Daging Sapi,varian,2026-03-06 00:00:00,132500
Daging Sapi Kualitas 2,Daging Sapi,varian,2026-03-09 00:00:00,132500
Daging Sapi Kualitas 2,Daging Sapi,varian,2026-03-10 00:00:00,135000
Daging Sapi Kualitas 2,Daging Sapi,varian,2026-03-11 00:00:00,132500
Daging Sapi Kualitas 2,Daging Sapi,varian,2026-03-12 00:00:00,135000
Daging Sapi Kualitas 2,Daging Sapi,varian,2026-03-13 00:00:00,135000
Daging Sapi Kualitas 2,Daging Sapi,varian,2026-03-16 00:00:00,135000
Daging Sapi Kualitas 2,Daging Sapi,varian,2026-03-17 00:00:00,140000
Daging Sapi Kualitas 2,Daging Sapi,varian,2026-03-18 00:00:00,140000
Daging Sapi Kualitas 2,Daging Sapi,varian,2026-03-19 00:00:00,140000
Daging Sapi Kualitas 2,Daging Sapi,varian,2026-03-20 00:00:00,140000
Daging Sapi Kualitas 2,Daging Sapi,varian,2026-03-23 00:00:00,140000
Daging Sapi Kualitas 2,Daging Sapi,varian,2026-03-24 00:00:00,140000
Daging Sapi Kualitas 2,Daging Sapi,varian,2026-03-25 00:00:00,140000
Daging Sapi Kualitas 2,Daging Sapi,varian,2026-03-26 00:00:00,140000
Daging Sapi Kualitas 2,Daging Sapi,varian,2026-03-27 00:00:00,140000
Daging Sapi Kualitas 2,Daging Sapi,varian,2026-03-30 00:00:00,140000
Daging Sapi Kualitas 2,Daging Sapi,varian,2026-03-31 00:00:00,140000
Daging Sapi Kualitas 2,Daging Sapi,varian,2026-04-01 00:00:00,140000
Daging Sapi Kualitas 2,Daging Sapi,varian,2026-04-02 00:00:00,140000
Daging Sapi Kualitas 2,Daging Sapi,varian,2026-04-03 00:00:00,140000
Daging Sapi Kualitas 2,Daging Sapi,varian,2026-04-06 00:00:00,140000
Daging Sapi Kualitas 2,Daging Sapi,varian,2026-04-07 00:00:00,140000
Daging Sapi Kualitas 2,Daging Sapi,varian,2026-04-08 00:00:00,140000
Daging Sapi Kualitas 2,Daging Sapi,varian,2026-04-09 00:00:00,140000
Daging Sapi Kualitas 2,Daging Sapi,varian,2026-04-10 00:00:00,140000
Daging Sapi Kualitas 2,Daging Sapi,varian,2026-04-13 00:00:00,140000
Daging Sapi Kualitas 2,Daging Sapi,varian,2026-04-14 00:00:00,140000
Daging Sapi Kualitas 2,Daging Sapi,varian,2026-04-15 00:00:00,140000
Daging Sapi Kualitas 2,Daging Sapi,varian,2026-04-16 00:00:00,140000
Daging Sapi Kualitas 2,Daging Sapi,varian,2026-04-17 00:00:00,140000
Daging Sapi Kualitas 2,Daging Sapi,varian,2026-04-20 00:00:00,140000
Daging Sapi Kualitas 2,Daging Sapi,varian,2026-04-21 00:00:00,140000
Daging Sapi Kualitas 2,Daging Sapi,varian,2026-04-22 00:00:00,140000
Daging Sapi Kualitas 2,Daging Sapi,varian,2026-04-23 00:00:00,140000
Daging Sapi Kualitas 2,Daging Sapi,varian,2026-04-24 00:00:00,140000
Daging Sapi Kualitas 2,Daging Sapi,varian,2026-04-27 00:00:00,140000
Daging Sapi Kualitas 2,Daging Sapi,varian,2026-04-28 00:00:00,140000
Daging Sapi Kualitas 2,Daging Sapi,varian,2026-04-29 00:00:00,140000
Daging Sapi Kualitas 2,Daging Sapi,varian,2026-04-30 00:00:00,140000
Daging Sapi Kualitas 2,Daging Sapi,varian,2026-05-01 00:00:00,140000
Daging Sapi Kualitas 2,Daging Sapi,varian,2026-05-04 00:00:00,140000
Daging Sapi Kualitas 2,Daging Sapi,varian,2026-05-05 00:00:00,140000
Daging Sapi Kualitas 2,Daging Sapi,varian,2026-05-06 00:00:00,140000
Daging Sapi Kualitas 2,Daging Sapi,varian,2026-05-07 00:00:00,140000
Daging Sapi Kualitas 2,Daging Sapi,varian,2026-05-08 00:00:00,140000
Daging Sapi Kualitas 2,Daging Sapi,varian,2026-05-11 00:00:00,140000
Daging Sapi Kualitas 2,Daging Sapi,varian,2026-05-12 00:00:00,140000
Daging Sapi Kualitas 2,Daging Sapi,varian,2026-05-13 00:00:00,140000
Daging Sapi Kualitas 2,Daging Sapi,varian,2026-05-14 00:00:00,140000
Daging Sapi Kualitas 2,Daging Sapi,varian,2026-05-15 00:00:00,140000
Daging Sapi Kualitas 2,Daging Sapi,varian,2026-05-18 00:00:00,140000
Daging Sapi Kualitas 2,Daging Sapi,varian,2026-05-19 00:00:00,140000
Daging Sapi Kualitas 2,Daging Sapi,varian,2026-05-20 00:00:00,140000
Daging Sapi Kualitas 2,Daging Sapi,varian,2026-05-21 00:00:00,140000
Daging Sapi Kualitas 2,Daging Sapi,varian,2026-05-22 00:00:00,140000
Daging Sapi Kualitas 2,Daging Sapi,varian,2026-05-25 00:00:00,140000
Daging Sapi Kualitas 2,Daging Sapi,varian,2026-05-26 00:00:00,140000
Daging Sapi Kualitas 2,Daging Sapi,varian,2026-05-27 00:00:00,140000
Daging Sapi Kualitas 2,Daging Sapi,varian,2026-05-28 00:00:00,140000
Daging Sapi Kualitas 2,Daging Sapi,varian,2026-05-29 00:00:00,140000
Daging Sapi Kualitas 2,Daging Sapi,varian,2026-06-01 00:00:00,140000
Daging Sapi Kualitas 2,Daging Sapi,varian,2026-06-02 00:00:00,140000
Daging Sapi Kualitas 2,Daging Sapi,varian,2026-06-03 00:00:00,140000
Daging Sapi Kualitas 2,Daging Sapi,varian,2026-06-04 00:00:00,140000
Daging Sapi Kualitas 2,Daging Sapi,varian,2026-06-05 00:00:00,140000
Daging Sapi Kualitas 2,Daging Sapi,varian,2026-06-08 00:00:00,140000
Daging Sapi Kualitas 2,Daging Sapi,varian,2026-06-09 00:00:00,140000
Daging Sapi Kualitas 2,Daging Sapi,varian,2026-06-10 00:00:00,140000
Daging Sapi Kualitas 2,Daging Sapi,varian,2026-06-11 00:00:00,140000
Daging Sapi Kualitas 2,Daging Sapi,varian,2026-06-12 00:00:00,140000
Daging Sapi Kualitas 2,Daging Sapi,varian,2026-06-15 00:00:00,140000
Daging Sapi Kualitas 2,Daging Sapi,varian,2026-06-16 00:00:00,140000
Daging Sapi Kualitas 2,Daging Sapi,varian,2026-06-17 00:00:00,140000
Daging Sapi Kualitas 2,Daging Sapi,varian,2026-06-18 00:00:00,145000
Daging Sapi Kualitas 2,Daging Sapi,varian,2026-06-19 00:00:00,145000
Daging Sapi Kualitas 2,Daging Sapi,varian,2026-06-22 00:00:00,145000
Daging Sapi Kualitas 2,Daging Sapi,varian,2026-06-23 00:00:00,145000
Daging Sapi Kualitas 2,Daging Sapi,varian,2026-06-24 00:00:00,145000
Daging Sapi Kualitas 2,Daging Sapi,varian,2026-06-25 00:00:00,145000
Daging Sapi Kualitas 2,Daging Sapi,varian,2026-06-26 00:00:00,145000
Daging Sapi Kualitas 2,Daging Sapi,varian,2026-06-29 00:00:00,145000
Daging Sapi Kualitas 2,Daging Sapi,varian,2026-06-30 00:00:00,145000
Daging Sapi Kualitas 2,Daging Sapi,varian,2026-07-01 00:00:00,145000
Daging Sapi Kualitas 2,Daging Sapi,varian,2026-07-02 00:00:00,145000
Daging Sapi Kualitas 2,Daging Sapi,varian,2026-07-03 00:00:00,145000
Daging Sapi Kualitas 2,Daging Sapi,varian,2026-07-06 00:00:00,145000
Daging Sapi Kualitas 2,Daging Sapi,varian,2026-07-07 00:00:00,145000
Daging Sapi Kualitas 2,Daging Sapi,varian,2026-07-08 00:00:00,145000
Daging Sapi Kualitas 2,Daging Sapi,varian,2026-07-09 00:00:00,145000
Daging Sapi Kualitas 2,Daging Sapi,varian,2026-07-10 00:00:00,145000
Daging Sapi Kualitas 2,Daging Sapi,varian,2026-07-13 00:00:00,145000
Daging Sapi Kualitas 2,Daging Sapi,varian,2026-07-14 00:00:00,145000
Daging Sapi Kualitas 2,Daging Sapi,varian,2026-07-15 00:00:00,145000
Daging Sapi Kualitas 2,Daging Sapi,varian,2026-07-16 00:00:00,145000
Daging Sapi Kualitas 2,Daging Sapi,varian,2026-07-17 00:00:00,145000
Daging Sapi Kualitas 2,Daging Sapi,varian,2026-07-20 00:00:00,145000
Daging Sapi Kualitas 2,Daging Sapi,varian,2026-07-21 00:00:00,145000
Daging Sapi Kualitas 2,Daging Sapi,varian,2026-07-22 00:00:00,150000
Daging Sapi Kualitas 2,Daging Sapi,varian,2026-07-23 00:00:00,150000
Daging Sapi Kualitas 2,Daging Sapi,varian,2026-07-24 00:00:00,150000
Daging Sapi Kualitas 2,Daging Sapi,varian,2026-07-27 00:00:00,147500
Daging Sapi Kualitas 2,Daging Sapi,varian,2026-07-28 00:00:00,147500
Daging Sapi Kualitas 2,Daging Sapi,varian,2026-07-29 00:00:00,147500
Daging Sapi Kualitas 2,Daging Sapi,varian,2026-07-30 00:00:00,147500
Daging Sapi Kualitas 2,Daging Sapi,varian,2026-07-31 00:00:00,147500
Daging Sapi Kualitas 2,Daging Sapi,varian,2026-08-03 00:00:00,147500
Daging Sapi Kualitas 2,Daging Sapi,varian,2026-08-04 00:00:00,147500
Daging Sapi Kualitas 2,Daging Sapi,varian,2026-08-05 00:00:00,147500
Daging Sapi Kualitas 2,Daging Sapi,varian,2026-08-06 00:00:00,147500
Daging Sapi Kualitas 2,Daging Sapi,varian,2026-08-07 00:00:00,147500
Daging Sapi Kualitas 2,Daging Sapi,varian,2026-08-10 00:00:00,147500
Daging Sapi Kualitas 2,Daging Sapi,varian,2026-08-11 00:00:00,147500
Daging Sapi Kualitas 2,Daging Sapi,varian,2026-08-12 00:00:00,147500
Daging Sapi Kualitas 2,Daging Sapi,varian,2026-08-13 00:00:00,147500
Daging Sapi Kualitas 2,Daging Sapi,varian,2026-08-14 00:00:00,147500
Daging Sapi Kualitas 2,Daging Sapi,varian,2026-08-17 00:00:00,147500
Daging Sapi Kualitas 2,Daging Sapi,varian,2026-08-18 00:00:00,147500
Daging Sapi Kualitas 2,Daging Sapi,varian,2026-08-19 00:00:00,147500
Daging Sapi Kualitas 2,Daging Sapi,varian,2026-08-20 00:00:00,147500
Daging Sapi Kualitas 2,Daging Sapi,varian,2026-08-21 00:00:00,147500
Daging Sapi Kualitas 2,Daging Sapi,varian,2026-08-24 00:00:00,147500
Daging Sapi Kualitas 2,Daging Sapi,varian,2026-08-25 00:00:00,147500
Daging Sapi Kualitas 2,Daging Sapi,varian,2026-08-26 00:00:00,147500
Daging Sapi Kualitas 2,Daging Sapi,varian,2026-08-27 00:00:00,147500
Daging Sapi Kualitas 2,Daging Sapi,varian,2026-08-28 00:00:00,147500
Daging Sapi Kualitas 2,Daging Sapi,varian,2026-08-31 00:00:00,147500
Daging Sapi Kualitas 2,Daging Sapi,varian,2026-09-01 00:00:00,147500
Daging Sapi Kualitas 2,Daging Sapi,varian,2026-09-02 00:00:00,147500
Daging Sapi Kualitas 2,Daging Sapi,varian,2026-09-03 00:00:00,147500
Daging Sapi Kualitas 2,Daging Sapi,varian,2026-09-04 00:00:00,147500
Daging Sapi Kualitas 2,Daging Sapi,varian,2026-09-07 00:00:00,147500
Daging Sapi Kualitas 2,Daging Sapi,varian,2026-09-08 00:00:00,147500
Gula Pasir,Gula Pasir,kategori,2025-01-01 00:00:00,17650
Gula Pasir,Gula Pasir,kategori,2025-01-02 00:00:00,17650
Gula Pasir,Gula Pasir,kategori,2025-01-03 00:00:00,17650
Gula Pasir,Gula Pasir,kategori,2025-01-06 00:00:00,17650
Gula Pasir,Gula Pasir,kategori,2025-01-07 00:00:00,17650
Gula Pasir,Gula Pasir,kategori,2025-01-08 00:00:00,17650
Gula Pasir,Gula Pasir,kategori,2025-01-09 00:00:00,17750
Gula Pasir,Gula Pasir,kategori,2025-01-10 00:00:00,17750
Gula Pasir,Gula Pasir,kategori,2025-01-13 00:00:00,17750
Gula Pasir,Gula Pasir,kategori,2025-01-14 00:00:00,17750
Gula Pasir,Gula Pasir,kategori,2025-01-15 00:00:00,17750
Gula Pasir,Gula Pasir,kategori,2025-01-16 00:00:00,17750
Gula Pasir,Gula Pasir,kategori,2025-01-17 00:00:00,18150
Gula Pasir,Gula Pasir,kategori,2025-01-20 00:00:00,18150
Gula Pasir,Gula Pasir,kategori,2025-01-21 00:00:00,18150
Gula Pasir,Gula Pasir,kategori,2025-01-22 00:00:00,18150
Gula Pasir,Gula Pasir,kategori,2025-01-23 00:00:00,18000
Gula Pasir,Gula Pasir,kategori,2025-01-24 00:00:00,18000
Gula Pasir,Gula Pasir,kategori,2025-01-27 00:00:00,18000
Gula Pasir,Gula Pasir,kategori,2025-01-28 00:00:00,18000
Gula Pasir,Gula Pasir,kategori,2025-01-29 00:00:00,18000
Gula Pasir,Gula Pasir,kategori,2025-01-30 00:00:00,18250
Gula Pasir,Gula Pasir,kategori,2025-01-31 00:00:00,18500
Gula Pasir,Gula Pasir,kategori,2025-02-03 00:00:00,18400
Gula Pasir,Gula Pasir,kategori,2025-02-04 00:00:00,18400
Gula Pasir,Gula Pasir,kategori,2025-02-05 00:00:00,18400
Gula Pasir,Gula Pasir,kategori,2025-02-06 00:00:00,18400
Gula Pasir,Gula Pasir,kategori,2025-02-07 00:00:00,18400
Gula Pasir,Gula Pasir,kategori,2025-02-10 00:00:00,18400
Gula Pasir,Gula Pasir,kategori,2025-02-11 00:00:00,18400
Gula Pasir,Gula Pasir,kategori,2025-02-12 00:00:00,18400
Gula Pasir,Gula Pasir,kategori,2025-02-13 00:00:00,18250
Gula Pasir,Gula Pasir,kategori,2025-02-14 00:00:00,18250
Gula Pasir,Gula Pasir,kategori,2025-02-17 00:00:00,18250
Gula Pasir,Gula Pasir,kategori,2025-02-18 00:00:00,18250
Gula Pasir,Gula Pasir,kategori,2025-02-19 00:00:00,18250
Gula Pasir,Gula Pasir,kategori,2025-02-20 00:00:00,18250
Gula Pasir,Gula Pasir,kategori,2025-02-21 00:00:00,18250
Gula Pasir,Gula Pasir,kategori,2025-02-24 00:00:00,18250
Gula Pasir,Gula Pasir,kategori,2025-02-25 00:00:00,18400
Gula Pasir,Gula Pasir,kategori,2025-02-26 00:00:00,18400
Gula Pasir,Gula Pasir,kategori,2025-02-27 00:00:00,18250
Gula Pasir,Gula Pasir,kategori,2025-02-28 00:00:00,18250
Gula Pasir,Gula Pasir,kategori,2025-03-03 00:00:00,18250
Gula Pasir,Gula Pasir,kategori,2025-03-04 00:00:00,18250
Gula Pasir,Gula Pasir,kategori,2025-03-05 00:00:00,18250
Gula Pasir,Gula Pasir,kategori,2025-03-06 00:00:00,18250
Gula Pasir,Gula Pasir,kategori,2025-03-07 00:00:00,18150
Gula Pasir,Gula Pasir,kategori,2025-03-10 00:00:00,18150
Gula Pasir,Gula Pasir,kategori,2025-03-11 00:00:00,18150
Gula Pasir,Gula Pasir,kategori,2025-03-12 00:00:00,18150
Gula Pasir,Gula Pasir,kategori,2025-03-13 00:00:00,18150
Gula Pasir,Gula Pasir,kategori,2025-03-14 00:00:00,18150
Gula Pasir,Gula Pasir,kategori,2025-03-17 00:00:00,18150
Gula Pasir,Gula Pasir,kategori,2025-03-18 00:00:00,18150
Gula Pasir,Gula Pasir,kategori,2025-03-19 00:00:00,18150
Gula Pasir,Gula Pasir,kategori,2025-03-20 00:00:00,18150
Gula Pasir,Gula Pasir,kategori,2025-03-21 00:00:00,18150
Gula Pasir,Gula Pasir,kategori,2025-03-24 00:00:00,18150
Gula Pasir,Gula Pasir,kategori,2025-03-25 00:00:00,18150
Gula Pasir,Gula Pasir,kategori,2025-03-26 00:00:00,18150
Gula Pasir,Gula Pasir,kategori,2025-03-27 00:00:00,18150
Gula Pasir,Gula Pasir,kategori,2025-03-28 00:00:00,18150
Gula Pasir,Gula Pasir,kategori,2025-03-31 00:00:00,18150
Gula Pasir,Gula Pasir,kategori,2025-04-01 00:00:00,18150
Gula Pasir,Gula Pasir,kategori,2025-04-02 00:00:00,18150
Gula Pasir,Gula Pasir,kategori,2025-04-03 00:00:00,18150
Gula Pasir,Gula Pasir,kategori,2025-04-04 00:00:00,18150
Gula Pasir,Gula Pasir,kategori,2025-04-07 00:00:00,18150
Gula Pasir,Gula Pasir,kategori,2025-04-08 00:00:00,18150
Gula Pasir,Gula Pasir,kategori,2025-04-09 00:00:00,18150
Gula Pasir,Gula Pasir,kategori,2025-04-10 00:00:00,18150
Gula Pasir,Gula Pasir,kategori,2025-04-11 00:00:00,18150
Gula Pasir,Gula Pasir,kategori,2025-04-14 00:00:00,18150
Gula Pasir,Gula Pasir,kategori,2025-04-15 00:00:00,18150
Gula Pasir,Gula Pasir,kategori,2025-04-16 00:00:00,18150
Gula Pasir,Gula Pasir,kategori,2025-04-17 00:00:00,18150
Gula Pasir,Gula Pasir,kategori,2025-04-18 00:00:00,18150
Gula Pasir,Gula Pasir,kategori,2025-04-21 00:00:00,18150
Gula Pasir,Gula Pasir,kategori,2025-04-22 00:00:00,18150
Gula Pasir,Gula Pasir,kategori,2025-04-23 00:00:00,18150
Gula Pasir,Gula Pasir,kategori,2025-04-24 00:00:00,18150
Gula Pasir,Gula Pasir,kategori,2025-04-25 00:00:00,18150
Gula Pasir,Gula Pasir,kategori,2025-04-28 00:00:00,18150
Gula Pasir,Gula Pasir,kategori,2025-04-29 00:00:00,18150
Gula Pasir,Gula Pasir,kategori,2025-04-30 00:00:00,18150
Gula Pasir,Gula Pasir,kategori,2025-05-01 00:00:00,18150
Gula Pasir,Gula Pasir,kategori,2025-05-02 00:00:00,18150
Gula Pasir,Gula Pasir,kategori,2025-05-05 00:00:00,18150
Gula Pasir,Gula Pasir,kategori,2025-05-06 00:00:00,18150
Gula Pasir,Gula Pasir,kategori,2025-05-07 00:00:00,18150
Gula Pasir,Gula Pasir,kategori,2025-05-08 00:00:00,18150
Gula Pasir,Gula Pasir,kategori,2025-05-09 00:00:00,18150
Gula Pasir,Gula Pasir,kategori,2025-05-12 00:00:00,18150
Gula Pasir,Gula Pasir,kategori,2025-05-13 00:00:00,18150
Gula Pasir,Gula Pasir,kategori,2025-05-14 00:00:00,18150
Gula Pasir,Gula Pasir,kategori,2025-05-15 00:00:00,18150
Gula Pasir,Gula Pasir,kategori,2025-05-16 00:00:00,18150
Gula Pasir,Gula Pasir,kategori,2025-05-19 00:00:00,18150
Gula Pasir,Gula Pasir,kategori,2025-05-20 00:00:00,18150
Gula Pasir,Gula Pasir,kategori,2025-05-21 00:00:00,18150
Gula Pasir,Gula Pasir,kategori,2025-05-22 00:00:00,18150
Gula Pasir,Gula Pasir,kategori,2025-05-23 00:00:00,18150
Gula Pasir,Gula Pasir,kategori,2025-05-26 00:00:00,18150
Gula Pasir,Gula Pasir,kategori,2025-05-27 00:00:00,18150
Gula Pasir,Gula Pasir,kategori,2025-05-28 00:00:00,18150
Gula Pasir,Gula Pasir,kategori,2025-05-29 00:00:00,18150
Gula Pasir,Gula Pasir,kategori,2025-05-30 00:00:00,18150
Gula Pasir,Gula Pasir,kategori,2025-06-02 00:00:00,18150
Gula Pasir,Gula Pasir,kategori,2025-06-03 00:00:00,18150
Gula Pasir,Gula Pasir,kategori,2025-06-04 00:00:00,18150
Gula Pasir,Gula Pasir,kategori,2025-06-05 00:00:00,18150
Gula Pasir,Gula Pasir,kategori,2025-06-06 00:00:00,18150
Gula Pasir,Gula Pasir,kategori,2025-06-09 00:00:00,18150
Gula Pasir,Gula Pasir,kategori,2025-06-10 00:00:00,18150
Gula Pasir,Gula Pasir,kategori,2025-06-11 00:00:00,18150
Gula Pasir,Gula Pasir,kategori,2025-06-12 00:00:00,18150
Gula Pasir,Gula Pasir,kategori,2025-06-13 00:00:00,18150
Gula Pasir,Gula Pasir,kategori,2025-06-16 00:00:00,18150
Gula Pasir,Gula Pasir,kategori,2025-06-17 00:00:00,18150
Gula Pasir,Gula Pasir,kategori,2025-06-18 00:00:00,18150
Gula Pasir,Gula Pasir,kategori,2025-06-19 00:00:00,18150
Gula Pasir,Gula Pasir,kategori,2025-06-20 00:00:00,18150
Gula Pasir,Gula Pasir,kategori,2025-06-23 00:00:00,18150
Gula Pasir,Gula Pasir,kategori,2025-06-24 00:00:00,18150
Gula Pasir,Gula Pasir,kategori,2025-06-25 00:00:00,18150
Gula Pasir,Gula Pasir,kategori,2025-06-26 00:00:00,18150
Gula Pasir,Gula Pasir,kategori,2025-06-27 00:00:00,18150
Gula Pasir,Gula Pasir,kategori,2025-06-30 00:00:00,18150
Gula Pasir,Gula Pasir,kategori,2025-07-01 00:00:00,18150
Gula Pasir,Gula Pasir,kategori,2025-07-02 00:00:00,18150
Gula Pasir,Gula Pasir,kategori,2025-07-03 00:00:00,18150
Gula Pasir,Gula Pasir,kategori,2025-07-04 00:00:00,18150
Gula Pasir,Gula Pasir,kategori,2025-07-07 00:00:00,18150
Gula Pasir,Gula Pasir,kategori,2025-07-08 00:00:00,18150
Gula Pasir,Gula Pasir,kategori,2025-07-09 00:00:00,18150
Gula Pasir,Gula Pasir,kategori,2025-07-10 00:00:00,18150
Gula Pasir,Gula Pasir,kategori,2025-07-11 00:00:00,18150
Gula Pasir,Gula Pasir,kategori,2025-07-14 00:00:00,18150
Gula Pasir,Gula Pasir,kategori,2025-07-15 00:00:00,18150
Gula Pasir,Gula Pasir,kategori,2025-07-16 00:00:00,18150
Gula Pasir,Gula Pasir,kategori,2025-07-17 00:00:00,18150
Gula Pasir,Gula Pasir,kategori,2025-07-18 00:00:00,18150
Gula Pasir,Gula Pasir,kategori,2025-07-21 00:00:00,18150
Gula Pasir,Gula Pasir,kategori,2025-07-22 00:00:00,18150
Gula Pasir,Gula Pasir,kategori,2025-07-23 00:00:00,18150
Gula Pasir,Gula Pasir,kategori,2025-07-24 00:00:00,18150
Gula Pasir,Gula Pasir,kategori,2025-07-25 00:00:00,18150
Gula Pasir,Gula Pasir,kategori,2025-07-28 00:00:00,18150
Gula Pasir,Gula Pasir,kategori,2025-07-29 00:00:00,18100
Gula Pasir,Gula Pasir,kategori,2025-07-30 00:00:00,18100
Gula Pasir,Gula Pasir,kategori,2025-07-31 00:00:00,18100
Gula Pasir,Gula Pasir,kategori,2025-08-01 00:00:00,17950
Gula Pasir,Gula Pasir,kategori,2025-08-04 00:00:00,17900
Gula Pasir,Gula Pasir,kategori,2025-08-05 00:00:00,17750
Gula Pasir,Gula Pasir,kategori,2025-08-06 00:00:00,17750
Gula Pasir,Gula Pasir,kategori,2025-08-07 00:00:00,17750
Gula Pasir,Gula Pasir,kategori,2025-08-08 00:00:00,17750
Gula Pasir,Gula Pasir,kategori,2025-08-11 00:00:00,17750
Gula Pasir,Gula Pasir,kategori,2025-08-12 00:00:00,17750
Gula Pasir,Gula Pasir,kategori,2025-08-13 00:00:00,17750
Gula Pasir,Gula Pasir,kategori,2025-08-14 00:00:00,17750
Gula Pasir,Gula Pasir,kategori,2025-08-15 00:00:00,17750
Gula Pasir,Gula Pasir,kategori,2025-08-18 00:00:00,17750
Gula Pasir,Gula Pasir,kategori,2025-08-19 00:00:00,17750
Gula Pasir,Gula Pasir,kategori,2025-08-20 00:00:00,17750
Gula Pasir,Gula Pasir,kategori,2025-08-21 00:00:00,17750
Gula Pasir,Gula Pasir,kategori,2025-08-22 00:00:00,17750
Gula Pasir,Gula Pasir,kategori,2025-08-25 00:00:00,17750
Gula Pasir,Gula Pasir,kategori,2025-08-26 00:00:00,17750
Gula Pasir,Gula Pasir,kategori,2025-08-27 00:00:00,17750
Gula Pasir,Gula Pasir,kategori,2025-08-28 00:00:00,17750
Gula Pasir,Gula Pasir,kategori,2025-08-29 00:00:00,17750
Gula Pasir,Gula Pasir,kategori,2025-09-01 00:00:00,17750
Gula Pasir,Gula Pasir,kategori,2025-09-02 00:00:00,17750
Gula Pasir,Gula Pasir,kategori,2025-09-03 00:00:00,17750
Gula Pasir,Gula Pasir,kategori,2025-09-04 00:00:00,17750
Gula Pasir,Gula Pasir,kategori,2025-09-05 00:00:00,17750
Gula Pasir,Gula Pasir,kategori,2025-09-08 00:00:00,17750
Gula Pasir,Gula Pasir,kategori,2025-09-09 00:00:00,17900
Gula Pasir,Gula Pasir,kategori,2025-09-10 00:00:00,17900
Gula Pasir,Gula Pasir,kategori,2025-09-11 00:00:00,17900
Gula Pasir,Gula Pasir,kategori,2025-09-12 00:00:00,17900
Gula Pasir,Gula Pasir,kategori,2025-09-15 00:00:00,17900
Gula Pasir,Gula Pasir,kategori,2025-09-16 00:00:00,17900
Gula Pasir,Gula Pasir,kategori,2025-09-17 00:00:00,17900
Gula Pasir,Gula Pasir,kategori,2025-09-18 00:00:00,17900
Gula Pasir,Gula Pasir,kategori,2025-09-19 00:00:00,17900
Gula Pasir,Gula Pasir,kategori,2025-09-22 00:00:00,17900
Gula Pasir,Gula Pasir,kategori,2025-09-23 00:00:00,17900
Gula Pasir,Gula Pasir,kategori,2025-09-24 00:00:00,17900
Gula Pasir,Gula Pasir,kategori,2025-09-25 00:00:00,17900
Gula Pasir,Gula Pasir,kategori,2025-09-26 00:00:00,17900
Gula Pasir,Gula Pasir,kategori,2025-09-29 00:00:00,17900
Gula Pasir,Gula Pasir,kategori,2025-09-30 00:00:00,17900
Gula Pasir,Gula Pasir,kategori,2025-10-01 00:00:00,17900
Gula Pasir,Gula Pasir,kategori,2025-10-02 00:00:00,17900
Gula Pasir,Gula Pasir,kategori,2025-10-03 00:00:00,17900
Gula Pasir,Gula Pasir,kategori,2025-10-06 00:00:00,17900
Gula Pasir,Gula Pasir,kategori,2025-10-07 00:00:00,17900
Gula Pasir,Gula Pasir,kategori,2025-10-08 00:00:00,17900
Gula Pasir,Gula Pasir,kategori,2025-10-09 00:00:00,17900
Gula Pasir,Gula Pasir,kategori,2025-10-10 00:00:00,17900
Gula Pasir,Gula Pasir,kategori,2025-10-13 00:00:00,17900
Gula Pasir,Gula Pasir,kategori,2025-10-14 00:00:00,17900
Gula Pasir,Gula Pasir,kategori,2025-10-15 00:00:00,17900
Gula Pasir,Gula Pasir,kategori,2025-10-16 00:00:00,17900
Gula Pasir,Gula Pasir,kategori,2025-10-17 00:00:00,17900
Gula Pasir,Gula Pasir,kategori,2025-10-20 00:00:00,17900
Gula Pasir,Gula Pasir,kategori,2025-10-21 00:00:00,17900
Gula Pasir,Gula Pasir,kategori,2025-10-22 00:00:00,17900
Gula Pasir,Gula Pasir,kategori,2025-10-23 00:00:00,17900
Gula Pasir,Gula Pasir,kategori,2025-10-24 00:00:00,17900
Gula Pasir,Gula Pasir,kategori,2025-10-27 00:00:00,17900
Gula Pasir,Gula Pasir,kategori,2025-10-28 00:00:00,17900
Gula Pasir,Gula Pasir,kategori,2025-10-29 00:00:00,17900
Gula Pasir,Gula Pasir,kategori,2025-10-30 00:00:00,17900
Gula Pasir,Gula Pasir,kategori,2025-10-31 00:00:00,17900
Gula Pasir,Gula Pasir,kategori,2025-11-03 00:00:00,17900
Gula Pasir,Gula Pasir,kategori,2025-11-04 00:00:00,17900
Gula Pasir,Gula Pasir,kategori,2025-11-05 00:00:00,17900
Gula Pasir,Gula Pasir,kategori,2025-11-06 00:00:00,17900
Gula Pasir,Gula Pasir,kategori,2025-11-07 00:00:00,17900
Gula Pasir,Gula Pasir,kategori,2025-11-10 00:00:00,17900
Gula Pasir,Gula Pasir,kategori,2025-11-11 00:00:00,17900
Gula Pasir,Gula Pasir,kategori,2025-11-12 00:00:00,17900
Gula Pasir,Gula Pasir,kategori,2025-11-13 00:00:00,17900
Gula Pasir,Gula Pasir,kategori,2025-11-14 00:00:00,17900
Gula Pasir,Gula Pasir,kategori,2025-11-17 00:00:00,17900
Gula Pasir,Gula Pasir,kategori,2025-11-18 00:00:00,17900
Gula Pasir,Gula Pasir,kategori,2025-11-19 00:00:00,17900
Gula Pasir,Gula Pasir,kategori,2025-11-20 00:00:00,17900
Gula Pasir,Gula Pasir,kategori,2025-11-21 00:00:00,17900
Gula Pasir,Gula Pasir,kategori,2025-11-24 00:00:00,17900
Gula Pasir,Gula Pasir,kategori,2025-11-25 00:00:00,17900
Gula Pasir,Gula Pasir,kategori,2025-11-26 00:00:00,17900
Gula Pasir,Gula Pasir,kategori,2025-11-27 00:00:00,17900
Gula Pasir,Gula Pasir,kategori,2025-11-28 00:00:00,17900
Gula Pasir,Gula Pasir,kategori,2025-12-01 00:00:00,17900
Gula Pasir,Gula Pasir,kategori,2025-12-02 00:00:00,17900
Gula Pasir,Gula Pasir,kategori,2025-12-03 00:00:00,17900
Gula Pasir,Gula Pasir,kategori,2025-12-04 00:00:00,17900
Gula Pasir,Gula Pasir,kategori,2025-12-05 00:00:00,17900
Gula Pasir,Gula Pasir,kategori,2025-12-08 00:00:00,17900
Gula Pasir,Gula Pasir,kategori,2025-12-09 00:00:00,17900
Gula Pasir,Gula Pasir,kategori,2025-12-10 00:00:00,17900
Gula Pasir,Gula Pasir,kategori,2025-12-11 00:00:00,17900
Gula Pasir,Gula Pasir,kategori,2025-12-12 00:00:00,17900
Gula Pasir,Gula Pasir,kategori,2025-12-15 00:00:00,17900
Gula Pasir,Gula Pasir,kategori,2025-12-16 00:00:00,17900
Gula Pasir,Gula Pasir,kategori,2025-12-17 00:00:00,17900
Gula Pasir,Gula Pasir,kategori,2025-12-18 00:00:00,17900
Gula Pasir,Gula Pasir,kategori,2025-12-19 00:00:00,17900
Gula Pasir,Gula Pasir,kategori,2025-12-22 00:00:00,17900
Gula Pasir,Gula Pasir,kategori,2025-12-23 00:00:00,17900
Gula Pasir,Gula Pasir,kategori,2025-12-24 00:00:00,17900
Gula Pasir,Gula Pasir,kategori,2025-12-25 00:00:00,17900
Gula Pasir,Gula Pasir,kategori,2025-12-26 00:00:00,17900
Gula Pasir,Gula Pasir,kategori,2025-12-29 00:00:00,17900
Gula Pasir,Gula Pasir,kategori,2025-12-30 00:00:00,17900
Gula Pasir,Gula Pasir,kategori,2025-12-31 00:00:00,17900
Gula Pasir,Gula Pasir,kategori,2026-01-01 00:00:00,17900
Gula Pasir,Gula Pasir,kategori,2026-01-02 00:00:00,17900
Gula Pasir,Gula Pasir,kategori,2026-01-05 00:00:00,17900
Gula Pasir,Gula Pasir,kategori,2026-01-06 00:00:00,17900
Gula Pasir,Gula Pasir,kategori,2026-01-07 00:00:00,17900
Gula Pasir,Gula Pasir,kategori,2026-01-08 00:00:00,17900
Gula Pasir,Gula Pasir,kategori,2026-01-09 00:00:00,17900
Gula Pasir,Gula Pasir,kategori,2026-01-12 00:00:00,17900
Gula Pasir,Gula Pasir,kategori,2026-01-13 00:00:00,17900
Gula Pasir,Gula Pasir,kategori,2026-01-14 00:00:00,17900
Gula Pasir,Gula Pasir,kategori,2026-01-15 00:00:00,17900
Gula Pasir,Gula Pasir,kategori,2026-01-16 00:00:00,17900
Gula Pasir,Gula Pasir,kategori,2026-01-19 00:00:00,17900
Gula Pasir,Gula Pasir,kategori,2026-01-20 00:00:00,17900
Gula Pasir,Gula Pasir,kategori,2026-01-21 00:00:00,17900
Gula Pasir,Gula Pasir,kategori,2026-01-22 00:00:00,17900
Gula Pasir,Gula Pasir,kategori,2026-01-23 00:00:00,17900
Gula Pasir,Gula Pasir,kategori,2026-01-26 00:00:00,17900
Gula Pasir,Gula Pasir,kategori,2026-01-27 00:00:00,17900
Gula Pasir,Gula Pasir,kategori,2026-01-28 00:00:00,17900
Gula Pasir,Gula Pasir,kategori,2026-01-29 00:00:00,17900
Gula Pasir,Gula Pasir,kategori,2026-01-30 00:00:00,17900
Gula Pasir,Gula Pasir,kategori,2026-02-02 00:00:00,17900
Gula Pasir,Gula Pasir,kategori,2026-02-03 00:00:00,17900
Gula Pasir,Gula Pasir,kategori,2026-02-04 00:00:00,17900
Gula Pasir,Gula Pasir,kategori,2026-02-05 00:00:00,17900
Gula Pasir,Gula Pasir,kategori,2026-02-06 00:00:00,17900
Gula Pasir,Gula Pasir,kategori,2026-02-09 00:00:00,17900
Gula Pasir,Gula Pasir,kategori,2026-02-10 00:00:00,17900
Gula Pasir,Gula Pasir,kategori,2026-02-11 00:00:00,17900
Gula Pasir,Gula Pasir,kategori,2026-02-12 00:00:00,17900
Gula Pasir,Gula Pasir,kategori,2026-02-13 00:00:00,17900
Gula Pasir,Gula Pasir,kategori,2026-02-16 00:00:00,17900
Gula Pasir,Gula Pasir,kategori,2026-02-17 00:00:00,17900
Gula Pasir,Gula Pasir,kategori,2026-02-18 00:00:00,17900
Gula Pasir,Gula Pasir,kategori,2026-02-19 00:00:00,17900
Gula Pasir,Gula Pasir,kategori,2026-02-20 00:00:00,17900
Gula Pasir,Gula Pasir,kategori,2026-02-23 00:00:00,17900
Gula Pasir,Gula Pasir,kategori,2026-02-24 00:00:00,17900
Gula Pasir,Gula Pasir,kategori,2026-02-25 00:00:00,17900
Gula Pasir,Gula Pasir,kategori,2026-02-26 00:00:00,17900
Gula Pasir,Gula Pasir,kategori,2026-02-27 00:00:00,17900
Gula Pasir,Gula Pasir,kategori,2026-03-02 00:00:00,17900
Gula Pasir,Gula Pasir,kategori,2026-03-03 00:00:00,17900
Gula Pasir,Gula Pasir,kategori,2026-03-04 00:00:00,17900
Gula Pasir,Gula Pasir,kategori,2026-03-05 00:00:00,17900
Gula Pasir,Gula Pasir,kategori,2026-03-06 00:00:00,17900
Gula Pasir,Gula Pasir,kategori,2026-03-09 00:00:00,18150
Gula Pasir,Gula Pasir,kategori,2026-03-10 00:00:00,18250
Gula Pasir,Gula Pasir,kategori,2026-03-11 00:00:00,18250
Gula Pasir,Gula Pasir,kategori,2026-03-12 00:00:00,18250
Gula Pasir,Gula Pasir,kategori,2026-03-13 00:00:00,18250
Gula Pasir,Gula Pasir,kategori,2026-03-16 00:00:00,18250
Gula Pasir,Gula Pasir,kategori,2026-03-17 00:00:00,18250
Gula Pasir,Gula Pasir,kategori,2026-03-18 00:00:00,18250
Gula Pasir,Gula Pasir,kategori,2026-03-19 00:00:00,18250
Gula Pasir,Gula Pasir,kategori,2026-03-20 00:00:00,18250
Gula Pasir,Gula Pasir,kategori,2026-03-23 00:00:00,18250
Gula Pasir,Gula Pasir,kategori,2026-03-24 00:00:00,18250
Gula Pasir,Gula Pasir,kategori,2026-03-25 00:00:00,18250
Gula Pasir,Gula Pasir,kategori,2026-03-26 00:00:00,18250
Gula Pasir,Gula Pasir,kategori,2026-03-27 00:00:00,18250
Gula Pasir,Gula Pasir,kategori,2026-03-30 00:00:00,18250
Gula Pasir,Gula Pasir,kategori,2026-03-31 00:00:00,18250
Gula Pasir,Gula Pasir,kategori,2026-04-01 00:00:00,18250
Gula Pasir,Gula Pasir,kategori,2026-04-02 00:00:00,18250
Gula Pasir,Gula Pasir,kategori,2026-04-03 00:00:00,18250
Gula Pasir,Gula Pasir,kategori,2026-04-06 00:00:00,18250
Gula Pasir,Gula Pasir,kategori,2026-04-07 00:00:00,18250
Gula Pasir,Gula Pasir,kategori,2026-04-08 00:00:00,18250
Gula Pasir,Gula Pasir,kategori,2026-04-09 00:00:00,18400
Gula Pasir,Gula Pasir,kategori,2026-04-10 00:00:00,18400
Gula Pasir,Gula Pasir,kategori,2026-04-13 00:00:00,18400
Gula Pasir,Gula Pasir,kategori,2026-04-14 00:00:00,18400
Gula Pasir,Gula Pasir,kategori,2026-04-15 00:00:00,18400
Gula Pasir,Gula Pasir,kategori,2026-04-16 00:00:00,18500
Gula Pasir,Gula Pasir,kategori,2026-04-17 00:00:00,18500
Gula Pasir,Gula Pasir,kategori,2026-04-20 00:00:00,18500
Gula Pasir,Gula Pasir,kategori,2026-04-21 00:00:00,18500
Gula Pasir,Gula Pasir,kategori,2026-04-22 00:00:00,18500
Gula Pasir,Gula Pasir,kategori,2026-04-23 00:00:00,18500
Gula Pasir,Gula Pasir,kategori,2026-04-24 00:00:00,18500
Gula Pasir,Gula Pasir,kategori,2026-04-27 00:00:00,18500
Gula Pasir,Gula Pasir,kategori,2026-04-28 00:00:00,18500
Gula Pasir,Gula Pasir,kategori,2026-04-29 00:00:00,18500
Gula Pasir,Gula Pasir,kategori,2026-04-30 00:00:00,18500
Gula Pasir,Gula Pasir,kategori,2026-05-01 00:00:00,18500
Gula Pasir,Gula Pasir,kategori,2026-05-04 00:00:00,18500
Gula Pasir,Gula Pasir,kategori,2026-05-05 00:00:00,18500
Gula Pasir,Gula Pasir,kategori,2026-05-06 00:00:00,18500
Gula Pasir,Gula Pasir,kategori,2026-05-07 00:00:00,18500
Gula Pasir,Gula Pasir,kategori,2026-05-08 00:00:00,18500
Gula Pasir,Gula Pasir,kategori,2026-05-11 00:00:00,18500
Gula Pasir,Gula Pasir,kategori,2026-05-12 00:00:00,18500
Gula Pasir,Gula Pasir,kategori,2026-05-13 00:00:00,18500
Gula Pasir,Gula Pasir,kategori,2026-05-14 00:00:00,18500
Gula Pasir,Gula Pasir,kategori,2026-05-15 00:00:00,18500
Gula Pasir,Gula Pasir,kategori,2026-05-18 00:00:00,18500
Gula Pasir,Gula Pasir,kategori,2026-05-19 00:00:00,18500
Gula Pasir,Gula Pasir,kategori,2026-05-20 00:00:00,18500
Gula Pasir,Gula Pasir,kategori,2026-05-21 00:00:00,18500
Gula Pasir,Gula Pasir,kategori,2026-05-22 00:00:00,18500
Gula Pasir,Gula Pasir,kategori,2026-05-25 00:00:00,18500
Gula Pasir,Gula Pasir,kategori,2026-05-26 00:00:00,18500
Gula Pasir,Gula Pasir,kategori,2026-05-27 00:00:00,18500
Gula Pasir,Gula Pasir,kategori,2026-05-28 00:00:00,18500
Gula Pasir,Gula Pasir,kategori,2026-05-29 00:00:00,18500
Gula Pasir,Gula Pasir,kategori,2026-06-01 00:00:00,18500
Gula Pasir,Gula Pasir,kategori,2026-06-02 00:00:00,18500
Gula Pasir,Gula Pasir,kategori,2026-06-03 00:00:00,18500
Gula Pasir,Gula Pasir,kategori,2026-06-04 00:00:00,18500
Gula Pasir,Gula Pasir,kategori,2026-06-05 00:00:00,18500
Gula Pasir,Gula Pasir,kategori,2026-06-08 00:00:00,18500
Gula Pasir,Gula Pasir,kategori,2026-06-09 00:00:00,18500
Gula Pasir,Gula Pasir,kategori,2026-06-10 00:00:00,18500
Gula Pasir,Gula Pasir,kategori,2026-06-11 00:00:00,18500
Gula Pasir,Gula Pasir,kategori,2026-06-12 00:00:00,18500
Gula Pasir,Gula Pasir,kategori,2026-06-15 00:00:00,18500
Gula Pasir,Gula Pasir,kategori,2026-06-16 00:00:00,18500
Gula Pasir,Gula Pasir,kategori,2026-06-17 00:00:00,18500
Gula Pasir,Gula Pasir,kategori,2026-06-18 00:00:00,18500
Gula Pasir,Gula Pasir,kategori,2026-06-19 00:00:00,18500
Gula Pasir,Gula Pasir,kategori,2026-06-22 00:00:00,18500
Gula Pasir,Gula Pasir,kategori,2026-06-23 00:00:00,18500
Gula Pasir,Gula Pasir,kategori,2026-06-24 00:00:00,18500
Gula Pasir,Gula Pasir,kategori,2026-06-25 00:00:00,18500
Gula Pasir,Gula Pasir,kategori,2026-06-26 00:00:00,18500
Gula Pasir,Gula Pasir,kategori,2026-06-29 00:00:00,18500
Gula Pasir,Gula Pasir,kategori,2026-06-30 00:00:00,18500
Gula Pasir,Gula Pasir,kategori,2026-07-01 00:00:00,18500
Gula Pasir,Gula Pasir,kategori,2026-07-02 00:00:00,18500
Gula Pasir,Gula Pasir,kategori,2026-07-03 00:00:00,18500
Gula Pasir,Gula Pasir,kategori,2026-07-06 00:00:00,18500
Gula Pasir,Gula Pasir,kategori,2026-07-07 00:00:00,18500
Gula Pasir,Gula Pasir,kategori,2026-07-08 00:00:00,18500
Gula Pasir,Gula Pasir,kategori,2026-07-09 00:00:00,18500
Gula Pasir,Gula Pasir,kategori,2026-07-10 00:00:00,18500
Gula Pasir,Gula Pasir,kategori,2026-07-13 00:00:00,18500
Gula Pasir,Gula Pasir,kategori,2026-07-14 00:00:00,18500
Gula Pasir,Gula Pasir,kategori,2026-07-15 00:00:00,18500
Gula Pasir,Gula Pasir,kategori,2026-07-16 00:00:00,18500
Gula Pasir,Gula Pasir,kategori,2026-07-17 00:00:00,18500
Gula Pasir,Gula Pasir,kategori,2026-07-20 00:00:00,18500
Gula Pasir,Gula Pasir,kategori,2026-07-21 00:00:00,18500
Gula Pasir,Gula Pasir,kategori,2026-07-22 00:00:00,18500
Gula Pasir,Gula Pasir,kategori,2026-07-23 00:00:00,18500
Gula Pasir,Gula Pasir,kategori,2026-07-24 00:00:00,18500
Gula Pasir,Gula Pasir,kategori,2026-07-27 00:00:00,18500
Gula Pasir,Gula Pasir,kategori,2026-07-28 00:00:00,18500
Gula Pasir,Gula Pasir,kategori,2026-07-29 00:00:00,18650
Gula Pasir,Gula Pasir,kategori,2026-07-30 00:00:00,18650
Gula Pasir,Gula Pasir,kategori,2026-07-31 00:00:00,18650
Gula Pasir,Gula Pasir,kategori,2026-08-03 00:00:00,18650
Gula Pasir,Gula Pasir,kategori,2026-08-04 00:00:00,18650
Gula Pasir,Gula Pasir,kategori,2026-08-05 00:00:00,18650
Gula Pasir,Gula Pasir,kategori,2026-08-06 00:00:00,18650
Gula Pasir,Gula Pasir,kategori,2026-08-07 00:00:00,18650
Gula Pasir,Gula Pasir,kategori,2026-08-10 00:00:00,18650
Gula Pasir,Gula Pasir,kategori,2026-08-11 00:00:00,18650
Gula Pasir,Gula Pasir,kategori,2026-08-12 00:00:00,18650
Gula Pasir,Gula Pasir,kategori,2026-08-13 00:00:00,18650
Gula Pasir,Gula Pasir,kategori,2026-08-14 00:00:00,18650
Gula Pasir,Gula Pasir,kategori,2026-08-17 00:00:00,18650
Gula Pasir,Gula Pasir,kategori,2026-08-18 00:00:00,18650
Gula Pasir,Gula Pasir,kategori,2026-08-19 00:00:00,18650
Gula Pasir,Gula Pasir,kategori,2026-08-20 00:00:00,18650
Gula Pasir,Gula Pasir,kategori,2026-08-21 00:00:00,18650
Gula Pasir,Gula Pasir,kategori,2026-08-24 00:00:00,18650
Gula Pasir,Gula Pasir,kategori,2026-08-25 00:00:00,18650
Gula Pasir,Gula Pasir,kategori,2026-08-26 00:00:00,18650
Gula Pasir,Gula Pasir,kategori,2026-08-27 00:00:00,18650
Gula Pasir,Gula Pasir,kategori,2026-08-28 00:00:00,18650
Gula Pasir,Gula Pasir,kategori,2026-08-31 00:00:00,18650
Gula Pasir,Gula Pasir,kategori,2026-09-01 00:00:00,18650
Gula Pasir,Gula Pasir,kategori,2026-09-02 00:00:00,18650
Gula Pasir,Gula Pasir,kategori,2026-09-03 00:00:00,18650
Gula Pasir,Gula Pasir,kategori,2026-09-04 00:00:00,18650
Gula Pasir,Gula Pasir,kategori,2026-09-07 00:00:00,18650
Gula Pasir,Gula Pasir,kategori,2026-09-08 00:00:00,
Gula Pasir Kualitas Premium,Gula Pasir,varian,2025-01-01 00:00:00,17250
Gula Pasir Kualitas Premium,Gula Pasir,varian,2025-01-02 00:00:00,17250
Gula Pasir Kualitas Premium,Gula Pasir,varian,2025-01-03 00:00:00,17250
Gula Pasir Kualitas Premium,Gula Pasir,varian,2025-01-06 00:00:00,17250
Gula Pasir Kualitas Premium,Gula Pasir,varian,2025-01-07 00:00:00,17250
Gula Pasir Kualitas Premium,Gula Pasir,varian,2025-01-08 00:00:00,17250
Gula Pasir Kualitas Premium,Gula Pasir,varian,2025-01-09 00:00:00,17250
Gula Pasir Kualitas Premium,Gula Pasir,varian,2025-01-10 00:00:00,17250
Gula Pasir Kualitas Premium,Gula Pasir,varian,2025-01-13 00:00:00,17250
Gula Pasir Kualitas Premium,Gula Pasir,varian,2025-01-14 00:00:00,17250
Gula Pasir Kualitas Premium,Gula Pasir,varian,2025-01-15 00:00:00,17250
Gula Pasir Kualitas Premium,Gula Pasir,varian,2025-01-16 00:00:00,17250
Gula Pasir Kualitas Premium,Gula Pasir,varian,2025-01-17 00:00:00,17250
Gula Pasir Kualitas Premium,Gula Pasir,varian,2025-01-20 00:00:00,17250
Gula Pasir Kualitas Premium,Gula Pasir,varian,2025-01-21 00:00:00,17250
Gula Pasir Kualitas Premium,Gula Pasir,varian,2025-01-22 00:00:00,17250
Gula Pasir Kualitas Premium,Gula Pasir,varian,2025-01-23 00:00:00,17250
Gula Pasir Kualitas Premium,Gula Pasir,varian,2025-01-24 00:00:00,17250
Gula Pasir Kualitas Premium,Gula Pasir,varian,2025-01-27 00:00:00,17250
Gula Pasir Kualitas Premium,Gula Pasir,varian,2025-01-28 00:00:00,17250
Gula Pasir Kualitas Premium,Gula Pasir,varian,2025-01-29 00:00:00,17250
Gula Pasir Kualitas Premium,Gula Pasir,varian,2025-01-30 00:00:00,17250
Gula Pasir Kualitas Premium,Gula Pasir,varian,2025-01-31 00:00:00,17250
Gula Pasir Kualitas Premium,Gula Pasir,varian,2025-02-03 00:00:00,17250
Gula Pasir Kualitas Premium,Gula Pasir,varian,2025-02-04 00:00:00,17250
Gula Pasir Kualitas Premium,Gula Pasir,varian,2025-02-05 00:00:00,17250
Gula Pasir Kualitas Premium,Gula Pasir,varian,2025-02-06 00:00:00,17250
Gula Pasir Kualitas Premium,Gula Pasir,varian,2025-02-07 00:00:00,17250
Gula Pasir Kualitas Premium,Gula Pasir,varian,2025-02-10 00:00:00,17250
Gula Pasir Kualitas Premium,Gula Pasir,varian,2025-02-11 00:00:00,17250
Gula Pasir Kualitas Premium,Gula Pasir,varian,2025-02-12 00:00:00,17250
Gula Pasir Kualitas Premium,Gula Pasir,varian,2025-02-13 00:00:00,17250
Gula Pasir Kualitas Premium,Gula Pasir,varian,2025-02-14 00:00:00,17250
Gula Pasir Kualitas Premium,Gula Pasir,varian,2025-02-17 00:00:00,17250
Gula Pasir Kualitas Premium,Gula Pasir,varian,2025-02-18 00:00:00,17250
Gula Pasir Kualitas Premium,Gula Pasir,varian,2025-02-19 00:00:00,17250
Gula Pasir Kualitas Premium,Gula Pasir,varian,2025-02-20 00:00:00,17250
Gula Pasir Kualitas Premium,Gula Pasir,varian,2025-02-21 00:00:00,17250
Gula Pasir Kualitas Premium,Gula Pasir,varian,2025-02-24 00:00:00,17250
Gula Pasir Kualitas Premium,Gula Pasir,varian,2025-02-25 00:00:00,17250
Gula Pasir Kualitas Premium,Gula Pasir,varian,2025-02-26 00:00:00,17250
Gula Pasir Kualitas Premium,Gula Pasir,varian,2025-02-27 00:00:00,17250
Gula Pasir Kualitas Premium,Gula Pasir,varian,2025-02-28 00:00:00,17250
Gula Pasir Kualitas Premium,Gula Pasir,varian,2025-03-03 00:00:00,17250
Gula Pasir Kualitas Premium,Gula Pasir,varian,2025-03-04 00:00:00,17250
Gula Pasir Kualitas Premium,Gula Pasir,varian,2025-03-05 00:00:00,17250
Gula Pasir Kualitas Premium,Gula Pasir,varian,2025-03-06 00:00:00,17250
Gula Pasir Kualitas Premium,Gula Pasir,varian,2025-03-07 00:00:00,17250
Gula Pasir Kualitas Premium,Gula Pasir,varian,2025-03-10 00:00:00,17250
Gula Pasir Kualitas Premium,Gula Pasir,varian,2025-03-11 00:00:00,17250
Gula Pasir Kualitas Premium,Gula Pasir,varian,2025-03-12 00:00:00,17250
Gula Pasir Kualitas Premium,Gula Pasir,varian,2025-03-13 00:00:00,17250
Gula Pasir Kualitas Premium,Gula Pasir,varian,2025-03-14 00:00:00,17250
Gula Pasir Kualitas Premium,Gula Pasir,varian,2025-03-17 00:00:00,17250
Gula Pasir Kualitas Premium,Gula Pasir,varian,2025-03-18 00:00:00,17250
Gula Pasir Kualitas Premium,Gula Pasir,varian,2025-03-19 00:00:00,17250
Gula Pasir Kualitas Premium,Gula Pasir,varian,2025-03-20 00:00:00,17250
Gula Pasir Kualitas Premium,Gula Pasir,varian,2025-03-21 00:00:00,17250
Gula Pasir Kualitas Premium,Gula Pasir,varian,2025-03-24 00:00:00,17250
Gula Pasir Kualitas Premium,Gula Pasir,varian,2025-03-25 00:00:00,17250
Gula Pasir Kualitas Premium,Gula Pasir,varian,2025-03-26 00:00:00,17250
Gula Pasir Kualitas Premium,Gula Pasir,varian,2025-03-27 00:00:00,17250
Gula Pasir Kualitas Premium,Gula Pasir,varian,2025-03-28 00:00:00,17250
Gula Pasir Kualitas Premium,Gula Pasir,varian,2025-03-31 00:00:00,17250
Gula Pasir Kualitas Premium,Gula Pasir,varian,2025-04-01 00:00:00,17250
Gula Pasir Kualitas Premium,Gula Pasir,varian,2025-04-02 00:00:00,17250
Gula Pasir Kualitas Premium,Gula Pasir,varian,2025-04-03 00:00:00,17250
Gula Pasir Kualitas Premium,Gula Pasir,varian,2025-04-04 00:00:00,17250
Gula Pasir Kualitas Premium,Gula Pasir,varian,2025-04-07 00:00:00,17250
Gula Pasir Kualitas Premium,Gula Pasir,varian,2025-04-08 00:00:00,17250
Gula Pasir Kualitas Premium,Gula Pasir,varian,2025-04-09 00:00:00,17250
Gula Pasir Kualitas Premium,Gula Pasir,varian,2025-04-10 00:00:00,17250
Gula Pasir Kualitas Premium,Gula Pasir,varian,2025-04-11 00:00:00,17250
Gula Pasir Kualitas Premium,Gula Pasir,varian,2025-04-14 00:00:00,17250
Gula Pasir Kualitas Premium,Gula Pasir,varian,2025-04-15 00:00:00,17250
Gula Pasir Kualitas Premium,Gula Pasir,varian,2025-04-16 00:00:00,17250
Gula Pasir Kualitas Premium,Gula Pasir,varian,2025-04-17 00:00:00,17250
Gula Pasir Kualitas Premium,Gula Pasir,varian,2025-04-18 00:00:00,17250
Gula Pasir Kualitas Premium,Gula Pasir,varian,2025-04-21 00:00:00,17250
Gula Pasir Kualitas Premium,Gula Pasir,varian,2025-04-22 00:00:00,17250
Gula Pasir Kualitas Premium,Gula Pasir,varian,2025-04-23 00:00:00,17250
Gula Pasir Kualitas Premium,Gula Pasir,varian,2025-04-24 00:00:00,17250
Gula Pasir Kualitas Premium,Gula Pasir,varian,2025-04-25 00:00:00,17250
Gula Pasir Kualitas Premium,Gula Pasir,varian,2025-04-28 00:00:00,17250
Gula Pasir Kualitas Premium,Gula Pasir,varian,2025-04-29 00:00:00,17250
Gula Pasir Kualitas Premium,Gula Pasir,varian,2025-04-30 00:00:00,17250
Gula Pasir Kualitas Premium,Gula Pasir,varian,2025-05-01 00:00:00,17250
Gula Pasir Kualitas Premium,Gula Pasir,varian,2025-05-02 00:00:00,17250
Gula Pasir Kualitas Premium,Gula Pasir,varian,2025-05-05 00:00:00,17250
Gula Pasir Kualitas Premium,Gula Pasir,varian,2025-05-06 00:00:00,17250
Gula Pasir Kualitas Premium,Gula Pasir,varian,2025-05-07 00:00:00,17250
Gula Pasir Kualitas Premium,Gula Pasir,varian,2025-05-08 00:00:00,17250
Gula Pasir Kualitas Premium,Gula Pasir,varian,2025-05-09 00:00:00,17250
Gula Pasir Kualitas Premium,Gula Pasir,varian,2025-05-12 00:00:00,17250
Gula Pasir Kualitas Premium,Gula Pasir,varian,2025-05-13 00:00:00,17250
Gula Pasir Kualitas Premium,Gula Pasir,varian,2025-05-14 00:00:00,17250
Gula Pasir Kualitas Premium,Gula Pasir,varian,2025-05-15 00:00:00,17250
Gula Pasir Kualitas Premium,Gula Pasir,varian,2025-05-16 00:00:00,17250
Gula Pasir Kualitas Premium,Gula Pasir,varian,2025-05-19 00:00:00,17250
Gula Pasir Kualitas Premium,Gula Pasir,varian,2025-05-20 00:00:00,17250
Gula Pasir Kualitas Premium,Gula Pasir,varian,2025-05-21 00:00:00,17250
Gula Pasir Kualitas Premium,Gula Pasir,varian,2025-05-22 00:00:00,17250
Gula Pasir Kualitas Premium,Gula Pasir,varian,2025-05-23 00:00:00,17250
Gula Pasir Kualitas Premium,Gula Pasir,varian,2025-05-26 00:00:00,17250
Gula Pasir Kualitas Premium,Gula Pasir,varian,2025-05-27 00:00:00,17250
Gula Pasir Kualitas Premium,Gula Pasir,varian,2025-05-28 00:00:00,17250
Gula Pasir Kualitas Premium,Gula Pasir,varian,2025-05-29 00:00:00,17250
Gula Pasir Kualitas Premium,Gula Pasir,varian,2025-05-30 00:00:00,17250
Gula Pasir Kualitas Premium,Gula Pasir,varian,2025-06-02 00:00:00,17250
Gula Pasir Kualitas Premium,Gula Pasir,varian,2025-06-03 00:00:00,17250
Gula Pasir Kualitas Premium,Gula Pasir,varian,2025-06-04 00:00:00,17250
Gula Pasir Kualitas Premium,Gula Pasir,varian,2025-06-05 00:00:00,17250
Gula Pasir Kualitas Premium,Gula Pasir,varian,2025-06-06 00:00:00,17250
Gula Pasir Kualitas Premium,Gula Pasir,varian,2025-06-09 00:00:00,17250
Gula Pasir Kualitas Premium,Gula Pasir,varian,2025-06-10 00:00:00,17250
Gula Pasir Kualitas Premium,Gula Pasir,varian,2025-06-11 00:00:00,17250
Gula Pasir Kualitas Premium,Gula Pasir,varian,2025-06-12 00:00:00,17250
Gula Pasir Kualitas Premium,Gula Pasir,varian,2025-06-13 00:00:00,17250
Gula Pasir Kualitas Premium,Gula Pasir,varian,2025-06-16 00:00:00,17250
Gula Pasir Kualitas Premium,Gula Pasir,varian,2025-06-17 00:00:00,17250
Gula Pasir Kualitas Premium,Gula Pasir,varian,2025-06-18 00:00:00,17250
Gula Pasir Kualitas Premium,Gula Pasir,varian,2025-06-19 00:00:00,17250
Gula Pasir Kualitas Premium,Gula Pasir,varian,2025-06-20 00:00:00,17250
Gula Pasir Kualitas Premium,Gula Pasir,varian,2025-06-23 00:00:00,17250
Gula Pasir Kualitas Premium,Gula Pasir,varian,2025-06-24 00:00:00,17250
Gula Pasir Kualitas Premium,Gula Pasir,varian,2025-06-25 00:00:00,17250
Gula Pasir Kualitas Premium,Gula Pasir,varian,2025-06-26 00:00:00,17250
Gula Pasir Kualitas Premium,Gula Pasir,varian,2025-06-27 00:00:00,17250
Gula Pasir Kualitas Premium,Gula Pasir,varian,2025-06-30 00:00:00,17250
Gula Pasir Kualitas Premium,Gula Pasir,varian,2025-07-01 00:00:00,17250
Gula Pasir Kualitas Premium,Gula Pasir,varian,2025-07-02 00:00:00,17250
Gula Pasir Kualitas Premium,Gula Pasir,varian,2025-07-03 00:00:00,17250
Gula Pasir Kualitas Premium,Gula Pasir,varian,2025-07-04 00:00:00,17250
Gula Pasir Kualitas Premium,Gula Pasir,varian,2025-07-07 00:00:00,17250
Gula Pasir Kualitas Premium,Gula Pasir,varian,2025-07-08 00:00:00,17250
Gula Pasir Kualitas Premium,Gula Pasir,varian,2025-07-09 00:00:00,17250
Gula Pasir Kualitas Premium,Gula Pasir,varian,2025-07-10 00:00:00,17250
Gula Pasir Kualitas Premium,Gula Pasir,varian,2025-07-11 00:00:00,17250
Gula Pasir Kualitas Premium,Gula Pasir,varian,2025-07-14 00:00:00,17250
Gula Pasir Kualitas Premium,Gula Pasir,varian,2025-07-15 00:00:00,17250
Gula Pasir Kualitas Premium,Gula Pasir,varian,2025-07-16 00:00:00,17250
Gula Pasir Kualitas Premium,Gula Pasir,varian,2025-07-17 00:00:00,17250
Gula Pasir Kualitas Premium,Gula Pasir,varian,2025-07-18 00:00:00,17250
Gula Pasir Kualitas Premium,Gula Pasir,varian,2025-07-21 00:00:00,17250
Gula Pasir Kualitas Premium,Gula Pasir,varian,2025-07-22 00:00:00,17250
Gula Pasir Kualitas Premium,Gula Pasir,varian,2025-07-23 00:00:00,17250
Gula Pasir Kualitas Premium,Gula Pasir,varian,2025-07-24 00:00:00,17250
Gula Pasir Kualitas Premium,Gula Pasir,varian,2025-07-25 00:00:00,17250
Gula Pasir Kualitas Premium,Gula Pasir,varian,2025-07-28 00:00:00,17250
Gula Pasir Kualitas Premium,Gula Pasir,varian,2025-07-29 00:00:00,17250
Gula Pasir Kualitas Premium,Gula Pasir,varian,2025-07-30 00:00:00,17250
Gula Pasir Kualitas Premium,Gula Pasir,varian,2025-07-31 00:00:00,17250
Gula Pasir Kualitas Premium,Gula Pasir,varian,2025-08-01 00:00:00,17250
Gula Pasir Kualitas Premium,Gula Pasir,varian,2025-08-04 00:00:00,17250
Gula Pasir Kualitas Premium,Gula Pasir,varian,2025-08-05 00:00:00,17250
Gula Pasir Kualitas Premium,Gula Pasir,varian,2025-08-06 00:00:00,17250
Gula Pasir Kualitas Premium,Gula Pasir,varian,2025-08-07 00:00:00,17250
Gula Pasir Kualitas Premium,Gula Pasir,varian,2025-08-08 00:00:00,17250
Gula Pasir Kualitas Premium,Gula Pasir,varian,2025-08-11 00:00:00,17250
Gula Pasir Kualitas Premium,Gula Pasir,varian,2025-08-12 00:00:00,17250
Gula Pasir Kualitas Premium,Gula Pasir,varian,2025-08-13 00:00:00,17250
Gula Pasir Kualitas Premium,Gula Pasir,varian,2025-08-14 00:00:00,17250
Gula Pasir Kualitas Premium,Gula Pasir,varian,2025-08-15 00:00:00,17250
Gula Pasir Kualitas Premium,Gula Pasir,varian,2025-08-18 00:00:00,17250
Gula Pasir Kualitas Premium,Gula Pasir,varian,2025-08-19 00:00:00,17250
Gula Pasir Kualitas Premium,Gula Pasir,varian,2025-08-20 00:00:00,17250
Gula Pasir Kualitas Premium,Gula Pasir,varian,2025-08-21 00:00:00,17250
Gula Pasir Kualitas Premium,Gula Pasir,varian,2025-08-22 00:00:00,17250
Gula Pasir Kualitas Premium,Gula Pasir,varian,2025-08-25 00:00:00,17250
Gula Pasir Kualitas Premium,Gula Pasir,varian,2025-08-26 00:00:00,17250
Gula Pasir Kualitas Premium,Gula Pasir,varian,2025-08-27 00:00:00,17250
Gula Pasir Kualitas Premium,Gula Pasir,varian,2025-08-28 00:00:00,17250
Gula Pasir Kualitas Premium,Gula Pasir,varian,2025-08-29 00:00:00,17250
Gula Pasir Kualitas Premium,Gula Pasir,varian,2025-09-01 00:00:00,17250
Gula Pasir Kualitas Premium,Gula Pasir,varian,2025-09-02 00:00:00,17250
Gula Pasir Kualitas Premium,Gula Pasir,varian,2025-09-03 00:00:00,17250
Gula Pasir Kualitas Premium,Gula Pasir,varian,2025-09-04 00:00:00,17250
Gula Pasir Kualitas Premium,Gula Pasir,varian,2025-09-05 00:00:00,17250
Gula Pasir Kualitas Premium,Gula Pasir,varian,2025-09-08 00:00:00,17250
Gula Pasir Kualitas Premium,Gula Pasir,varian,2025-09-09 00:00:00,17500
Gula Pasir Kualitas Premium,Gula Pasir,varian,2025-09-10 00:00:00,17500
Gula Pasir Kualitas Premium,Gula Pasir,varian,2025-09-11 00:00:00,17500
Gula Pasir Kualitas Premium,Gula Pasir,varian,2025-09-12 00:00:00,17500
Gula Pasir Kualitas Premium,Gula Pasir,varian,2025-09-15 00:00:00,17500
Gula Pasir Kualitas Premium,Gula Pasir,varian,2025-09-16 00:00:00,17500
Gula Pasir Kualitas Premium,Gula Pasir,varian,2025-09-17 00:00:00,17500
Gula Pasir Kualitas Premium,Gula Pasir,varian,2025-09-18 00:00:00,17500
Gula Pasir Kualitas Premium,Gula Pasir,varian,2025-09-19 00:00:00,17500
Gula Pasir Kualitas Premium,Gula Pasir,varian,2025-09-22 00:00:00,17500
Gula Pasir Kualitas Premium,Gula Pasir,varian,2025-09-23 00:00:00,17500
Gula Pasir Kualitas Premium,Gula Pasir,varian,2025-09-24 00:00:00,17500
Gula Pasir Kualitas Premium,Gula Pasir,varian,2025-09-25 00:00:00,17500
Gula Pasir Kualitas Premium,Gula Pasir,varian,2025-09-26 00:00:00,17500
Gula Pasir Kualitas Premium,Gula Pasir,varian,2025-09-29 00:00:00,17500
Gula Pasir Kualitas Premium,Gula Pasir,varian,2025-09-30 00:00:00,17500
Gula Pasir Kualitas Premium,Gula Pasir,varian,2025-10-01 00:00:00,17500
Gula Pasir Kualitas Premium,Gula Pasir,varian,2025-10-02 00:00:00,17500
Gula Pasir Kualitas Premium,Gula Pasir,varian,2025-10-03 00:00:00,17500
Gula Pasir Kualitas Premium,Gula Pasir,varian,2025-10-06 00:00:00,17500
Gula Pasir Kualitas Premium,Gula Pasir,varian,2025-10-07 00:00:00,17500
Gula Pasir Kualitas Premium,Gula Pasir,varian,2025-10-08 00:00:00,17500
Gula Pasir Kualitas Premium,Gula Pasir,varian,2025-10-09 00:00:00,17500
Gula Pasir Kualitas Premium,Gula Pasir,varian,2025-10-10 00:00:00,17500
Gula Pasir Kualitas Premium,Gula Pasir,varian,2025-10-13 00:00:00,17500
Gula Pasir Kualitas Premium,Gula Pasir,varian,2025-10-14 00:00:00,17500
Gula Pasir Kualitas Premium,Gula Pasir,varian,2025-10-15 00:00:00,17500
Gula Pasir Kualitas Premium,Gula Pasir,varian,2025-10-16 00:00:00,17500
Gula Pasir Kualitas Premium,Gula Pasir,varian,2025-10-17 00:00:00,17500
Gula Pasir Kualitas Premium,Gula Pasir,varian,2025-10-20 00:00:00,17500
Gula Pasir Kualitas Premium,Gula Pasir,varian,2025-10-21 00:00:00,17500
Gula Pasir Kualitas Premium,Gula Pasir,varian,2025-10-22 00:00:00,17500
Gula Pasir Kualitas Premium,Gula Pasir,varian,2025-10-23 00:00:00,17500
Gula Pasir Kualitas Premium,Gula Pasir,varian,2025-10-24 00:00:00,17500
Gula Pasir Kualitas Premium,Gula Pasir,varian,2025-10-27 00:00:00,17500
Gula Pasir Kualitas Premium,Gula Pasir,varian,2025-10-28 00:00:00,17500
Gula Pasir Kualitas Premium,Gula Pasir,varian,2025-10-29 00:00:00,17500
Gula Pasir Kualitas Premium,Gula Pasir,varian,2025-10-30 00:00:00,17500
Gula Pasir Kualitas Premium,Gula Pasir,varian,2025-10-31 00:00:00,17500
Gula Pasir Kualitas Premium,Gula Pasir,varian,2025-11-03 00:00:00,17500
Gula Pasir Kualitas Premium,Gula Pasir,varian,2025-11-04 00:00:00,17500
Gula Pasir Kualitas Premium,Gula Pasir,varian,2025-11-05 00:00:00,17500
Gula Pasir Kualitas Premium,Gula Pasir,varian,2025-11-06 00:00:00,17500
Gula Pasir Kualitas Premium,Gula Pasir,varian,2025-11-07 00:00:00,17500
Gula Pasir Kualitas Premium,Gula Pasir,varian,2025-11-10 00:00:00,17500
Gula Pasir Kualitas Premium,Gula Pasir,varian,2025-11-11 00:00:00,17500
Gula Pasir Kualitas Premium,Gula Pasir,varian,2025-11-12 00:00:00,17500
Gula Pasir Kualitas Premium,Gula Pasir,varian,2025-11-13 00:00:00,17500
Gula Pasir Kualitas Premium,Gula Pasir,varian,2025-11-14 00:00:00,17500
Gula Pasir Kualitas Premium,Gula Pasir,varian,2025-11-17 00:00:00,17500
Gula Pasir Kualitas Premium,Gula Pasir,varian,2025-11-18 00:00:00,17500
Gula Pasir Kualitas Premium,Gula Pasir,varian,2025-11-19 00:00:00,17500
Gula Pasir Kualitas Premium,Gula Pasir,varian,2025-11-20 00:00:00,17500
Gula Pasir Kualitas Premium,Gula Pasir,varian,2025-11-21 00:00:00,17500
Gula Pasir Kualitas Premium,Gula Pasir,varian,2025-11-24 00:00:00,17500
Gula Pasir Kualitas Premium,Gula Pasir,varian,2025-11-25 00:00:00,17500
Gula Pasir Kualitas Premium,Gula Pasir,varian,2025-11-26 00:00:00,17500
Gula Pasir Kualitas Premium,Gula Pasir,varian,2025-11-27 00:00:00,17500
Gula Pasir Kualitas Premium,Gula Pasir,varian,2025-11-28 00:00:00,17500
Gula Pasir Kualitas Premium,Gula Pasir,varian,2025-12-01 00:00:00,17500
Gula Pasir Kualitas Premium,Gula Pasir,varian,2025-12-02 00:00:00,17500
Gula Pasir Kualitas Premium,Gula Pasir,varian,2025-12-03 00:00:00,17500
Gula Pasir Kualitas Premium,Gula Pasir,varian,2025-12-04 00:00:00,17500
Gula Pasir Kualitas Premium,Gula Pasir,varian,2025-12-05 00:00:00,17500
Gula Pasir Kualitas Premium,Gula Pasir,varian,2025-12-08 00:00:00,17500
Gula Pasir Kualitas Premium,Gula Pasir,varian,2025-12-09 00:00:00,17500
Gula Pasir Kualitas Premium,Gula Pasir,varian,2025-12-10 00:00:00,17500
Gula Pasir Kualitas Premium,Gula Pasir,varian,2025-12-11 00:00:00,17500
Gula Pasir Kualitas Premium,Gula Pasir,varian,2025-12-12 00:00:00,17500
Gula Pasir Kualitas Premium,Gula Pasir,varian,2025-12-15 00:00:00,17500
Gula Pasir Kualitas Premium,Gula Pasir,varian,2025-12-16 00:00:00,17500
Gula Pasir Kualitas Premium,Gula Pasir,varian,2025-12-17 00:00:00,17500
Gula Pasir Kualitas Premium,Gula Pasir,varian,2025-12-18 00:00:00,17500
Gula Pasir Kualitas Premium,Gula Pasir,varian,2025-12-19 00:00:00,17500
Gula Pasir Kualitas Premium,Gula Pasir,varian,2025-12-22 00:00:00,17500
Gula Pasir Kualitas Premium,Gula Pasir,varian,2025-12-23 00:00:00,17500
Gula Pasir Kualitas Premium,Gula Pasir,varian,2025-12-24 00:00:00,17500
Gula Pasir Kualitas Premium,Gula Pasir,varian,2025-12-25 00:00:00,17500
Gula Pasir Kualitas Premium,Gula Pasir,varian,2025-12-26 00:00:00,17500
Gula Pasir Kualitas Premium,Gula Pasir,varian,2025-12-29 00:00:00,17500
Gula Pasir Kualitas Premium,Gula Pasir,varian,2025-12-30 00:00:00,17500
Gula Pasir Kualitas Premium,Gula Pasir,varian,2025-12-31 00:00:00,17500
Gula Pasir Kualitas Premium,Gula Pasir,varian,2026-01-01 00:00:00,17500
Gula Pasir Kualitas Premium,Gula Pasir,varian,2026-01-02 00:00:00,17500
Gula Pasir Kualitas Premium,Gula Pasir,varian,2026-01-05 00:00:00,17500
Gula Pasir Kualitas Premium,Gula Pasir,varian,2026-01-06 00:00:00,17500
Gula Pasir Kualitas Premium,Gula Pasir,varian,2026-01-07 00:00:00,17500
Gula Pasir Kualitas Premium,Gula Pasir,varian,2026-01-08 00:00:00,17500
Gula Pasir Kualitas Premium,Gula Pasir,varian,2026-01-09 00:00:00,17500
Gula Pasir Kualitas Premium,Gula Pasir,varian,2026-01-12 00:00:00,17500
Gula Pasir Kualitas Premium,Gula Pasir,varian,2026-01-13 00:00:00,17500
Gula Pasir Kualitas Premium,Gula Pasir,varian,2026-01-14 00:00:00,17500
Gula Pasir Kualitas Premium,Gula Pasir,varian,2026-01-15 00:00:00,17500
Gula Pasir Kualitas Premium,Gula Pasir,varian,2026-01-16 00:00:00,17500
Gula Pasir Kualitas Premium,Gula Pasir,varian,2026-01-19 00:00:00,17500
Gula Pasir Kualitas Premium,Gula Pasir,varian,2026-01-20 00:00:00,17500
Gula Pasir Kualitas Premium,Gula Pasir,varian,2026-01-21 00:00:00,17500
Gula Pasir Kualitas Premium,Gula Pasir,varian,2026-01-22 00:00:00,17500
Gula Pasir Kualitas Premium,Gula Pasir,varian,2026-01-23 00:00:00,17500
Gula Pasir Kualitas Premium,Gula Pasir,varian,2026-01-26 00:00:00,17500
Gula Pasir Kualitas Premium,Gula Pasir,varian,2026-01-27 00:00:00,17500
Gula Pasir Kualitas Premium,Gula Pasir,varian,2026-01-28 00:00:00,17500
Gula Pasir Kualitas Premium,Gula Pasir,varian,2026-01-29 00:00:00,17500
Gula Pasir Kualitas Premium,Gula Pasir,varian,2026-01-30 00:00:00,17500
Gula Pasir Kualitas Premium,Gula Pasir,varian,2026-02-02 00:00:00,17500
Gula Pasir Kualitas Premium,Gula Pasir,varian,2026-02-03 00:00:00,17500
Gula Pasir Kualitas Premium,Gula Pasir,varian,2026-02-04 00:00:00,17500
Gula Pasir Kualitas Premium,Gula Pasir,varian,2026-02-05 00:00:00,17500
Gula Pasir Kualitas Premium,Gula Pasir,varian,2026-02-06 00:00:00,17500
Gula Pasir Kualitas Premium,Gula Pasir,varian,2026-02-09 00:00:00,17500
Gula Pasir Kualitas Premium,Gula Pasir,varian,2026-02-10 00:00:00,17500
Gula Pasir Kualitas Premium,Gula Pasir,varian,2026-02-11 00:00:00,17500
Gula Pasir Kualitas Premium,Gula Pasir,varian,2026-02-12 00:00:00,17500
Gula Pasir Kualitas Premium,Gula Pasir,varian,2026-02-13 00:00:00,17500
Gula Pasir Kualitas Premium,Gula Pasir,varian,2026-02-16 00:00:00,17500
Gula Pasir Kualitas Premium,Gula Pasir,varian,2026-02-17 00:00:00,17500
Gula Pasir Kualitas Premium,Gula Pasir,varian,2026-02-18 00:00:00,17500
Gula Pasir Kualitas Premium,Gula Pasir,varian,2026-02-19 00:00:00,17500
Gula Pasir Kualitas Premium,Gula Pasir,varian,2026-02-20 00:00:00,17500
Gula Pasir Kualitas Premium,Gula Pasir,varian,2026-02-23 00:00:00,17500
Gula Pasir Kualitas Premium,Gula Pasir,varian,2026-02-24 00:00:00,17500
Gula Pasir Kualitas Premium,Gula Pasir,varian,2026-02-25 00:00:00,17500
Gula Pasir Kualitas Premium,Gula Pasir,varian,2026-02-26 00:00:00,17500
Gula Pasir Kualitas Premium,Gula Pasir,varian,2026-02-27 00:00:00,17500
Gula Pasir Kualitas Premium,Gula Pasir,varian,2026-03-02 00:00:00,17500
Gula Pasir Kualitas Premium,Gula Pasir,varian,2026-03-03 00:00:00,17500
Gula Pasir Kualitas Premium,Gula Pasir,varian,2026-03-04 00:00:00,17500
Gula Pasir Kualitas Premium,Gula Pasir,varian,2026-03-05 00:00:00,17500
Gula Pasir Kualitas Premium,Gula Pasir,varian,2026-03-06 00:00:00,17500
Gula Pasir Kualitas Premium,Gula Pasir,varian,2026-03-09 00:00:00,17500
Gula Pasir Kualitas Premium,Gula Pasir,varian,2026-03-10 00:00:00,17500
Gula Pasir Kualitas Premium,Gula Pasir,varian,2026-03-11 00:00:00,17500
Gula Pasir Kualitas Premium,Gula Pasir,varian,2026-03-12 00:00:00,17500
Gula Pasir Kualitas Premium,Gula Pasir,varian,2026-03-13 00:00:00,17500
Gula Pasir Kualitas Premium,Gula Pasir,varian,2026-03-16 00:00:00,17500
Gula Pasir Kualitas Premium,Gula Pasir,varian,2026-03-17 00:00:00,17500
Gula Pasir Kualitas Premium,Gula Pasir,varian,2026-03-18 00:00:00,17500
Gula Pasir Kualitas Premium,Gula Pasir,varian,2026-03-19 00:00:00,17500
Gula Pasir Kualitas Premium,Gula Pasir,varian,2026-03-20 00:00:00,17500
Gula Pasir Kualitas Premium,Gula Pasir,varian,2026-03-23 00:00:00,17500
Gula Pasir Kualitas Premium,Gula Pasir,varian,2026-03-24 00:00:00,17500
Gula Pasir Kualitas Premium,Gula Pasir,varian,2026-03-25 00:00:00,17500
Gula Pasir Kualitas Premium,Gula Pasir,varian,2026-03-26 00:00:00,17500
Gula Pasir Kualitas Premium,Gula Pasir,varian,2026-03-27 00:00:00,17500
Gula Pasir Kualitas Premium,Gula Pasir,varian,2026-03-30 00:00:00,17500
Gula Pasir Kualitas Premium,Gula Pasir,varian,2026-03-31 00:00:00,17500
Gula Pasir Kualitas Premium,Gula Pasir,varian,2026-04-01 00:00:00,17500
Gula Pasir Kualitas Premium,Gula Pasir,varian,2026-04-02 00:00:00,17500
Gula Pasir Kualitas Premium,Gula Pasir,varian,2026-04-03 00:00:00,17500
Gula Pasir Kualitas Premium,Gula Pasir,varian,2026-04-06 00:00:00,17500
Gula Pasir Kualitas Premium,Gula Pasir,varian,2026-04-07 00:00:00,17500
Gula Pasir Kualitas Premium,Gula Pasir,varian,2026-04-08 00:00:00,17500
Gula Pasir Kualitas Premium,Gula Pasir,varian,2026-04-09 00:00:00,17500
Gula Pasir Kualitas Premium,Gula Pasir,varian,2026-04-10 00:00:00,17500
Gula Pasir Kualitas Premium,Gula Pasir,varian,2026-04-13 00:00:00,17500
Gula Pasir Kualitas Premium,Gula Pasir,varian,2026-04-14 00:00:00,17500
Gula Pasir Kualitas Premium,Gula Pasir,varian,2026-04-15 00:00:00,17500
Gula Pasir Kualitas Premium,Gula Pasir,varian,2026-04-16 00:00:00,17500
Gula Pasir Kualitas Premium,Gula Pasir,varian,2026-04-17 00:00:00,17500
Gula Pasir Kualitas Premium,Gula Pasir,varian,2026-04-20 00:00:00,17500
Gula Pasir Kualitas Premium,Gula Pasir,varian,2026-04-21 00:00:00,17500
Gula Pasir Kualitas Premium,Gula Pasir,varian,2026-04-22 00:00:00,17500
Gula Pasir Kualitas Premium,Gula Pasir,varian,2026-04-23 00:00:00,17500
Gula Pasir Kualitas Premium,Gula Pasir,varian,2026-04-24 00:00:00,17500
Gula Pasir Kualitas Premium,Gula Pasir,varian,2026-04-27 00:00:00,17500
Gula Pasir Kualitas Premium,Gula Pasir,varian,2026-04-28 00:00:00,17500
Gula Pasir Kualitas Premium,Gula Pasir,varian,2026-04-29 00:00:00,17500
Gula Pasir Kualitas Premium,Gula Pasir,varian,2026-04-30 00:00:00,17500
Gula Pasir Kualitas Premium,Gula Pasir,varian,2026-05-01 00:00:00,17500
Gula Pasir Kualitas Premium,Gula Pasir,varian,2026-05-04 00:00:00,17500
Gula Pasir Kualitas Premium,Gula Pasir,varian,2026-05-05 00:00:00,17500
Gula Pasir Kualitas Premium,Gula Pasir,varian,2026-05-06 00:00:00,17500
Gula Pasir Kualitas Premium,Gula Pasir,varian,2026-05-07 00:00:00,17500
Gula Pasir Kualitas Premium,Gula Pasir,varian,2026-05-08 00:00:00,17500
Gula Pasir Kualitas Premium,Gula Pasir,varian,2026-05-11 00:00:00,17500
Gula Pasir Kualitas Premium,Gula Pasir,varian,2026-05-12 00:00:00,17500
Gula Pasir Kualitas Premium,Gula Pasir,varian,2026-05-13 00:00:00,17500
Gula Pasir Kualitas Premium,Gula Pasir,varian,2026-05-14 00:00:00,17500
Gula Pasir Kualitas Premium,Gula Pasir,varian,2026-05-15 00:00:00,17500
Gula Pasir Kualitas Premium,Gula Pasir,varian,2026-05-18 00:00:00,17500
Gula Pasir Kualitas Premium,Gula Pasir,varian,2026-05-19 00:00:00,17500
Gula Pasir Kualitas Premium,Gula Pasir,varian,2026-05-20 00:00:00,17500
Gula Pasir Kualitas Premium,Gula Pasir,varian,2026-05-21 00:00:00,17500
Gula Pasir Kualitas Premium,Gula Pasir,varian,2026-05-22 00:00:00,17500
Gula Pasir Kualitas Premium,Gula Pasir,varian,2026-05-25 00:00:00,17500
Gula Pasir Kualitas Premium,Gula Pasir,varian,2026-05-26 00:00:00,17500
Gula Pasir Kualitas Premium,Gula Pasir,varian,2026-05-27 00:00:00,17500
Gula Pasir Kualitas Premium,Gula Pasir,varian,2026-05-28 00:00:00,17500
Gula Pasir Kualitas Premium,Gula Pasir,varian,2026-05-29 00:00:00,17500
Gula Pasir Kualitas Premium,Gula Pasir,varian,2026-06-01 00:00:00,17500
Gula Pasir Kualitas Premium,Gula Pasir,varian,2026-06-02 00:00:00,17500
Gula Pasir Kualitas Premium,Gula Pasir,varian,2026-06-03 00:00:00,17500
Gula Pasir Kualitas Premium,Gula Pasir,varian,2026-06-04 00:00:00,17500
Gula Pasir Kualitas Premium,Gula Pasir,varian,2026-06-05 00:00:00,17500
Gula Pasir Kualitas Premium,Gula Pasir,varian,2026-06-08 00:00:00,17500
Gula Pasir Kualitas Premium,Gula Pasir,varian,2026-06-09 00:00:00,17500
Gula Pasir Kualitas Premium,Gula Pasir,varian,2026-06-10 00:00:00,17500
Gula Pasir Kualitas Premium,Gula Pasir,varian,2026-06-11 00:00:00,17500
Gula Pasir Kualitas Premium,Gula Pasir,varian,2026-06-12 00:00:00,17500
Gula Pasir Kualitas Premium,Gula Pasir,varian,2026-06-15 00:00:00,17500
Gula Pasir Kualitas Premium,Gula Pasir,varian,2026-06-16 00:00:00,17500
Gula Pasir Kualitas Premium,Gula Pasir,varian,2026-06-17 00:00:00,17500
Gula Pasir Kualitas Premium,Gula Pasir,varian,2026-06-18 00:00:00,17500
Gula Pasir Kualitas Premium,Gula Pasir,varian,2026-06-19 00:00:00,17500
Gula Pasir Kualitas Premium,Gula Pasir,varian,2026-06-22 00:00:00,17500
Gula Pasir Kualitas Premium,Gula Pasir,varian,2026-06-23 00:00:00,17500
Gula Pasir Kualitas Premium,Gula Pasir,varian,2026-06-24 00:00:00,17500
Gula Pasir Kualitas Premium,Gula Pasir,varian,2026-06-25 00:00:00,17500
Gula Pasir Kualitas Premium,Gula Pasir,varian,2026-06-26 00:00:00,17500
Gula Pasir Kualitas Premium,Gula Pasir,varian,2026-06-29 00:00:00,17500
Gula Pasir Kualitas Premium,Gula Pasir,varian,2026-06-30 00:00:00,17500
Gula Pasir Kualitas Premium,Gula Pasir,varian,2026-07-01 00:00:00,17500
Gula Pasir Kualitas Premium,Gula Pasir,varian,2026-07-02 00:00:00,17500
Gula Pasir Kualitas Premium,Gula Pasir,varian,2026-07-03 00:00:00,17500
Gula Pasir Kualitas Premium,Gula Pasir,varian,2026-07-06 00:00:00,17500
Gula Pasir Kualitas Premium,Gula Pasir,varian,2026-07-07 00:00:00,17500
Gula Pasir Kualitas Premium,Gula Pasir,varian,2026-07-08 00:00:00,17500
Gula Pasir Kualitas Premium,Gula Pasir,varian,2026-07-09 00:00:00,17500
Gula Pasir Kualitas Premium,Gula Pasir,varian,2026-07-10 00:00:00,17500
Gula Pasir Kualitas Premium,Gula Pasir,varian,2026-07-13 00:00:00,17500
Gula Pasir Kualitas Premium,Gula Pasir,varian,2026-07-14 00:00:00,17500
Gula Pasir Kualitas Premium,Gula Pasir,varian,2026-07-15 00:00:00,17500
Gula Pasir Kualitas Premium,Gula Pasir,varian,2026-07-16 00:00:00,17500
Gula Pasir Kualitas Premium,Gula Pasir,varian,2026-07-17 00:00:00,17500
Gula Pasir Kualitas Premium,Gula Pasir,varian,2026-07-20 00:00:00,17500
Gula Pasir Kualitas Premium,Gula Pasir,varian,2026-07-21 00:00:00,17500
Gula Pasir Kualitas Premium,Gula Pasir,varian,2026-07-22 00:00:00,17500
Gula Pasir Kualitas Premium,Gula Pasir,varian,2026-07-23 00:00:00,17500
Gula Pasir Kualitas Premium,Gula Pasir,varian,2026-07-24 00:00:00,17500
Gula Pasir Kualitas Premium,Gula Pasir,varian,2026-07-27 00:00:00,17500
Gula Pasir Kualitas Premium,Gula Pasir,varian,2026-07-28 00:00:00,17500
Gula Pasir Kualitas Premium,Gula Pasir,varian,2026-07-29 00:00:00,17500
Gula Pasir Kualitas Premium,Gula Pasir,varian,2026-07-30 00:00:00,17500
Gula Pasir Kualitas Premium,Gula Pasir,varian,2026-07-31 00:00:00,17500
Gula Pasir Kualitas Premium,Gula Pasir,varian,2026-08-03 00:00:00,17500
Gula Pasir Kualitas Premium,Gula Pasir,varian,2026-08-04 00:00:00,17500
Gula Pasir Kualitas Premium,Gula Pasir,varian,2026-08-05 00:00:00,17500
Gula Pasir Kualitas Premium,Gula Pasir,varian,2026-08-06 00:00:00,17500
Gula Pasir Kualitas Premium,Gula Pasir,varian,2026-08-07 00:00:00,17500
Gula Pasir Kualitas Premium,Gula Pasir,varian,2026-08-10 00:00:00,17500
Gula Pasir Kualitas Premium,Gula Pasir,varian,2026-08-11 00:00:00,17500
Gula Pasir Kualitas Premium,Gula Pasir,varian,2026-08-12 00:00:00,17500
Gula Pasir Kualitas Premium,Gula Pasir,varian,2026-08-13 00:00:00,17500
Gula Pasir Kualitas Premium,Gula Pasir,varian,2026-08-14 00:00:00,17500
Gula Pasir Kualitas Premium,Gula Pasir,varian,2026-08-17 00:00:00,17500
Gula Pasir Kualitas Premium,Gula Pasir,varian,2026-08-18 00:00:00,17500
Gula Pasir Kualitas Premium,Gula Pasir,varian,2026-08-19 00:00:00,17500
Gula Pasir Kualitas Premium,Gula Pasir,varian,2026-08-20 00:00:00,17500
Gula Pasir Kualitas Premium,Gula Pasir,varian,2026-08-21 00:00:00,17500
Gula Pasir Kualitas Premium,Gula Pasir,varian,2026-08-24 00:00:00,17500
Gula Pasir Kualitas Premium,Gula Pasir,varian,2026-08-25 00:00:00,17500
Gula Pasir Kualitas Premium,Gula Pasir,varian,2026-08-26 00:00:00,17500
Gula Pasir Kualitas Premium,Gula Pasir,varian,2026-08-27 00:00:00,17500
Gula Pasir Kualitas Premium,Gula Pasir,varian,2026-08-28 00:00:00,17500
Gula Pasir Kualitas Premium,Gula Pasir,varian,2026-08-31 00:00:00,17500
Gula Pasir Kualitas Premium,Gula Pasir,varian,2026-09-01 00:00:00,17500
Gula Pasir Kualitas Premium,Gula Pasir,varian,2026-09-02 00:00:00,17500
Gula Pasir Kualitas Premium,Gula Pasir,varian,2026-09-03 00:00:00,17500
Gula Pasir Kualitas Premium,Gula Pasir,varian,2026-09-04 00:00:00,17500
Gula Pasir Kualitas Premium,Gula Pasir,varian,2026-09-07 00:00:00,17500
Gula Pasir Kualitas Premium,Gula Pasir,varian,2026-09-08 00:00:00,17500
Gula Pasir Lokal,Gula Pasir,varian,2025-01-01 00:00:00,18000
Gula Pasir Lokal,Gula Pasir,varian,2025-01-02 00:00:00,18000
Gula Pasir Lokal,Gula Pasir,varian,2025-01-03 00:00:00,18000
Gula Pasir Lokal,Gula Pasir,varian,2025-01-06 00:00:00,18000
Gula Pasir Lokal,Gula Pasir,varian,2025-01-07 00:00:00,18000
Gula Pasir Lokal,Gula Pasir,varian,2025-01-08 00:00:00,18000
Gula Pasir Lokal,Gula Pasir,varian,2025-01-09 00:00:00,18250
Gula Pasir Lokal,Gula Pasir,varian,2025-01-10 00:00:00,18250
Gula Pasir Lokal,Gula Pasir,varian,2025-01-13 00:00:00,18250
Gula Pasir Lokal,Gula Pasir,varian,2025-01-14 00:00:00,18250
Gula Pasir Lokal,Gula Pasir,varian,2025-01-15 00:00:00,18250
Gula Pasir Lokal,Gula Pasir,varian,2025-01-16 00:00:00,18250
Gula Pasir Lokal,Gula Pasir,varian,2025-01-17 00:00:00,19000
Gula Pasir Lokal,Gula Pasir,varian,2025-01-20 00:00:00,19000
Gula Pasir Lokal,Gula Pasir,varian,2025-01-21 00:00:00,19000
Gula Pasir Lokal,Gula Pasir,varian,2025-01-22 00:00:00,19000
Gula Pasir Lokal,Gula Pasir,varian,2025-01-23 00:00:00,18750
Gula Pasir Lokal,Gula Pasir,varian,2025-01-24 00:00:00,18750
Gula Pasir Lokal,Gula Pasir,varian,2025-01-27 00:00:00,18750
Gula Pasir Lokal,Gula Pasir,varian,2025-01-28 00:00:00,18750
Gula Pasir Lokal,Gula Pasir,varian,2025-01-29 00:00:00,18750
Gula Pasir Lokal,Gula Pasir,varian,2025-01-30 00:00:00,19250
Gula Pasir Lokal,Gula Pasir,varian,2025-01-31 00:00:00,19750
Gula Pasir Lokal,Gula Pasir,varian,2025-02-03 00:00:00,19500
Gula Pasir Lokal,Gula Pasir,varian,2025-02-04 00:00:00,19500
Gula Pasir Lokal,Gula Pasir,varian,2025-02-05 00:00:00,19500
Gula Pasir Lokal,Gula Pasir,varian,2025-02-06 00:00:00,19500
Gula Pasir Lokal,Gula Pasir,varian,2025-02-07 00:00:00,19500
Gula Pasir Lokal,Gula Pasir,varian,2025-02-10 00:00:00,19500
Gula Pasir Lokal,Gula Pasir,varian,2025-02-11 00:00:00,19500
Gula Pasir Lokal,Gula Pasir,varian,2025-02-12 00:00:00,19500
Gula Pasir Lokal,Gula Pasir,varian,2025-02-13 00:00:00,19250
Gula Pasir Lokal,Gula Pasir,varian,2025-02-14 00:00:00,19250
Gula Pasir Lokal,Gula Pasir,varian,2025-02-17 00:00:00,19250
Gula Pasir Lokal,Gula Pasir,varian,2025-02-18 00:00:00,19250
Gula Pasir Lokal,Gula Pasir,varian,2025-02-19 00:00:00,19250
Gula Pasir Lokal,Gula Pasir,varian,2025-02-20 00:00:00,19250
Gula Pasir Lokal,Gula Pasir,varian,2025-02-21 00:00:00,19250
Gula Pasir Lokal,Gula Pasir,varian,2025-02-24 00:00:00,19250
Gula Pasir Lokal,Gula Pasir,varian,2025-02-25 00:00:00,19500
Gula Pasir Lokal,Gula Pasir,varian,2025-02-26 00:00:00,19500
Gula Pasir Lokal,Gula Pasir,varian,2025-02-27 00:00:00,19250
Gula Pasir Lokal,Gula Pasir,varian,2025-02-28 00:00:00,19250
Gula Pasir Lokal,Gula Pasir,varian,2025-03-03 00:00:00,19250
Gula Pasir Lokal,Gula Pasir,varian,2025-03-04 00:00:00,19250
Gula Pasir Lokal,Gula Pasir,varian,2025-03-05 00:00:00,19250
Gula Pasir Lokal,Gula Pasir,varian,2025-03-06 00:00:00,19250
Gula Pasir Lokal,Gula Pasir,varian,2025-03-07 00:00:00,19000
Gula Pasir Lokal,Gula Pasir,varian,2025-03-10 00:00:00,19000
Gula Pasir Lokal,Gula Pasir,varian,2025-03-11 00:00:00,19000
Gula Pasir Lokal,Gula Pasir,varian,2025-03-12 00:00:00,19000
Gula Pasir Lokal,Gula Pasir,varian,2025-03-13 00:00:00,19000
Gula Pasir Lokal,Gula Pasir,varian,2025-03-14 00:00:00,19000
Gula Pasir Lokal,Gula Pasir,varian,2025-03-17 00:00:00,19000
Gula Pasir Lokal,Gula Pasir,varian,2025-03-18 00:00:00,19000
Gula Pasir Lokal,Gula Pasir,varian,2025-03-19 00:00:00,19000
Gula Pasir Lokal,Gula Pasir,varian,2025-03-20 00:00:00,19000
Gula Pasir Lokal,Gula Pasir,varian,2025-03-21 00:00:00,19000
Gula Pasir Lokal,Gula Pasir,varian,2025-03-24 00:00:00,19000
Gula Pasir Lokal,Gula Pasir,varian,2025-03-25 00:00:00,19000
Gula Pasir Lokal,Gula Pasir,varian,2025-03-26 00:00:00,19000
Gula Pasir Lokal,Gula Pasir,varian,2025-03-27 00:00:00,19000
Gula Pasir Lokal,Gula Pasir,varian,2025-03-28 00:00:00,19000
Gula Pasir Lokal,Gula Pasir,varian,2025-03-31 00:00:00,19000
Gula Pasir Lokal,Gula Pasir,varian,2025-04-01 00:00:00,19000
Gula Pasir Lokal,Gula Pasir,varian,2025-04-02 00:00:00,19000
Gula Pasir Lokal,Gula Pasir,varian,2025-04-03 00:00:00,19000
Gula Pasir Lokal,Gula Pasir,varian,2025-04-04 00:00:00,19000
Gula Pasir Lokal,Gula Pasir,varian,2025-04-07 00:00:00,19000
Gula Pasir Lokal,Gula Pasir,varian,2025-04-08 00:00:00,19000
Gula Pasir Lokal,Gula Pasir,varian,2025-04-09 00:00:00,19000
Gula Pasir Lokal,Gula Pasir,varian,2025-04-10 00:00:00,19000
Gula Pasir Lokal,Gula Pasir,varian,2025-04-11 00:00:00,19000
Gula Pasir Lokal,Gula Pasir,varian,2025-04-14 00:00:00,19000
Gula Pasir Lokal,Gula Pasir,varian,2025-04-15 00:00:00,19000
Gula Pasir Lokal,Gula Pasir,varian,2025-04-16 00:00:00,19000
Gula Pasir Lokal,Gula Pasir,varian,2025-04-17 00:00:00,19000
Gula Pasir Lokal,Gula Pasir,varian,2025-04-18 00:00:00,19000
Gula Pasir Lokal,Gula Pasir,varian,2025-04-21 00:00:00,19000
Gula Pasir Lokal,Gula Pasir,varian,2025-04-22 00:00:00,19000
Gula Pasir Lokal,Gula Pasir,varian,2025-04-23 00:00:00,19000
Gula Pasir Lokal,Gula Pasir,varian,2025-04-24 00:00:00,19000
Gula Pasir Lokal,Gula Pasir,varian,2025-04-25 00:00:00,19000
Gula Pasir Lokal,Gula Pasir,varian,2025-04-28 00:00:00,19000
Gula Pasir Lokal,Gula Pasir,varian,2025-04-29 00:00:00,19000
Gula Pasir Lokal,Gula Pasir,varian,2025-04-30 00:00:00,19000
Gula Pasir Lokal,Gula Pasir,varian,2025-05-01 00:00:00,19000
Gula Pasir Lokal,Gula Pasir,varian,2025-05-02 00:00:00,19000
Gula Pasir Lokal,Gula Pasir,varian,2025-05-05 00:00:00,19000
Gula Pasir Lokal,Gula Pasir,varian,2025-05-06 00:00:00,19000
Gula Pasir Lokal,Gula Pasir,varian,2025-05-07 00:00:00,19000
Gula Pasir Lokal,Gula Pasir,varian,2025-05-08 00:00:00,19000
Gula Pasir Lokal,Gula Pasir,varian,2025-05-09 00:00:00,19000
Gula Pasir Lokal,Gula Pasir,varian,2025-05-12 00:00:00,19000
Gula Pasir Lokal,Gula Pasir,varian,2025-05-13 00:00:00,19000
Gula Pasir Lokal,Gula Pasir,varian,2025-05-14 00:00:00,19000
Gula Pasir Lokal,Gula Pasir,varian,2025-05-15 00:00:00,19000
Gula Pasir Lokal,Gula Pasir,varian,2025-05-16 00:00:00,19000
Gula Pasir Lokal,Gula Pasir,varian,2025-05-19 00:00:00,19000
Gula Pasir Lokal,Gula Pasir,varian,2025-05-20 00:00:00,19000
Gula Pasir Lokal,Gula Pasir,varian,2025-05-21 00:00:00,19000
Gula Pasir Lokal,Gula Pasir,varian,2025-05-22 00:00:00,19000
Gula Pasir Lokal,Gula Pasir,varian,2025-05-23 00:00:00,19000
Gula Pasir Lokal,Gula Pasir,varian,2025-05-26 00:00:00,19000
Gula Pasir Lokal,Gula Pasir,varian,2025-05-27 00:00:00,19000
Gula Pasir Lokal,Gula Pasir,varian,2025-05-28 00:00:00,19000
Gula Pasir Lokal,Gula Pasir,varian,2025-05-29 00:00:00,19000
Gula Pasir Lokal,Gula Pasir,varian,2025-05-30 00:00:00,19000
Gula Pasir Lokal,Gula Pasir,varian,2025-06-02 00:00:00,19000
Gula Pasir Lokal,Gula Pasir,varian,2025-06-03 00:00:00,19000
Gula Pasir Lokal,Gula Pasir,varian,2025-06-04 00:00:00,19000
Gula Pasir Lokal,Gula Pasir,varian,2025-06-05 00:00:00,19000
Gula Pasir Lokal,Gula Pasir,varian,2025-06-06 00:00:00,19000
Gula Pasir Lokal,Gula Pasir,varian,2025-06-09 00:00:00,19000
Gula Pasir Lokal,Gula Pasir,varian,2025-06-10 00:00:00,19000
Gula Pasir Lokal,Gula Pasir,varian,2025-06-11 00:00:00,19000
Gula Pasir Lokal,Gula Pasir,varian,2025-06-12 00:00:00,19000
Gula Pasir Lokal,Gula Pasir,varian,2025-06-13 00:00:00,19000
Gula Pasir Lokal,Gula Pasir,varian,2025-06-16 00:00:00,19000
Gula Pasir Lokal,Gula Pasir,varian,2025-06-17 00:00:00,19000
Gula Pasir Lokal,Gula Pasir,varian,2025-06-18 00:00:00,19000
Gula Pasir Lokal,Gula Pasir,varian,2025-06-19 00:00:00,19000
Gula Pasir Lokal,Gula Pasir,varian,2025-06-20 00:00:00,19000
Gula Pasir Lokal,Gula Pasir,varian,2025-06-23 00:00:00,19000
Gula Pasir Lokal,Gula Pasir,varian,2025-06-24 00:00:00,19000
Gula Pasir Lokal,Gula Pasir,varian,2025-06-25 00:00:00,19000
Gula Pasir Lokal,Gula Pasir,varian,2025-06-26 00:00:00,19000
Gula Pasir Lokal,Gula Pasir,varian,2025-06-27 00:00:00,19000
Gula Pasir Lokal,Gula Pasir,varian,2025-06-30 00:00:00,19000
Gula Pasir Lokal,Gula Pasir,varian,2025-07-01 00:00:00,19000
Gula Pasir Lokal,Gula Pasir,varian,2025-07-02 00:00:00,19000
Gula Pasir Lokal,Gula Pasir,varian,2025-07-03 00:00:00,19000
Gula Pasir Lokal,Gula Pasir,varian,2025-07-04 00:00:00,19000
Gula Pasir Lokal,Gula Pasir,varian,2025-07-07 00:00:00,19000
Gula Pasir Lokal,Gula Pasir,varian,2025-07-08 00:00:00,19000
Gula Pasir Lokal,Gula Pasir,varian,2025-07-09 00:00:00,19000
Gula Pasir Lokal,Gula Pasir,varian,2025-07-10 00:00:00,19000
Gula Pasir Lokal,Gula Pasir,varian,2025-07-11 00:00:00,19000
Gula Pasir Lokal,Gula Pasir,varian,2025-07-14 00:00:00,19000
Gula Pasir Lokal,Gula Pasir,varian,2025-07-15 00:00:00,19000
Gula Pasir Lokal,Gula Pasir,varian,2025-07-16 00:00:00,19000
Gula Pasir Lokal,Gula Pasir,varian,2025-07-17 00:00:00,19000
Gula Pasir Lokal,Gula Pasir,varian,2025-07-18 00:00:00,19000
Gula Pasir Lokal,Gula Pasir,varian,2025-07-21 00:00:00,19000
Gula Pasir Lokal,Gula Pasir,varian,2025-07-22 00:00:00,19000
Gula Pasir Lokal,Gula Pasir,varian,2025-07-23 00:00:00,19000
Gula Pasir Lokal,Gula Pasir,varian,2025-07-24 00:00:00,19000
Gula Pasir Lokal,Gula Pasir,varian,2025-07-25 00:00:00,19000
Gula Pasir Lokal,Gula Pasir,varian,2025-07-28 00:00:00,19000
Gula Pasir Lokal,Gula Pasir,varian,2025-07-29 00:00:00,18900
Gula Pasir Lokal,Gula Pasir,varian,2025-07-30 00:00:00,18900
Gula Pasir Lokal,Gula Pasir,varian,2025-07-31 00:00:00,18900
Gula Pasir Lokal,Gula Pasir,varian,2025-08-01 00:00:00,18650
Gula Pasir Lokal,Gula Pasir,varian,2025-08-04 00:00:00,18500
Gula Pasir Lokal,Gula Pasir,varian,2025-08-05 00:00:00,18250
Gula Pasir Lokal,Gula Pasir,varian,2025-08-06 00:00:00,18250
Gula Pasir Lokal,Gula Pasir,varian,2025-08-07 00:00:00,18250
Gula Pasir Lokal,Gula Pasir,varian,2025-08-08 00:00:00,18250
Gula Pasir Lokal,Gula Pasir,varian,2025-08-11 00:00:00,18250
Gula Pasir Lokal,Gula Pasir,varian,2025-08-12 00:00:00,18250
Gula Pasir Lokal,Gula Pasir,varian,2025-08-13 00:00:00,18250
Gula Pasir Lokal,Gula Pasir,varian,2025-08-14 00:00:00,18250
Gula Pasir Lokal,Gula Pasir,varian,2025-08-15 00:00:00,18250
Gula Pasir Lokal,Gula Pasir,varian,2025-08-18 00:00:00,18250
Gula Pasir Lokal,Gula Pasir,varian,2025-08-19 00:00:00,18250
Gula Pasir Lokal,Gula Pasir,varian,2025-08-20 00:00:00,18250
Gula Pasir Lokal,Gula Pasir,varian,2025-08-21 00:00:00,18250
Gula Pasir Lokal,Gula Pasir,varian,2025-08-22 00:00:00,18250
Gula Pasir Lokal,Gula Pasir,varian,2025-08-25 00:00:00,18250
Gula Pasir Lokal,Gula Pasir,varian,2025-08-26 00:00:00,18250
Gula Pasir Lokal,Gula Pasir,varian,2025-08-27 00:00:00,18250
Gula Pasir Lokal,Gula Pasir,varian,2025-08-28 00:00:00,18250
Gula Pasir Lokal,Gula Pasir,varian,2025-08-29 00:00:00,18250
Gula Pasir Lokal,Gula Pasir,varian,2025-09-01 00:00:00,18250
Gula Pasir Lokal,Gula Pasir,varian,2025-09-02 00:00:00,18250
Gula Pasir Lokal,Gula Pasir,varian,2025-09-03 00:00:00,18250
Gula Pasir Lokal,Gula Pasir,varian,2025-09-04 00:00:00,18250
Gula Pasir Lokal,Gula Pasir,varian,2025-09-05 00:00:00,18250
Gula Pasir Lokal,Gula Pasir,varian,2025-09-08 00:00:00,18250
Gula Pasir Lokal,Gula Pasir,varian,2025-09-09 00:00:00,18250
Gula Pasir Lokal,Gula Pasir,varian,2025-09-10 00:00:00,18250
Gula Pasir Lokal,Gula Pasir,varian,2025-09-11 00:00:00,18250
Gula Pasir Lokal,Gula Pasir,varian,2025-09-12 00:00:00,18250
Gula Pasir Lokal,Gula Pasir,varian,2025-09-15 00:00:00,18250
Gula Pasir Lokal,Gula Pasir,varian,2025-09-16 00:00:00,18250
Gula Pasir Lokal,Gula Pasir,varian,2025-09-17 00:00:00,18250
Gula Pasir Lokal,Gula Pasir,varian,2025-09-18 00:00:00,18250
Gula Pasir Lokal,Gula Pasir,varian,2025-09-19 00:00:00,18250
Gula Pasir Lokal,Gula Pasir,varian,2025-09-22 00:00:00,18250
Gula Pasir Lokal,Gula Pasir,varian,2025-09-23 00:00:00,18250
Gula Pasir Lokal,Gula Pasir,varian,2025-09-24 00:00:00,18250
Gula Pasir Lokal,Gula Pasir,varian,2025-09-25 00:00:00,18250
Gula Pasir Lokal,Gula Pasir,varian,2025-09-26 00:00:00,18250
Gula Pasir Lokal,Gula Pasir,varian,2025-09-29 00:00:00,18250
Gula Pasir Lokal,Gula Pasir,varian,2025-09-30 00:00:00,18250
Gula Pasir Lokal,Gula Pasir,varian,2025-10-01 00:00:00,18250
Gula Pasir Lokal,Gula Pasir,varian,2025-10-02 00:00:00,18250
Gula Pasir Lokal,Gula Pasir,varian,2025-10-03 00:00:00,18250
Gula Pasir Lokal,Gula Pasir,varian,2025-10-06 00:00:00,18250
Gula Pasir Lokal,Gula Pasir,varian,2025-10-07 00:00:00,18250
Gula Pasir Lokal,Gula Pasir,varian,2025-10-08 00:00:00,18250
Gula Pasir Lokal,Gula Pasir,varian,2025-10-09 00:00:00,18250
Gula Pasir Lokal,Gula Pasir,varian,2025-10-10 00:00:00,18250
Gula Pasir Lokal,Gula Pasir,varian,2025-10-13 00:00:00,18250
Gula Pasir Lokal,Gula Pasir,varian,2025-10-14 00:00:00,18250
Gula Pasir Lokal,Gula Pasir,varian,2025-10-15 00:00:00,18250
Gula Pasir Lokal,Gula Pasir,varian,2025-10-16 00:00:00,18250
Gula Pasir Lokal,Gula Pasir,varian,2025-10-17 00:00:00,18250
Gula Pasir Lokal,Gula Pasir,varian,2025-10-20 00:00:00,18250
Gula Pasir Lokal,Gula Pasir,varian,2025-10-21 00:00:00,18250
Gula Pasir Lokal,Gula Pasir,varian,2025-10-22 00:00:00,18250
Gula Pasir Lokal,Gula Pasir,varian,2025-10-23 00:00:00,18250
Gula Pasir Lokal,Gula Pasir,varian,2025-10-24 00:00:00,18250
Gula Pasir Lokal,Gula Pasir,varian,2025-10-27 00:00:00,18250
Gula Pasir Lokal,Gula Pasir,varian,2025-10-28 00:00:00,18250
Gula Pasir Lokal,Gula Pasir,varian,2025-10-29 00:00:00,18250
Gula Pasir Lokal,Gula Pasir,varian,2025-10-30 00:00:00,18250
Gula Pasir Lokal,Gula Pasir,varian,2025-10-31 00:00:00,18250
Gula Pasir Lokal,Gula Pasir,varian,2025-11-03 00:00:00,18250
Gula Pasir Lokal,Gula Pasir,varian,2025-11-04 00:00:00,18250
Gula Pasir Lokal,Gula Pasir,varian,2025-11-05 00:00:00,18250
Gula Pasir Lokal,Gula Pasir,varian,2025-11-06 00:00:00,18250
Gula Pasir Lokal,Gula Pasir,varian,2025-11-07 00:00:00,18250
Gula Pasir Lokal,Gula Pasir,varian,2025-11-10 00:00:00,18250
Gula Pasir Lokal,Gula Pasir,varian,2025-11-11 00:00:00,18250
Gula Pasir Lokal,Gula Pasir,varian,2025-11-12 00:00:00,18250
Gula Pasir Lokal,Gula Pasir,varian,2025-11-13 00:00:00,18250
Gula Pasir Lokal,Gula Pasir,varian,2025-11-14 00:00:00,18250
Gula Pasir Lokal,Gula Pasir,varian,2025-11-17 00:00:00,18250
Gula Pasir Lokal,Gula Pasir,varian,2025-11-18 00:00:00,18250
Gula Pasir Lokal,Gula Pasir,varian,2025-11-19 00:00:00,18250
Gula Pasir Lokal,Gula Pasir,varian,2025-11-20 00:00:00,18250
Gula Pasir Lokal,Gula Pasir,varian,2025-11-21 00:00:00,18250
Gula Pasir Lokal,Gula Pasir,varian,2025-11-24 00:00:00,18250
Gula Pasir Lokal,Gula Pasir,varian,2025-11-25 00:00:00,18250
Gula Pasir Lokal,Gula Pasir,varian,2025-11-26 00:00:00,18250
Gula Pasir Lokal,Gula Pasir,varian,2025-11-27 00:00:00,18250
Gula Pasir Lokal,Gula Pasir,varian,2025-11-28 00:00:00,18250
Gula Pasir Lokal,Gula Pasir,varian,2025-12-01 00:00:00,18250
Gula Pasir Lokal,Gula Pasir,varian,2025-12-02 00:00:00,18250
Gula Pasir Lokal,Gula Pasir,varian,2025-12-03 00:00:00,18250
Gula Pasir Lokal,Gula Pasir,varian,2025-12-04 00:00:00,18250
Gula Pasir Lokal,Gula Pasir,varian,2025-12-05 00:00:00,18250
Gula Pasir Lokal,Gula Pasir,varian,2025-12-08 00:00:00,18250
Gula Pasir Lokal,Gula Pasir,varian,2025-12-09 00:00:00,18250
Gula Pasir Lokal,Gula Pasir,varian,2025-12-10 00:00:00,18250
Gula Pasir Lokal,Gula Pasir,varian,2025-12-11 00:00:00,18250
Gula Pasir Lokal,Gula Pasir,varian,2025-12-12 00:00:00,18250
Gula Pasir Lokal,Gula Pasir,varian,2025-12-15 00:00:00,18250
Gula Pasir Lokal,Gula Pasir,varian,2025-12-16 00:00:00,18250
Gula Pasir Lokal,Gula Pasir,varian,2025-12-17 00:00:00,18250
Gula Pasir Lokal,Gula Pasir,varian,2025-12-18 00:00:00,18250
Gula Pasir Lokal,Gula Pasir,varian,2025-12-19 00:00:00,18250
Gula Pasir Lokal,Gula Pasir,varian,2025-12-22 00:00:00,18250
Gula Pasir Lokal,Gula Pasir,varian,2025-12-23 00:00:00,18250
Gula Pasir Lokal,Gula Pasir,varian,2025-12-24 00:00:00,18250
Gula Pasir Lokal,Gula Pasir,varian,2025-12-25 00:00:00,18250
Gula Pasir Lokal,Gula Pasir,varian,2025-12-26 00:00:00,18250
Gula Pasir Lokal,Gula Pasir,varian,2025-12-29 00:00:00,18250
Gula Pasir Lokal,Gula Pasir,varian,2025-12-30 00:00:00,18250
Gula Pasir Lokal,Gula Pasir,varian,2025-12-31 00:00:00,18250
Gula Pasir Lokal,Gula Pasir,varian,2026-01-01 00:00:00,18250
Gula Pasir Lokal,Gula Pasir,varian,2026-01-02 00:00:00,18250
Gula Pasir Lokal,Gula Pasir,varian,2026-01-05 00:00:00,18250
Gula Pasir Lokal,Gula Pasir,varian,2026-01-06 00:00:00,18250
Gula Pasir Lokal,Gula Pasir,varian,2026-01-07 00:00:00,18250
Gula Pasir Lokal,Gula Pasir,varian,2026-01-08 00:00:00,18250
Gula Pasir Lokal,Gula Pasir,varian,2026-01-09 00:00:00,18250
Gula Pasir Lokal,Gula Pasir,varian,2026-01-12 00:00:00,18250
Gula Pasir Lokal,Gula Pasir,varian,2026-01-13 00:00:00,18250
Gula Pasir Lokal,Gula Pasir,varian,2026-01-14 00:00:00,18250
Gula Pasir Lokal,Gula Pasir,varian,2026-01-15 00:00:00,18250
Gula Pasir Lokal,Gula Pasir,varian,2026-01-16 00:00:00,18250
Gula Pasir Lokal,Gula Pasir,varian,2026-01-19 00:00:00,18250
Gula Pasir Lokal,Gula Pasir,varian,2026-01-20 00:00:00,18250
Gula Pasir Lokal,Gula Pasir,varian,2026-01-21 00:00:00,18250
Gula Pasir Lokal,Gula Pasir,varian,2026-01-22 00:00:00,18250
Gula Pasir Lokal,Gula Pasir,varian,2026-01-23 00:00:00,18250
Gula Pasir Lokal,Gula Pasir,varian,2026-01-26 00:00:00,18250
Gula Pasir Lokal,Gula Pasir,varian,2026-01-27 00:00:00,18250
Gula Pasir Lokal,Gula Pasir,varian,2026-01-28 00:00:00,18250
Gula Pasir Lokal,Gula Pasir,varian,2026-01-29 00:00:00,18250
Gula Pasir Lokal,Gula Pasir,varian,2026-01-30 00:00:00,18250
Gula Pasir Lokal,Gula Pasir,varian,2026-02-02 00:00:00,18250
Gula Pasir Lokal,Gula Pasir,varian,2026-02-03 00:00:00,18250
Gula Pasir Lokal,Gula Pasir,varian,2026-02-04 00:00:00,18250
Gula Pasir Lokal,Gula Pasir,varian,2026-02-05 00:00:00,18250
Gula Pasir Lokal,Gula Pasir,varian,2026-02-06 00:00:00,18250
Gula Pasir Lokal,Gula Pasir,varian,2026-02-09 00:00:00,18250
Gula Pasir Lokal,Gula Pasir,varian,2026-02-10 00:00:00,18250
Gula Pasir Lokal,Gula Pasir,varian,2026-02-11 00:00:00,18250
Gula Pasir Lokal,Gula Pasir,varian,2026-02-12 00:00:00,18250
Gula Pasir Lokal,Gula Pasir,varian,2026-02-13 00:00:00,18250
Gula Pasir Lokal,Gula Pasir,varian,2026-02-16 00:00:00,18250
Gula Pasir Lokal,Gula Pasir,varian,2026-02-17 00:00:00,18250
Gula Pasir Lokal,Gula Pasir,varian,2026-02-18 00:00:00,18250
Gula Pasir Lokal,Gula Pasir,varian,2026-02-19 00:00:00,18250
Gula Pasir Lokal,Gula Pasir,varian,2026-02-20 00:00:00,18250
Gula Pasir Lokal,Gula Pasir,varian,2026-02-23 00:00:00,18250
Gula Pasir Lokal,Gula Pasir,varian,2026-02-24 00:00:00,18250
Gula Pasir Lokal,Gula Pasir,varian,2026-02-25 00:00:00,18250
Gula Pasir Lokal,Gula Pasir,varian,2026-02-26 00:00:00,18250
Gula Pasir Lokal,Gula Pasir,varian,2026-02-27 00:00:00,18250
Gula Pasir Lokal,Gula Pasir,varian,2026-03-02 00:00:00,18250
Gula Pasir Lokal,Gula Pasir,varian,2026-03-03 00:00:00,18250
Gula Pasir Lokal,Gula Pasir,varian,2026-03-04 00:00:00,18250
Gula Pasir Lokal,Gula Pasir,varian,2026-03-05 00:00:00,18250
Gula Pasir Lokal,Gula Pasir,varian,2026-03-06 00:00:00,18250
Gula Pasir Lokal,Gula Pasir,varian,2026-03-09 00:00:00,18750
Gula Pasir Lokal,Gula Pasir,varian,2026-03-10 00:00:00,19000
Gula Pasir Lokal,Gula Pasir,varian,2026-03-11 00:00:00,19000
Gula Pasir Lokal,Gula Pasir,varian,2026-03-12 00:00:00,19000
Gula Pasir Lokal,Gula Pasir,varian,2026-03-13 00:00:00,19000
Gula Pasir Lokal,Gula Pasir,varian,2026-03-16 00:00:00,19000
Gula Pasir Lokal,Gula Pasir,varian,2026-03-17 00:00:00,19000
Gula Pasir Lokal,Gula Pasir,varian,2026-03-18 00:00:00,19000
Gula Pasir Lokal,Gula Pasir,varian,2026-03-19 00:00:00,19000
Gula Pasir Lokal,Gula Pasir,varian,2026-03-20 00:00:00,19000
Gula Pasir Lokal,Gula Pasir,varian,2026-03-23 00:00:00,19000
Gula Pasir Lokal,Gula Pasir,varian,2026-03-24 00:00:00,19000
Gula Pasir Lokal,Gula Pasir,varian,2026-03-25 00:00:00,19000
Gula Pasir Lokal,Gula Pasir,varian,2026-03-26 00:00:00,19000
Gula Pasir Lokal,Gula Pasir,varian,2026-03-27 00:00:00,19000
Gula Pasir Lokal,Gula Pasir,varian,2026-03-30 00:00:00,19000
Gula Pasir Lokal,Gula Pasir,varian,2026-03-31 00:00:00,19000
Gula Pasir Lokal,Gula Pasir,varian,2026-04-01 00:00:00,19000
Gula Pasir Lokal,Gula Pasir,varian,2026-04-02 00:00:00,19000
Gula Pasir Lokal,Gula Pasir,varian,2026-04-03 00:00:00,19000
Gula Pasir Lokal,Gula Pasir,varian,2026-04-06 00:00:00,19000
Gula Pasir Lokal,Gula Pasir,varian,2026-04-07 00:00:00,19000
Gula Pasir Lokal,Gula Pasir,varian,2026-04-08 00:00:00,19000
Gula Pasir Lokal,Gula Pasir,varian,2026-04-09 00:00:00,19250
Gula Pasir Lokal,Gula Pasir,varian,2026-04-10 00:00:00,19250
Gula Pasir Lokal,Gula Pasir,varian,2026-04-13 00:00:00,19250
Gula Pasir Lokal,Gula Pasir,varian,2026-04-14 00:00:00,19250
Gula Pasir Lokal,Gula Pasir,varian,2026-04-15 00:00:00,19250
Gula Pasir Lokal,Gula Pasir,varian,2026-04-16 00:00:00,19500
Gula Pasir Lokal,Gula Pasir,varian,2026-04-17 00:00:00,19500
Gula Pasir Lokal,Gula Pasir,varian,2026-04-20 00:00:00,19500
Gula Pasir Lokal,Gula Pasir,varian,2026-04-21 00:00:00,19500
Gula Pasir Lokal,Gula Pasir,varian,2026-04-22 00:00:00,19500
Gula Pasir Lokal,Gula Pasir,varian,2026-04-23 00:00:00,19500
Gula Pasir Lokal,Gula Pasir,varian,2026-04-24 00:00:00,19500
Gula Pasir Lokal,Gula Pasir,varian,2026-04-27 00:00:00,19500
Gula Pasir Lokal,Gula Pasir,varian,2026-04-28 00:00:00,19500
Gula Pasir Lokal,Gula Pasir,varian,2026-04-29 00:00:00,19500
Gula Pasir Lokal,Gula Pasir,varian,2026-04-30 00:00:00,19500
Gula Pasir Lokal,Gula Pasir,varian,2026-05-01 00:00:00,19500
Gula Pasir Lokal,Gula Pasir,varian,2026-05-04 00:00:00,19500
Gula Pasir Lokal,Gula Pasir,varian,2026-05-05 00:00:00,19500
Gula Pasir Lokal,Gula Pasir,varian,2026-05-06 00:00:00,19500
Gula Pasir Lokal,Gula Pasir,varian,2026-05-07 00:00:00,19500
Gula Pasir Lokal,Gula Pasir,varian,2026-05-08 00:00:00,19500
Gula Pasir Lokal,Gula Pasir,varian,2026-05-11 00:00:00,19500
Gula Pasir Lokal,Gula Pasir,varian,2026-05-12 00:00:00,19500
Gula Pasir Lokal,Gula Pasir,varian,2026-05-13 00:00:00,19500
Gula Pasir Lokal,Gula Pasir,varian,2026-05-14 00:00:00,19500
Gula Pasir Lokal,Gula Pasir,varian,2026-05-15 00:00:00,19500
Gula Pasir Lokal,Gula Pasir,varian,2026-05-18 00:00:00,19500
Gula Pasir Lokal,Gula Pasir,varian,2026-05-19 00:00:00,19500
Gula Pasir Lokal,Gula Pasir,varian,2026-05-20 00:00:00,19500
Gula Pasir Lokal,Gula Pasir,varian,2026-05-21 00:00:00,19500
Gula Pasir Lokal,Gula Pasir,varian,2026-05-22 00:00:00,19500
Gula Pasir Lokal,Gula Pasir,varian,2026-05-25 00:00:00,19500
Gula Pasir Lokal,Gula Pasir,varian,2026-05-26 00:00:00,19500
Gula Pasir Lokal,Gula Pasir,varian,2026-05-27 00:00:00,19500
Gula Pasir Lokal,Gula Pasir,varian,2026-05-28 00:00:00,19500
Gula Pasir Lokal,Gula Pasir,varian,2026-05-29 00:00:00,19500
Gula Pasir Lokal,Gula Pasir,varian,2026-06-01 00:00:00,19500
Gula Pasir Lokal,Gula Pasir,varian,2026-06-02 00:00:00,19500
Gula Pasir Lokal,Gula Pasir,varian,2026-06-03 00:00:00,19500
Gula Pasir Lokal,Gula Pasir,varian,2026-06-04 00:00:00,19500
Gula Pasir Lokal,Gula Pasir,varian,2026-06-05 00:00:00,19500
Gula Pasir Lokal,Gula Pasir,varian,2026-06-08 00:00:00,19500
Gula Pasir Lokal,Gula Pasir,varian,2026-06-09 00:00:00,19500
Gula Pasir Lokal,Gula Pasir,varian,2026-06-10 00:00:00,19500
Gula Pasir Lokal,Gula Pasir,varian,2026-06-11 00:00:00,19500
Gula Pasir Lokal,Gula Pasir,varian,2026-06-12 00:00:00,19500
Gula Pasir Lokal,Gula Pasir,varian,2026-06-15 00:00:00,19500
Gula Pasir Lokal,Gula Pasir,varian,2026-06-16 00:00:00,19500
Gula Pasir Lokal,Gula Pasir,varian,2026-06-17 00:00:00,19500
Gula Pasir Lokal,Gula Pasir,varian,2026-06-18 00:00:00,19500
Gula Pasir Lokal,Gula Pasir,varian,2026-06-19 00:00:00,19500
Gula Pasir Lokal,Gula Pasir,varian,2026-06-22 00:00:00,19500
Gula Pasir Lokal,Gula Pasir,varian,2026-06-23 00:00:00,19500
Gula Pasir Lokal,Gula Pasir,varian,2026-06-24 00:00:00,19500
Gula Pasir Lokal,Gula Pasir,varian,2026-06-25 00:00:00,19500
Gula Pasir Lokal,Gula Pasir,varian,2026-06-26 00:00:00,19500
Gula Pasir Lokal,Gula Pasir,varian,2026-06-29 00:00:00,19500
Gula Pasir Lokal,Gula Pasir,varian,2026-06-30 00:00:00,19500
Gula Pasir Lokal,Gula Pasir,varian,2026-07-01 00:00:00,19500
Gula Pasir Lokal,Gula Pasir,varian,2026-07-02 00:00:00,19500
Gula Pasir Lokal,Gula Pasir,varian,2026-07-03 00:00:00,19500
Gula Pasir Lokal,Gula Pasir,varian,2026-07-06 00:00:00,19500
Gula Pasir Lokal,Gula Pasir,varian,2026-07-07 00:00:00,19500
Gula Pasir Lokal,Gula Pasir,varian,2026-07-08 00:00:00,19500
Gula Pasir Lokal,Gula Pasir,varian,2026-07-09 00:00:00,19500
Gula Pasir Lokal,Gula Pasir,varian,2026-07-10 00:00:00,19500
Gula Pasir Lokal,Gula Pasir,varian,2026-07-13 00:00:00,19500
Gula Pasir Lokal,Gula Pasir,varian,2026-07-14 00:00:00,19500
Gula Pasir Lokal,Gula Pasir,varian,2026-07-15 00:00:00,19500
Gula Pasir Lokal,Gula Pasir,varian,2026-07-16 00:00:00,19500
Gula Pasir Lokal,Gula Pasir,varian,2026-07-17 00:00:00,19500
Gula Pasir Lokal,Gula Pasir,varian,2026-07-20 00:00:00,19500
Gula Pasir Lokal,Gula Pasir,varian,2026-07-21 00:00:00,19500
Gula Pasir Lokal,Gula Pasir,varian,2026-07-22 00:00:00,19500
Gula Pasir Lokal,Gula Pasir,varian,2026-07-23 00:00:00,19500
Gula Pasir Lokal,Gula Pasir,varian,2026-07-24 00:00:00,19500
Gula Pasir Lokal,Gula Pasir,varian,2026-07-27 00:00:00,19500
Gula Pasir Lokal,Gula Pasir,varian,2026-07-28 00:00:00,19500
Gula Pasir Lokal,Gula Pasir,varian,2026-07-29 00:00:00,19750
Gula Pasir Lokal,Gula Pasir,varian,2026-07-30 00:00:00,19750
Gula Pasir Lokal,Gula Pasir,varian,2026-07-31 00:00:00,19750
Gula Pasir Lokal,Gula Pasir,varian,2026-08-03 00:00:00,19750
Gula Pasir Lokal,Gula Pasir,varian,2026-08-04 00:00:00,19750
Gula Pasir Lokal,Gula Pasir,varian,2026-08-05 00:00:00,19750
Gula Pasir Lokal,Gula Pasir,varian,2026-08-06 00:00:00,19750
Gula Pasir Lokal,Gula Pasir,varian,2026-08-07 00:00:00,19750
Gula Pasir Lokal,Gula Pasir,varian,2026-08-10 00:00:00,19750
Gula Pasir Lokal,Gula Pasir,varian,2026-08-11 00:00:00,19750
Gula Pasir Lokal,Gula Pasir,varian,2026-08-12 00:00:00,19750
Gula Pasir Lokal,Gula Pasir,varian,2026-08-13 00:00:00,19750
Gula Pasir Lokal,Gula Pasir,varian,2026-08-14 00:00:00,19750
Gula Pasir Lokal,Gula Pasir,varian,2026-08-17 00:00:00,19750
Gula Pasir Lokal,Gula Pasir,varian,2026-08-18 00:00:00,19750
Gula Pasir Lokal,Gula Pasir,varian,2026-08-19 00:00:00,19750
Gula Pasir Lokal,Gula Pasir,varian,2026-08-20 00:00:00,19750
Gula Pasir Lokal,Gula Pasir,varian,2026-08-21 00:00:00,19750
Gula Pasir Lokal,Gula Pasir,varian,2026-08-24 00:00:00,19750
Gula Pasir Lokal,Gula Pasir,varian,2026-08-25 00:00:00,19750
Gula Pasir Lokal,Gula Pasir,varian,2026-08-26 00:00:00,19750
Gula Pasir Lokal,Gula Pasir,varian,2026-08-27 00:00:00,19750
Gula Pasir Lokal,Gula Pasir,varian,2026-08-28 00:00:00,19750
Gula Pasir Lokal,Gula Pasir,varian,2026-08-31 00:00:00,19750
Gula Pasir Lokal,Gula Pasir,varian,2026-09-01 00:00:00,19750
Gula Pasir Lokal,Gula Pasir,varian,2026-09-02 00:00:00,19750
Gula Pasir Lokal,Gula Pasir,varian,2026-09-03 00:00:00,19750
Gula Pasir Lokal,Gula Pasir,varian,2026-09-04 00:00:00,19750
Gula Pasir Lokal,Gula Pasir,varian,2026-09-07 00:00:00,19750
Gula Pasir Lokal,Gula Pasir,varian,2026-09-08 00:00:00,19750
Minyak Goreng,Minyak Goreng,kategori,2025-01-01 00:00:00,18050
Minyak Goreng,Minyak Goreng,kategori,2025-01-02 00:00:00,18050
Minyak Goreng,Minyak Goreng,kategori,2025-01-03 00:00:00,18050
Minyak Goreng,Minyak Goreng,kategori,2025-01-06 00:00:00,18050
Minyak Goreng,Minyak Goreng,kategori,2025-01-07 00:00:00,18050
Minyak Goreng,Minyak Goreng,kategori,2025-01-08 00:00:00,18050
Minyak Goreng,Minyak Goreng,kategori,2025-01-09 00:00:00,18050
Minyak Goreng,Minyak Goreng,kategori,2025-01-10 00:00:00,18050
Minyak Goreng,Minyak Goreng,kategori,2025-01-13 00:00:00,18050
Minyak Goreng,Minyak Goreng,kategori,2025-01-14 00:00:00,17900
Minyak Goreng,Minyak Goreng,kategori,2025-01-15 00:00:00,17800
Minyak Goreng,Minyak Goreng,kategori,2025-01-16 00:00:00,17800
Minyak Goreng,Minyak Goreng,kategori,2025-01-17 00:00:00,17950
Minyak Goreng,Minyak Goreng,kategori,2025-01-20 00:00:00,17950
Minyak Goreng,Minyak Goreng,kategori,2025-01-21 00:00:00,17950
Minyak Goreng,Minyak Goreng,kategori,2025-01-22 00:00:00,17950
Minyak Goreng,Minyak Goreng,kategori,2025-01-23 00:00:00,17950
Minyak Goreng,Minyak Goreng,kategori,2025-01-24 00:00:00,17950
Minyak Goreng,Minyak Goreng,kategori,2025-01-27 00:00:00,17950
Minyak Goreng,Minyak Goreng,kategori,2025-01-28 00:00:00,17950
Minyak Goreng,Minyak Goreng,kategori,2025-01-29 00:00:00,17950
Minyak Goreng,Minyak Goreng,kategori,2025-01-30 00:00:00,17750
Minyak Goreng,Minyak Goreng,kategori,2025-01-31 00:00:00,17750
Minyak Goreng,Minyak Goreng,kategori,2025-02-03 00:00:00,17750
Minyak Goreng,Minyak Goreng,kategori,2025-02-04 00:00:00,17750
Minyak Goreng,Minyak Goreng,kategori,2025-02-05 00:00:00,17650
Minyak Goreng,Minyak Goreng,kategori,2025-02-06 00:00:00,17650
Minyak Goreng,Minyak Goreng,kategori,2025-02-07 00:00:00,17650
Minyak Goreng,Minyak Goreng,kategori,2025-02-10 00:00:00,18100
Minyak Goreng,Minyak Goreng,kategori,2025-02-11 00:00:00,18100
Minyak Goreng,Minyak Goreng,kategori,2025-02-12 00:00:00,18100
Minyak Goreng,Minyak Goreng,kategori,2025-02-13 00:00:00,18050
Minyak Goreng,Minyak Goreng,kategori,2025-02-14 00:00:00,18050
Minyak Goreng,Minyak Goreng,kategori,2025-02-17 00:00:00,18050
Minyak Goreng,Minyak Goreng,kategori,2025-02-18 00:00:00,18150
Minyak Goreng,Minyak Goreng,kategori,2025-02-19 00:00:00,18150
Minyak Goreng,Minyak Goreng,kategori,2025-02-20 00:00:00,18150
Minyak Goreng,Minyak Goreng,kategori,2025-02-21 00:00:00,18150
Minyak Goreng,Minyak Goreng,kategori,2025-02-24 00:00:00,18150
Minyak Goreng,Minyak Goreng,kategori,2025-02-25 00:00:00,18150
Minyak Goreng,Minyak Goreng,kategori,2025-02-26 00:00:00,18250
Minyak Goreng,Minyak Goreng,kategori,2025-02-27 00:00:00,18250
Minyak Goreng,Minyak Goreng,kategori,2025-02-28 00:00:00,18250
Minyak Goreng,Minyak Goreng,kategori,2025-03-03 00:00:00,18250
Minyak Goreng,Minyak Goreng,kategori,2025-03-04 00:00:00,18250
Minyak Goreng,Minyak Goreng,kategori,2025-03-05 00:00:00,18150
Minyak Goreng,Minyak Goreng,kategori,2025-03-06 00:00:00,18250
Minyak Goreng,Minyak Goreng,kategori,2025-03-07 00:00:00,18400
Minyak Goreng,Minyak Goreng,kategori,2025-03-10 00:00:00,18400
Minyak Goreng,Minyak Goreng,kategori,2025-03-11 00:00:00,18400
Minyak Goreng,Minyak Goreng,kategori,2025-03-12 00:00:00,18400
Minyak Goreng,Minyak Goreng,kategori,2025-03-13 00:00:00,18450
Minyak Goreng,Minyak Goreng,kategori,2025-03-14 00:00:00,18450
Minyak Goreng,Minyak Goreng,kategori,2025-03-17 00:00:00,18450
Minyak Goreng,Minyak Goreng,kategori,2025-03-18 00:00:00,18450
Minyak Goreng,Minyak Goreng,kategori,2025-03-19 00:00:00,18450
Minyak Goreng,Minyak Goreng,kategori,2025-03-20 00:00:00,18450
Minyak Goreng,Minyak Goreng,kategori,2025-03-21 00:00:00,18450
Minyak Goreng,Minyak Goreng,kategori,2025-03-24 00:00:00,18450
Minyak Goreng,Minyak Goreng,kategori,2025-03-25 00:00:00,18450
Minyak Goreng,Minyak Goreng,kategori,2025-03-26 00:00:00,18450
Minyak Goreng,Minyak Goreng,kategori,2025-03-27 00:00:00,18450
Minyak Goreng,Minyak Goreng,kategori,2025-03-28 00:00:00,18450
Minyak Goreng,Minyak Goreng,kategori,2025-03-31 00:00:00,18450
Minyak Goreng,Minyak Goreng,kategori,2025-04-01 00:00:00,18450
Minyak Goreng,Minyak Goreng,kategori,2025-04-02 00:00:00,18450
Minyak Goreng,Minyak Goreng,kategori,2025-04-03 00:00:00,18450
Minyak Goreng,Minyak Goreng,kategori,2025-04-04 00:00:00,18450
Minyak Goreng,Minyak Goreng,kategori,2025-04-07 00:00:00,18450
Minyak Goreng,Minyak Goreng,kategori,2025-04-08 00:00:00,18400
Minyak Goreng,Minyak Goreng,kategori,2025-04-09 00:00:00,18400
Minyak Goreng,Minyak Goreng,kategori,2025-04-10 00:00:00,18400
Minyak Goreng,Minyak Goreng,kategori,2025-04-11 00:00:00,18400
Minyak Goreng,Minyak Goreng,kategori,2025-04-14 00:00:00,18450
Minyak Goreng,Minyak Goreng,kategori,2025-04-15 00:00:00,18400
Minyak Goreng,Minyak Goreng,kategori,2025-04-16 00:00:00,18300
Minyak Goreng,Minyak Goreng,kategori,2025-04-17 00:00:00,18250
Minyak Goreng,Minyak Goreng,kategori,2025-04-18 00:00:00,18250
Minyak Goreng,Minyak Goreng,kategori,2025-04-21 00:00:00,18250
Minyak Goreng,Minyak Goreng,kategori,2025-04-22 00:00:00,18250
Minyak Goreng,Minyak Goreng,kategori,2025-04-23 00:00:00,18250
Minyak Goreng,Minyak Goreng,kategori,2025-04-24 00:00:00,18250
Minyak Goreng,Minyak Goreng,kategori,2025-04-25 00:00:00,18250
Minyak Goreng,Minyak Goreng,kategori,2025-04-28 00:00:00,18250
Minyak Goreng,Minyak Goreng,kategori,2025-04-29 00:00:00,18250
Minyak Goreng,Minyak Goreng,kategori,2025-04-30 00:00:00,18150
Minyak Goreng,Minyak Goreng,kategori,2025-05-01 00:00:00,18150
Minyak Goreng,Minyak Goreng,kategori,2025-05-02 00:00:00,18150
Minyak Goreng,Minyak Goreng,kategori,2025-05-05 00:00:00,18150
Minyak Goreng,Minyak Goreng,kategori,2025-05-06 00:00:00,18150
Minyak Goreng,Minyak Goreng,kategori,2025-05-07 00:00:00,18150
Minyak Goreng,Minyak Goreng,kategori,2025-05-08 00:00:00,18150
Minyak Goreng,Minyak Goreng,kategori,2025-05-09 00:00:00,18150
Minyak Goreng,Minyak Goreng,kategori,2025-05-12 00:00:00,18150
Minyak Goreng,Minyak Goreng,kategori,2025-05-13 00:00:00,18150
Minyak Goreng,Minyak Goreng,kategori,2025-05-14 00:00:00,18150
Minyak Goreng,Minyak Goreng,kategori,2025-05-15 00:00:00,18150
Minyak Goreng,Minyak Goreng,kategori,2025-05-16 00:00:00,18150
Minyak Goreng,Minyak Goreng,kategori,2025-05-19 00:00:00,18150
Minyak Goreng,Minyak Goreng,kategori,2025-05-20 00:00:00,18150
Minyak Goreng,Minyak Goreng,kategori,2025-05-21 00:00:00,18150
Minyak Goreng,Minyak Goreng,kategori,2025-05-22 00:00:00,18150
Minyak Goreng,Minyak Goreng,kategori,2025-05-23 00:00:00,18150
Minyak Goreng,Minyak Goreng,kategori,2025-05-26 00:00:00,18150
Minyak Goreng,Minyak Goreng,kategori,2025-05-27 00:00:00,18150
Minyak Goreng,Minyak Goreng,kategori,2025-05-28 00:00:00,18150
Minyak Goreng,Minyak Goreng,kategori,2025-05-29 00:00:00,18150
Minyak Goreng,Minyak Goreng,kategori,2025-05-30 00:00:00,18150
Minyak Goreng,Minyak Goreng,kategori,2025-06-02 00:00:00,18150
Minyak Goreng,Minyak Goreng,kategori,2025-06-03 00:00:00,18150
Minyak Goreng,Minyak Goreng,kategori,2025-06-04 00:00:00,18150
Minyak Goreng,Minyak Goreng,kategori,2025-06-05 00:00:00,18150
Minyak Goreng,Minyak Goreng,kategori,2025-06-06 00:00:00,18150
Minyak Goreng,Minyak Goreng,kategori,2025-06-09 00:00:00,18150
Minyak Goreng,Minyak Goreng,kategori,2025-06-10 00:00:00,18200
Minyak Goreng,Minyak Goreng,kategori,2025-06-11 00:00:00,18200
Minyak Goreng,Minyak Goreng,kategori,2025-06-12 00:00:00,18200
Minyak Goreng,Minyak Goreng,kategori,2025-06-13 00:00:00,18200
Minyak Goreng,Minyak Goreng,kategori,2025-06-16 00:00:00,18200
Minyak Goreng,Minyak Goreng,kategori,2025-06-17 00:00:00,18200
Minyak Goreng,Minyak Goreng,kategori,2025-06-18 00:00:00,18200
Minyak Goreng,Minyak Goreng,kategori,2025-06-19 00:00:00,18200
Minyak Goreng,Minyak Goreng,kategori,2025-06-20 00:00:00,18200
Minyak Goreng,Minyak Goreng,kategori,2025-06-23 00:00:00,18200
Minyak Goreng,Minyak Goreng,kategori,2025-06-24 00:00:00,18200
Minyak Goreng,Minyak Goreng,kategori,2025-06-25 00:00:00,18200
Minyak Goreng,Minyak Goreng,kategori,2025-06-26 00:00:00,18200
Minyak Goreng,Minyak Goreng,kategori,2025-06-27 00:00:00,18200
Minyak Goreng,Minyak Goreng,kategori,2025-06-30 00:00:00,18200
Minyak Goreng,Minyak Goreng,kategori,2025-07-01 00:00:00,18200
Minyak Goreng,Minyak Goreng,kategori,2025-07-02 00:00:00,18150
Minyak Goreng,Minyak Goreng,kategori,2025-07-03 00:00:00,18150
Minyak Goreng,Minyak Goreng,kategori,2025-07-04 00:00:00,18150
Minyak Goreng,Minyak Goreng,kategori,2025-07-07 00:00:00,18150
Minyak Goreng,Minyak Goreng,kategori,2025-07-08 00:00:00,18150
Minyak Goreng,Minyak Goreng,kategori,2025-07-09 00:00:00,18150
Minyak Goreng,Minyak Goreng,kategori,2025-07-10 00:00:00,18150
Minyak Goreng,Minyak Goreng,kategori,2025-07-11 00:00:00,18150
Minyak Goreng,Minyak Goreng,kategori,2025-07-14 00:00:00,18150
Minyak Goreng,Minyak Goreng,kategori,2025-07-15 00:00:00,18150
Minyak Goreng,Minyak Goreng,kategori,2025-07-16 00:00:00,18150
Minyak Goreng,Minyak Goreng,kategori,2025-07-17 00:00:00,18200
Minyak Goreng,Minyak Goreng,kategori,2025-07-18 00:00:00,18200
Minyak Goreng,Minyak Goreng,kategori,2025-07-21 00:00:00,18200
Minyak Goreng,Minyak Goreng,kategori,2025-07-22 00:00:00,18200
Minyak Goreng,Minyak Goreng,kategori,2025-07-23 00:00:00,18200
Minyak Goreng,Minyak Goreng,kategori,2025-07-24 00:00:00,18200
Minyak Goreng,Minyak Goreng,kategori,2025-07-25 00:00:00,18200
Minyak Goreng,Minyak Goreng,kategori,2025-07-28 00:00:00,18200
Minyak Goreng,Minyak Goreng,kategori,2025-07-29 00:00:00,18200
Minyak Goreng,Minyak Goreng,kategori,2025-07-30 00:00:00,18200
Minyak Goreng,Minyak Goreng,kategori,2025-07-31 00:00:00,18200
Minyak Goreng,Minyak Goreng,kategori,2025-08-01 00:00:00,18200
Minyak Goreng,Minyak Goreng,kategori,2025-08-04 00:00:00,18200
Minyak Goreng,Minyak Goreng,kategori,2025-08-05 00:00:00,18200
Minyak Goreng,Minyak Goreng,kategori,2025-08-06 00:00:00,18200
Minyak Goreng,Minyak Goreng,kategori,2025-08-07 00:00:00,18150
Minyak Goreng,Minyak Goreng,kategori,2025-08-08 00:00:00,18150
Minyak Goreng,Minyak Goreng,kategori,2025-08-11 00:00:00,18150
Minyak Goreng,Minyak Goreng,kategori,2025-08-12 00:00:00,18150
Minyak Goreng,Minyak Goreng,kategori,2025-08-13 00:00:00,18150
Minyak Goreng,Minyak Goreng,kategori,2025-08-14 00:00:00,18150
Minyak Goreng,Minyak Goreng,kategori,2025-08-15 00:00:00,18200
Minyak Goreng,Minyak Goreng,kategori,2025-08-18 00:00:00,18200
Minyak Goreng,Minyak Goreng,kategori,2025-08-19 00:00:00,18200
Minyak Goreng,Minyak Goreng,kategori,2025-08-20 00:00:00,18200
Minyak Goreng,Minyak Goreng,kategori,2025-08-21 00:00:00,18200
Minyak Goreng,Minyak Goreng,kategori,2025-08-22 00:00:00,18200
Minyak Goreng,Minyak Goreng,kategori,2025-08-25 00:00:00,18300
Minyak Goreng,Minyak Goreng,kategori,2025-08-26 00:00:00,18450
Minyak Goreng,Minyak Goreng,kategori,2025-08-27 00:00:00,18550
Minyak Goreng,Minyak Goreng,kategori,2025-08-28 00:00:00,18550
Minyak Goreng,Minyak Goreng,kategori,2025-08-29 00:00:00,18550
Minyak Goreng,Minyak Goreng,kategori,2025-09-01 00:00:00,18450
Minyak Goreng,Minyak Goreng,kategori,2025-09-02 00:00:00,18450
Minyak Goreng,Minyak Goreng,kategori,2025-09-03 00:00:00,18450
Minyak Goreng,Minyak Goreng,kategori,2025-09-04 00:00:00,18450
Minyak Goreng,Minyak Goreng,kategori,2025-09-05 00:00:00,18450
Minyak Goreng,Minyak Goreng,kategori,2025-09-08 00:00:00,18450
Minyak Goreng,Minyak Goreng,kategori,2025-09-09 00:00:00,18450
Minyak Goreng,Minyak Goreng,kategori,2025-09-10 00:00:00,18450
Minyak Goreng,Minyak Goreng,kategori,2025-09-11 00:00:00,18450
Minyak Goreng,Minyak Goreng,kategori,2025-09-12 00:00:00,18450
Minyak Goreng,Minyak Goreng,kategori,2025-09-15 00:00:00,18450
Minyak Goreng,Minyak Goreng,kategori,2025-09-16 00:00:00,18450
Minyak Goreng,Minyak Goreng,kategori,2025-09-17 00:00:00,18450
Minyak Goreng,Minyak Goreng,kategori,2025-09-18 00:00:00,18450
Minyak Goreng,Minyak Goreng,kategori,2025-09-19 00:00:00,18450
Minyak Goreng,Minyak Goreng,kategori,2025-09-22 00:00:00,18450
Minyak Goreng,Minyak Goreng,kategori,2025-09-23 00:00:00,18450
Minyak Goreng,Minyak Goreng,kategori,2025-09-24 00:00:00,18450
Minyak Goreng,Minyak Goreng,kategori,2025-09-25 00:00:00,18450
Minyak Goreng,Minyak Goreng,kategori,2025-09-26 00:00:00,18450
Minyak Goreng,Minyak Goreng,kategori,2025-09-29 00:00:00,18450
Minyak Goreng,Minyak Goreng,kategori,2025-09-30 00:00:00,18450
Minyak Goreng,Minyak Goreng,kategori,2025-10-01 00:00:00,18450
Minyak Goreng,Minyak Goreng,kategori,2025-10-02 00:00:00,18450
Minyak Goreng,Minyak Goreng,kategori,2025-10-03 00:00:00,18450
Minyak Goreng,Minyak Goreng,kategori,2025-10-06 00:00:00,18450
Minyak Goreng,Minyak Goreng,kategori,2025-10-07 00:00:00,18450
Minyak Goreng,Minyak Goreng,kategori,2025-10-08 00:00:00,18450
Minyak Goreng,Minyak Goreng,kategori,2025-10-09 00:00:00,18450
Minyak Goreng,Minyak Goreng,kategori,2025-10-10 00:00:00,18450
Minyak Goreng,Minyak Goreng,kategori,2025-10-13 00:00:00,18450
Minyak Goreng,Minyak Goreng,kategori,2025-10-14 00:00:00,18450
Minyak Goreng,Minyak Goreng,kategori,2025-10-15 00:00:00,18450
Minyak Goreng,Minyak Goreng,kategori,2025-10-16 00:00:00,18450
Minyak Goreng,Minyak Goreng,kategori,2025-10-17 00:00:00,18450
Minyak Goreng,Minyak Goreng,kategori,2025-10-20 00:00:00,18500
Minyak Goreng,Minyak Goreng,kategori,2025-10-21 00:00:00,18800
Minyak Goreng,Minyak Goreng,kategori,2025-10-22 00:00:00,18800
Minyak Goreng,Minyak Goreng,kategori,2025-10-23 00:00:00,18800
Minyak Goreng,Minyak Goreng,kategori,2025-10-24 00:00:00,18800
Minyak Goreng,Minyak Goreng,kategori,2025-10-27 00:00:00,18800
Minyak Goreng,Minyak Goreng,kategori,2025-10-28 00:00:00,18800
Minyak Goreng,Minyak Goreng,kategori,2025-10-29 00:00:00,18800
Minyak Goreng,Minyak Goreng,kategori,2025-10-30 00:00:00,18800
Minyak Goreng,Minyak Goreng,kategori,2025-10-31 00:00:00,18800
Minyak Goreng,Minyak Goreng,kategori,2025-11-03 00:00:00,18800
Minyak Goreng,Minyak Goreng,kategori,2025-11-04 00:00:00,18800
Minyak Goreng,Minyak Goreng,kategori,2025-11-05 00:00:00,18800
Minyak Goreng,Minyak Goreng,kategori,2025-11-06 00:00:00,18800
Minyak Goreng,Minyak Goreng,kategori,2025-11-07 00:00:00,18800
Minyak Goreng,Minyak Goreng,kategori,2025-11-10 00:00:00,18800
Minyak Goreng,Minyak Goreng,kategori,2025-11-11 00:00:00,18800
Minyak Goreng,Minyak Goreng,kategori,2025-11-12 00:00:00,18800
Minyak Goreng,Minyak Goreng,kategori,2025-11-13 00:00:00,18800
Minyak Goreng,Minyak Goreng,kategori,2025-11-14 00:00:00,18800
Minyak Goreng,Minyak Goreng,kategori,2025-11-17 00:00:00,18800
Minyak Goreng,Minyak Goreng,kategori,2025-11-18 00:00:00,18800
Minyak Goreng,Minyak Goreng,kategori,2025-11-19 00:00:00,18800
Minyak Goreng,Minyak Goreng,kategori,2025-11-20 00:00:00,18800
Minyak Goreng,Minyak Goreng,kategori,2025-11-21 00:00:00,18800
Minyak Goreng,Minyak Goreng,kategori,2025-11-24 00:00:00,18750
Minyak Goreng,Minyak Goreng,kategori,2025-11-25 00:00:00,18750
Minyak Goreng,Minyak Goreng,kategori,2025-11-26 00:00:00,18750
Minyak Goreng,Minyak Goreng,kategori,2025-11-27 00:00:00,18750
Minyak Goreng,Minyak Goreng,kategori,2025-11-28 00:00:00,18750
Minyak Goreng,Minyak Goreng,kategori,2025-12-01 00:00:00,18750
Minyak Goreng,Minyak Goreng,kategori,2025-12-02 00:00:00,18750
Minyak Goreng,Minyak Goreng,kategori,2025-12-03 00:00:00,18750
Minyak Goreng,Minyak Goreng,kategori,2025-12-04 00:00:00,18750
Minyak Goreng,Minyak Goreng,kategori,2025-12-05 00:00:00,18750
Minyak Goreng,Minyak Goreng,kategori,2025-12-08 00:00:00,18750
Minyak Goreng,Minyak Goreng,kategori,2025-12-09 00:00:00,18750
Minyak Goreng,Minyak Goreng,kategori,2025-12-10 00:00:00,18750
Minyak Goreng,Minyak Goreng,kategori,2025-12-11 00:00:00,18750
Minyak Goreng,Minyak Goreng,kategori,2025-12-12 00:00:00,18750
Minyak Goreng,Minyak Goreng,kategori,2025-12-15 00:00:00,18750
Minyak Goreng,Minyak Goreng,kategori,2025-12-16 00:00:00,18750
Minyak Goreng,Minyak Goreng,kategori,2025-12-17 00:00:00,18750
Minyak Goreng,Minyak Goreng,kategori,2025-12-18 00:00:00,18750
Minyak Goreng,Minyak Goreng,kategori,2025-12-19 00:00:00,18750
Minyak Goreng,Minyak Goreng,kategori,2025-12-22 00:00:00,18750
Minyak Goreng,Minyak Goreng,kategori,2025-12-23 00:00:00,18750
Minyak Goreng,Minyak Goreng,kategori,2025-12-24 00:00:00,18750
Minyak Goreng,Minyak Goreng,kategori,2025-12-25 00:00:00,18750
Minyak Goreng,Minyak Goreng,kategori,2025-12-26 00:00:00,18750
Minyak Goreng,Minyak Goreng,kategori,2025-12-29 00:00:00,18750
Minyak Goreng,Minyak Goreng,kategori,2025-12-30 00:00:00,18750
Minyak Goreng,Minyak Goreng,kategori,2025-12-31 00:00:00,18750
Minyak Goreng,Minyak Goreng,kategori,2026-01-01 00:00:00,18750
Minyak Goreng,Minyak Goreng,kategori,2026-01-02 00:00:00,18750
Minyak Goreng,Minyak Goreng,kategori,2026-01-05 00:00:00,18750
Minyak Goreng,Minyak Goreng,kategori,2026-01-06 00:00:00,18750
Minyak Goreng,Minyak Goreng,kategori,2026-01-07 00:00:00,18750
Minyak Goreng,Minyak Goreng,kategori,2026-01-08 00:00:00,18750
Minyak Goreng,Minyak Goreng,kategori,2026-01-09 00:00:00,18750
Minyak Goreng,Minyak Goreng,kategori,2026-01-12 00:00:00,18750
Minyak Goreng,Minyak Goreng,kategori,2026-01-13 00:00:00,18750
Minyak Goreng,Minyak Goreng,kategori,2026-01-14 00:00:00,18750
Minyak Goreng,Minyak Goreng,kategori,2026-01-15 00:00:00,18750
Minyak Goreng,Minyak Goreng,kategori,2026-01-16 00:00:00,18750
Minyak Goreng,Minyak Goreng,kategori,2026-01-19 00:00:00,18750
Minyak Goreng,Minyak Goreng,kategori,2026-01-20 00:00:00,18750
Minyak Goreng,Minyak Goreng,kategori,2026-01-21 00:00:00,18750
Minyak Goreng,Minyak Goreng,kategori,2026-01-22 00:00:00,18750
Minyak Goreng,Minyak Goreng,kategori,2026-01-23 00:00:00,18750
Minyak Goreng,Minyak Goreng,kategori,2026-01-26 00:00:00,18750
Minyak Goreng,Minyak Goreng,kategori,2026-01-27 00:00:00,18750
Minyak Goreng,Minyak Goreng,kategori,2026-01-28 00:00:00,18750
Minyak Goreng,Minyak Goreng,kategori,2026-01-29 00:00:00,18750
Minyak Goreng,Minyak Goreng,kategori,2026-01-30 00:00:00,18950
Minyak Goreng,Minyak Goreng,kategori,2026-02-02 00:00:00,19000
Minyak Goreng,Minyak Goreng,kategori,2026-02-03 00:00:00,19000
Minyak Goreng,Minyak Goreng,kategori,2026-02-04 00:00:00,19000
Minyak Goreng,Minyak Goreng,kategori,2026-02-05 00:00:00,19000
Minyak Goreng,Minyak Goreng,kategori,2026-02-06 00:00:00,19000
Minyak Goreng,Minyak Goreng,kategori,2026-02-09 00:00:00,19000
Minyak Goreng,Minyak Goreng,kategori,2026-02-10 00:00:00,19000
Minyak Goreng,Minyak Goreng,kategori,2026-02-11 00:00:00,19000
Minyak Goreng,Minyak Goreng,kategori,2026-02-12 00:00:00,19000
Minyak Goreng,Minyak Goreng,kategori,2026-02-13 00:00:00,19000
Minyak Goreng,Minyak Goreng,kategori,2026-02-16 00:00:00,19000
Minyak Goreng,Minyak Goreng,kategori,2026-02-17 00:00:00,19000
Minyak Goreng,Minyak Goreng,kategori,2026-02-18 00:00:00,19000
Minyak Goreng,Minyak Goreng,kategori,2026-02-19 00:00:00,19000
Minyak Goreng,Minyak Goreng,kategori,2026-02-20 00:00:00,19000
Minyak Goreng,Minyak Goreng,kategori,2026-02-23 00:00:00,18900
Minyak Goreng,Minyak Goreng,kategori,2026-02-24 00:00:00,18900
Minyak Goreng,Minyak Goreng,kategori,2026-02-25 00:00:00,18900
Minyak Goreng,Minyak Goreng,kategori,2026-02-26 00:00:00,18900
Minyak Goreng,Minyak Goreng,kategori,2026-02-27 00:00:00,18900
Minyak Goreng,Minyak Goreng,kategori,2026-03-02 00:00:00,18900
Minyak Goreng,Minyak Goreng,kategori,2026-03-03 00:00:00,18900
Minyak Goreng,Minyak Goreng,kategori,2026-03-04 00:00:00,18900
Minyak Goreng,Minyak Goreng,kategori,2026-03-05 00:00:00,18900
Minyak Goreng,Minyak Goreng,kategori,2026-03-06 00:00:00,18900
Minyak Goreng,Minyak Goreng,kategori,2026-03-09 00:00:00,18900
Minyak Goreng,Minyak Goreng,kategori,2026-03-10 00:00:00,18800
Minyak Goreng,Minyak Goreng,kategori,2026-03-11 00:00:00,18800
Minyak Goreng,Minyak Goreng,kategori,2026-03-12 00:00:00,18800
Minyak Goreng,Minyak Goreng,kategori,2026-03-13 00:00:00,18800
Minyak Goreng,Minyak Goreng,kategori,2026-03-16 00:00:00,18800
Minyak Goreng,Minyak Goreng,kategori,2026-03-17 00:00:00,19250
Minyak Goreng,Minyak Goreng,kategori,2026-03-18 00:00:00,19250
Minyak Goreng,Minyak Goreng,kategori,2026-03-19 00:00:00,19250
Minyak Goreng,Minyak Goreng,kategori,2026-03-20 00:00:00,19250
Minyak Goreng,Minyak Goreng,kategori,2026-03-23 00:00:00,19250
Minyak Goreng,Minyak Goreng,kategori,2026-03-24 00:00:00,19250
Minyak Goreng,Minyak Goreng,kategori,2026-03-25 00:00:00,19250
Minyak Goreng,Minyak Goreng,kategori,2026-03-26 00:00:00,19250
Minyak Goreng,Minyak Goreng,kategori,2026-03-27 00:00:00,19250
Minyak Goreng,Minyak Goreng,kategori,2026-03-30 00:00:00,19250
Minyak Goreng,Minyak Goreng,kategori,2026-03-31 00:00:00,19250
Minyak Goreng,Minyak Goreng,kategori,2026-04-01 00:00:00,19250
Minyak Goreng,Minyak Goreng,kategori,2026-04-02 00:00:00,19250
Minyak Goreng,Minyak Goreng,kategori,2026-04-03 00:00:00,19250
Minyak Goreng,Minyak Goreng,kategori,2026-04-06 00:00:00,19250
Minyak Goreng,Minyak Goreng,kategori,2026-04-07 00:00:00,19250
Minyak Goreng,Minyak Goreng,kategori,2026-04-08 00:00:00,19250
Minyak Goreng,Minyak Goreng,kategori,2026-04-09 00:00:00,19250
Minyak Goreng,Minyak Goreng,kategori,2026-04-10 00:00:00,19200
Minyak Goreng,Minyak Goreng,kategori,2026-04-13 00:00:00,19200
Minyak Goreng,Minyak Goreng,kategori,2026-04-14 00:00:00,19200
Minyak Goreng,Minyak Goreng,kategori,2026-04-15 00:00:00,19200
Minyak Goreng,Minyak Goreng,kategori,2026-04-16 00:00:00,19300
Minyak Goreng,Minyak Goreng,kategori,2026-04-17 00:00:00,19300
Minyak Goreng,Minyak Goreng,kategori,2026-04-20 00:00:00,19300
Minyak Goreng,Minyak Goreng,kategori,2026-04-21 00:00:00,19300
Minyak Goreng,Minyak Goreng,kategori,2026-04-22 00:00:00,19300
Minyak Goreng,Minyak Goreng,kategori,2026-04-23 00:00:00,19300
Minyak Goreng,Minyak Goreng,kategori,2026-04-24 00:00:00,19300
Minyak Goreng,Minyak Goreng,kategori,2026-04-27 00:00:00,19300
Minyak Goreng,Minyak Goreng,kategori,2026-04-28 00:00:00,19300
Minyak Goreng,Minyak Goreng,kategori,2026-04-29 00:00:00,19300
Minyak Goreng,Minyak Goreng,kategori,2026-04-30 00:00:00,19300
Minyak Goreng,Minyak Goreng,kategori,2026-05-01 00:00:00,19300
Minyak Goreng,Minyak Goreng,kategori,2026-05-04 00:00:00,19300
Minyak Goreng,Minyak Goreng,kategori,2026-05-05 00:00:00,19200
Minyak Goreng,Minyak Goreng,kategori,2026-05-06 00:00:00,19200
Minyak Goreng,Minyak Goreng,kategori,2026-05-07 00:00:00,19200
Minyak Goreng,Minyak Goreng,kategori,2026-05-08 00:00:00,19200
Minyak Goreng,Minyak Goreng,kategori,2026-05-11 00:00:00,19200
Minyak Goreng,Minyak Goreng,kategori,2026-05-12 00:00:00,19200
Minyak Goreng,Minyak Goreng,kategori,2026-05-13 00:00:00,19200
Minyak Goreng,Minyak Goreng,kategori,2026-05-14 00:00:00,19200
Minyak Goreng,Minyak Goreng,kategori,2026-05-15 00:00:00,19200
Minyak Goreng,Minyak Goreng,kategori,2026-05-18 00:00:00,19200
Minyak Goreng,Minyak Goreng,kategori,2026-05-19 00:00:00,19200
Minyak Goreng,Minyak Goreng,kategori,2026-05-20 00:00:00,19200
Minyak Goreng,Minyak Goreng,kategori,2026-05-21 00:00:00,19200
Minyak Goreng,Minyak Goreng,kategori,2026-05-22 00:00:00,19400
Minyak Goreng,Minyak Goreng,kategori,2026-05-25 00:00:00,19400
Minyak Goreng,Minyak Goreng,kategori,2026-05-26 00:00:00,19400
Minyak Goreng,Minyak Goreng,kategori,2026-05-27 00:00:00,19400
Minyak Goreng,Minyak Goreng,kategori,2026-05-28 00:00:00,19400
Minyak Goreng,Minyak Goreng,kategori,2026-05-29 00:00:00,19400
Minyak Goreng,Minyak Goreng,kategori,2026-06-01 00:00:00,19400
Minyak Goreng,Minyak Goreng,kategori,2026-06-02 00:00:00,19500
Minyak Goreng,Minyak Goreng,kategori,2026-06-03 00:00:00,19500
Minyak Goreng,Minyak Goreng,kategori,2026-06-04 00:00:00,19500
Minyak Goreng,Minyak Goreng,kategori,2026-06-05 00:00:00,19500
Minyak Goreng,Minyak Goreng,kategori,2026-06-08 00:00:00,19600
Minyak Goreng,Minyak Goreng,kategori,2026-06-09 00:00:00,19600
Minyak Goreng,Minyak Goreng,kategori,2026-06-10 00:00:00,19600
Minyak Goreng,Minyak Goreng,kategori,2026-06-11 00:00:00,19650
Minyak Goreng,Minyak Goreng,kategori,2026-06-12 00:00:00,19650
Minyak Goreng,Minyak Goreng,kategori,2026-06-15 00:00:00,19650
Minyak Goreng,Minyak Goreng,kategori,2026-06-16 00:00:00,19650
Minyak Goreng,Minyak Goreng,kategori,2026-06-17 00:00:00,19650
Minyak Goreng,Minyak Goreng,kategori,2026-06-18 00:00:00,19650
Minyak Goreng,Minyak Goreng,kategori,2026-06-19 00:00:00,19950
Minyak Goreng,Minyak Goreng,kategori,2026-06-22 00:00:00,19950
Minyak Goreng,Minyak Goreng,kategori,2026-06-23 00:00:00,19950
Minyak Goreng,Minyak Goreng,kategori,2026-06-24 00:00:00,19950
Minyak Goreng,Minyak Goreng,kategori,2026-06-25 00:00:00,20200
Minyak Goreng,Minyak Goreng,kategori,2026-06-26 00:00:00,20200
Minyak Goreng,Minyak Goreng,kategori,2026-06-29 00:00:00,20200
Minyak Goreng,Minyak Goreng,kategori,2026-06-30 00:00:00,20150
Minyak Goreng,Minyak Goreng,kategori,2026-07-01 00:00:00,20100
Minyak Goreng,Minyak Goreng,kategori,2026-07-02 00:00:00,20100
Minyak Goreng,Minyak Goreng,kategori,2026-07-03 00:00:00,20100
Minyak Goreng,Minyak Goreng,kategori,2026-07-06 00:00:00,20100
Minyak Goreng,Minyak Goreng,kategori,2026-07-07 00:00:00,20100
Minyak Goreng,Minyak Goreng,kategori,2026-07-08 00:00:00,20100
Minyak Goreng,Minyak Goreng,kategori,2026-07-09 00:00:00,20100
Minyak Goreng,Minyak Goreng,kategori,2026-07-10 00:00:00,20100
Minyak Goreng,Minyak Goreng,kategori,2026-07-13 00:00:00,20100
Minyak Goreng,Minyak Goreng,kategori,2026-07-14 00:00:00,20100
Minyak Goreng,Minyak Goreng,kategori,2026-07-15 00:00:00,20100
Minyak Goreng,Minyak Goreng,kategori,2026-07-16 00:00:00,20100
Minyak Goreng,Minyak Goreng,kategori,2026-07-17 00:00:00,20100
Minyak Goreng,Minyak Goreng,kategori,2026-07-20 00:00:00,20100
Minyak Goreng,Minyak Goreng,kategori,2026-07-21 00:00:00,20100
Minyak Goreng,Minyak Goreng,kategori,2026-07-22 00:00:00,20100
Minyak Goreng,Minyak Goreng,kategori,2026-07-23 00:00:00,20100
Minyak Goreng,Minyak Goreng,kategori,2026-07-24 00:00:00,20100
Minyak Goreng,Minyak Goreng,kategori,2026-07-27 00:00:00,20100
Minyak Goreng,Minyak Goreng,kategori,2026-07-28 00:00:00,20050
Minyak Goreng,Minyak Goreng,kategori,2026-07-29 00:00:00,20050
Minyak Goreng,Minyak Goreng,kategori,2026-07-30 00:00:00,20050
Minyak Goreng,Minyak Goreng,kategori,2026-07-31 00:00:00,20050
Minyak Goreng,Minyak Goreng,kategori,2026-08-03 00:00:00,20050
Minyak Goreng,Minyak Goreng,kategori,2026-08-04 00:00:00,20050
Minyak Goreng,Minyak Goreng,kategori,2026-08-05 00:00:00,20050
Minyak Goreng,Minyak Goreng,kategori,2026-08-06 00:00:00,20050
Minyak Goreng,Minyak Goreng,kategori,2026-08-07 00:00:00,20050
Minyak Goreng,Minyak Goreng,kategori,2026-08-10 00:00:00,20050
Minyak Goreng,Minyak Goreng,kategori,2026-08-11 00:00:00,20050
Minyak Goreng,Minyak Goreng,kategori,2026-08-12 00:00:00,20150
Minyak Goreng,Minyak Goreng,kategori,2026-08-13 00:00:00,20150
Minyak Goreng,Minyak Goreng,kategori,2026-08-14 00:00:00,20150
Minyak Goreng,Minyak Goreng,kategori,2026-08-17 00:00:00,20150
Minyak Goreng,Minyak Goreng,kategori,2026-08-18 00:00:00,20150
Minyak Goreng,Minyak Goreng,kategori,2026-08-19 00:00:00,20150
Minyak Goreng,Minyak Goreng,kategori,2026-08-20 00:00:00,20150
Minyak Goreng,Minyak Goreng,kategori,2026-08-21 00:00:00,20150
Minyak Goreng,Minyak Goreng,kategori,2026-08-24 00:00:00,20150
Minyak Goreng,Minyak Goreng,kategori,2026-08-25 00:00:00,20150
Minyak Goreng,Minyak Goreng,kategori,2026-08-26 00:00:00,20150
Minyak Goreng,Minyak Goreng,kategori,2026-08-27 00:00:00,20150
Minyak Goreng,Minyak Goreng,kategori,2026-08-28 00:00:00,20150
Minyak Goreng,Minyak Goreng,kategori,2026-08-31 00:00:00,20150
Minyak Goreng,Minyak Goreng,kategori,2026-09-01 00:00:00,20150
Minyak Goreng,Minyak Goreng,kategori,2026-09-02 00:00:00,20150
Minyak Goreng,Minyak Goreng,kategori,2026-09-03 00:00:00,20150
Minyak Goreng,Minyak Goreng,kategori,2026-09-04 00:00:00,20150
Minyak Goreng,Minyak Goreng,kategori,2026-09-07 00:00:00,20150
Minyak Goreng,Minyak Goreng,kategori,2026-09-08 00:00:00,
Minyak Goreng Curah,Minyak Goreng,varian,2025-01-01 00:00:00,16000
Minyak Goreng Curah,Minyak Goreng,varian,2025-01-02 00:00:00,16000
Minyak Goreng Curah,Minyak Goreng,varian,2025-01-03 00:00:00,16000
Minyak Goreng Curah,Minyak Goreng,varian,2025-01-06 00:00:00,16000
Minyak Goreng Curah,Minyak Goreng,varian,2025-01-07 00:00:00,16000
Minyak Goreng Curah,Minyak Goreng,varian,2025-01-08 00:00:00,16000
Minyak Goreng Curah,Minyak Goreng,varian,2025-01-09 00:00:00,16000
Minyak Goreng Curah,Minyak Goreng,varian,2025-01-10 00:00:00,16000
Minyak Goreng Curah,Minyak Goreng,varian,2025-01-13 00:00:00,16000
Minyak Goreng Curah,Minyak Goreng,varian,2025-01-14 00:00:00,15600
Minyak Goreng Curah,Minyak Goreng,varian,2025-01-15 00:00:00,15600
Minyak Goreng Curah,Minyak Goreng,varian,2025-01-16 00:00:00,15600
Minyak Goreng Curah,Minyak Goreng,varian,2025-01-17 00:00:00,16000
Minyak Goreng Curah,Minyak Goreng,varian,2025-01-20 00:00:00,16000
Minyak Goreng Curah,Minyak Goreng,varian,2025-01-21 00:00:00,16000
Minyak Goreng Curah,Minyak Goreng,varian,2025-01-22 00:00:00,16000
Minyak Goreng Curah,Minyak Goreng,varian,2025-01-23 00:00:00,16000
Minyak Goreng Curah,Minyak Goreng,varian,2025-01-24 00:00:00,16000
Minyak Goreng Curah,Minyak Goreng,varian,2025-01-27 00:00:00,16000
Minyak Goreng Curah,Minyak Goreng,varian,2025-01-28 00:00:00,16000
Minyak Goreng Curah,Minyak Goreng,varian,2025-01-29 00:00:00,16000
Minyak Goreng Curah,Minyak Goreng,varian,2025-01-30 00:00:00,15400
Minyak Goreng Curah,Minyak Goreng,varian,2025-01-31 00:00:00,15400
Minyak Goreng Curah,Minyak Goreng,varian,2025-02-03 00:00:00,15400
Minyak Goreng Curah,Minyak Goreng,varian,2025-02-04 00:00:00,15400
Minyak Goreng Curah,Minyak Goreng,varian,2025-02-05 00:00:00,15400
Minyak Goreng Curah,Minyak Goreng,varian,2025-02-06 00:00:00,15400
Minyak Goreng Curah,Minyak Goreng,varian,2025-02-07 00:00:00,15400
Minyak Goreng Curah,Minyak Goreng,varian,2025-02-10 00:00:00,15400
Minyak Goreng Curah,Minyak Goreng,varian,2025-02-11 00:00:00,15400
Minyak Goreng Curah,Minyak Goreng,varian,2025-02-12 00:00:00,15400
Minyak Goreng Curah,Minyak Goreng,varian,2025-02-13 00:00:00,15200
Minyak Goreng Curah,Minyak Goreng,varian,2025-02-14 00:00:00,15200
Minyak Goreng Curah,Minyak Goreng,varian,2025-02-17 00:00:00,15200
Minyak Goreng Curah,Minyak Goreng,varian,2025-02-18 00:00:00,15600
Minyak Goreng Curah,Minyak Goreng,varian,2025-02-19 00:00:00,15600
Minyak Goreng Curah,Minyak Goreng,varian,2025-02-20 00:00:00,15600
Minyak Goreng Curah,Minyak Goreng,varian,2025-02-21 00:00:00,15600
Minyak Goreng Curah,Minyak Goreng,varian,2025-02-24 00:00:00,15600
Minyak Goreng Curah,Minyak Goreng,varian,2025-02-25 00:00:00,15600
Minyak Goreng Curah,Minyak Goreng,varian,2025-02-26 00:00:00,15800
Minyak Goreng Curah,Minyak Goreng,varian,2025-02-27 00:00:00,15800
Minyak Goreng Curah,Minyak Goreng,varian,2025-02-28 00:00:00,15800
Minyak Goreng Curah,Minyak Goreng,varian,2025-03-03 00:00:00,15800
Minyak Goreng Curah,Minyak Goreng,varian,2025-03-04 00:00:00,15800
Minyak Goreng Curah,Minyak Goreng,varian,2025-03-05 00:00:00,15600
Minyak Goreng Curah,Minyak Goreng,varian,2025-03-06 00:00:00,15800
Minyak Goreng Curah,Minyak Goreng,varian,2025-03-07 00:00:00,15800
Minyak Goreng Curah,Minyak Goreng,varian,2025-03-10 00:00:00,15800
Minyak Goreng Curah,Minyak Goreng,varian,2025-03-11 00:00:00,15800
Minyak Goreng Curah,Minyak Goreng,varian,2025-03-12 00:00:00,15800
Minyak Goreng Curah,Minyak Goreng,varian,2025-03-13 00:00:00,16000
Minyak Goreng Curah,Minyak Goreng,varian,2025-03-14 00:00:00,16000
Minyak Goreng Curah,Minyak Goreng,varian,2025-03-17 00:00:00,16000
Minyak Goreng Curah,Minyak Goreng,varian,2025-03-18 00:00:00,16000
Minyak Goreng Curah,Minyak Goreng,varian,2025-03-19 00:00:00,16000
Minyak Goreng Curah,Minyak Goreng,varian,2025-03-20 00:00:00,16000
Minyak Goreng Curah,Minyak Goreng,varian,2025-03-21 00:00:00,16000
Minyak Goreng Curah,Minyak Goreng,varian,2025-03-24 00:00:00,16000
Minyak Goreng Curah,Minyak Goreng,varian,2025-03-25 00:00:00,16000
Minyak Goreng Curah,Minyak Goreng,varian,2025-03-26 00:00:00,16000
Minyak Goreng Curah,Minyak Goreng,varian,2025-03-27 00:00:00,16000
Minyak Goreng Curah,Minyak Goreng,varian,2025-03-28 00:00:00,16000
Minyak Goreng Curah,Minyak Goreng,varian,2025-03-31 00:00:00,16000
Minyak Goreng Curah,Minyak Goreng,varian,2025-04-01 00:00:00,16000
Minyak Goreng Curah,Minyak Goreng,varian,2025-04-02 00:00:00,16000
Minyak Goreng Curah,Minyak Goreng,varian,2025-04-03 00:00:00,16000
Minyak Goreng Curah,Minyak Goreng,varian,2025-04-04 00:00:00,16000
Minyak Goreng Curah,Minyak Goreng,varian,2025-04-07 00:00:00,16000
Minyak Goreng Curah,Minyak Goreng,varian,2025-04-08 00:00:00,15800
Minyak Goreng Curah,Minyak Goreng,varian,2025-04-09 00:00:00,15800
Minyak Goreng Curah,Minyak Goreng,varian,2025-04-10 00:00:00,15800
Minyak Goreng Curah,Minyak Goreng,varian,2025-04-11 00:00:00,15800
Minyak Goreng Curah,Minyak Goreng,varian,2025-04-14 00:00:00,15600
Minyak Goreng Curah,Minyak Goreng,varian,2025-04-15 00:00:00,15700
Minyak Goreng Curah,Minyak Goreng,varian,2025-04-16 00:00:00,15500
Minyak Goreng Curah,Minyak Goreng,varian,2025-04-17 00:00:00,15300
Minyak Goreng Curah,Minyak Goreng,varian,2025-04-18 00:00:00,15300
Minyak Goreng Curah,Minyak Goreng,varian,2025-04-21 00:00:00,15300
Minyak Goreng Curah,Minyak Goreng,varian,2025-04-22 00:00:00,15300
Minyak Goreng Curah,Minyak Goreng,varian,2025-04-23 00:00:00,15300
Minyak Goreng Curah,Minyak Goreng,varian,2025-04-24 00:00:00,15300
Minyak Goreng Curah,Minyak Goreng,varian,2025-04-25 00:00:00,15300
Minyak Goreng Curah,Minyak Goreng,varian,2025-04-28 00:00:00,15300
Minyak Goreng Curah,Minyak Goreng,varian,2025-04-29 00:00:00,15300
Minyak Goreng Curah,Minyak Goreng,varian,2025-04-30 00:00:00,15100
Minyak Goreng Curah,Minyak Goreng,varian,2025-05-01 00:00:00,15100
Minyak Goreng Curah,Minyak Goreng,varian,2025-05-02 00:00:00,15100
Minyak Goreng Curah,Minyak Goreng,varian,2025-05-05 00:00:00,15100
Minyak Goreng Curah,Minyak Goreng,varian,2025-05-06 00:00:00,15100
Minyak Goreng Curah,Minyak Goreng,varian,2025-05-07 00:00:00,15100
Minyak Goreng Curah,Minyak Goreng,varian,2025-05-08 00:00:00,15100
Minyak Goreng Curah,Minyak Goreng,varian,2025-05-09 00:00:00,15100
Minyak Goreng Curah,Minyak Goreng,varian,2025-05-12 00:00:00,15100
Minyak Goreng Curah,Minyak Goreng,varian,2025-05-13 00:00:00,15100
Minyak Goreng Curah,Minyak Goreng,varian,2025-05-14 00:00:00,15100
Minyak Goreng Curah,Minyak Goreng,varian,2025-05-15 00:00:00,15100
Minyak Goreng Curah,Minyak Goreng,varian,2025-05-16 00:00:00,15100
Minyak Goreng Curah,Minyak Goreng,varian,2025-05-19 00:00:00,15100
Minyak Goreng Curah,Minyak Goreng,varian,2025-05-20 00:00:00,15100
Minyak Goreng Curah,Minyak Goreng,varian,2025-05-21 00:00:00,15100
Minyak Goreng Curah,Minyak Goreng,varian,2025-05-22 00:00:00,15100
Minyak Goreng Curah,Minyak Goreng,varian,2025-05-23 00:00:00,15100
Minyak Goreng Curah,Minyak Goreng,varian,2025-05-26 00:00:00,15100
Minyak Goreng Curah,Minyak Goreng,varian,2025-05-27 00:00:00,15100
Minyak Goreng Curah,Minyak Goreng,varian,2025-05-28 00:00:00,15100
Minyak Goreng Curah,Minyak Goreng,varian,2025-05-29 00:00:00,15100
Minyak Goreng Curah,Minyak Goreng,varian,2025-05-30 00:00:00,15100
Minyak Goreng Curah,Minyak Goreng,varian,2025-06-02 00:00:00,15100
Minyak Goreng Curah,Minyak Goreng,varian,2025-06-03 00:00:00,15100
Minyak Goreng Curah,Minyak Goreng,varian,2025-06-04 00:00:00,15100
Minyak Goreng Curah,Minyak Goreng,varian,2025-06-05 00:00:00,15100
Minyak Goreng Curah,Minyak Goreng,varian,2025-06-06 00:00:00,15100
Minyak Goreng Curah,Minyak Goreng,varian,2025-06-09 00:00:00,15100
Minyak Goreng Curah,Minyak Goreng,varian,2025-06-10 00:00:00,15000
Minyak Goreng Curah,Minyak Goreng,varian,2025-06-11 00:00:00,15000
Minyak Goreng Curah,Minyak Goreng,varian,2025-06-12 00:00:00,15000
Minyak Goreng Curah,Minyak Goreng,varian,2025-06-13 00:00:00,15000
Minyak Goreng Curah,Minyak Goreng,varian,2025-06-16 00:00:00,15000
Minyak Goreng Curah,Minyak Goreng,varian,2025-06-17 00:00:00,15000
Minyak Goreng Curah,Minyak Goreng,varian,2025-06-18 00:00:00,15000
Minyak Goreng Curah,Minyak Goreng,varian,2025-06-19 00:00:00,15000
Minyak Goreng Curah,Minyak Goreng,varian,2025-06-20 00:00:00,15000
Minyak Goreng Curah,Minyak Goreng,varian,2025-06-23 00:00:00,15000
Minyak Goreng Curah,Minyak Goreng,varian,2025-06-24 00:00:00,15000
Minyak Goreng Curah,Minyak Goreng,varian,2025-06-25 00:00:00,15000
Minyak Goreng Curah,Minyak Goreng,varian,2025-06-26 00:00:00,15000
Minyak Goreng Curah,Minyak Goreng,varian,2025-06-27 00:00:00,15000
Minyak Goreng Curah,Minyak Goreng,varian,2025-06-30 00:00:00,15000
Minyak Goreng Curah,Minyak Goreng,varian,2025-07-01 00:00:00,15000
Minyak Goreng Curah,Minyak Goreng,varian,2025-07-02 00:00:00,15000
Minyak Goreng Curah,Minyak Goreng,varian,2025-07-03 00:00:00,15000
Minyak Goreng Curah,Minyak Goreng,varian,2025-07-04 00:00:00,15000
Minyak Goreng Curah,Minyak Goreng,varian,2025-07-07 00:00:00,15000
Minyak Goreng Curah,Minyak Goreng,varian,2025-07-08 00:00:00,15000
Minyak Goreng Curah,Minyak Goreng,varian,2025-07-09 00:00:00,15000
Minyak Goreng Curah,Minyak Goreng,varian,2025-07-10 00:00:00,15000
Minyak Goreng Curah,Minyak Goreng,varian,2025-07-11 00:00:00,15000
Minyak Goreng Curah,Minyak Goreng,varian,2025-07-14 00:00:00,15000
Minyak Goreng Curah,Minyak Goreng,varian,2025-07-15 00:00:00,15000
Minyak Goreng Curah,Minyak Goreng,varian,2025-07-16 00:00:00,15000
Minyak Goreng Curah,Minyak Goreng,varian,2025-07-17 00:00:00,15200
Minyak Goreng Curah,Minyak Goreng,varian,2025-07-18 00:00:00,15200
Minyak Goreng Curah,Minyak Goreng,varian,2025-07-21 00:00:00,15200
Minyak Goreng Curah,Minyak Goreng,varian,2025-07-22 00:00:00,15200
Minyak Goreng Curah,Minyak Goreng,varian,2025-07-23 00:00:00,15200
Minyak Goreng Curah,Minyak Goreng,varian,2025-07-24 00:00:00,15200
Minyak Goreng Curah,Minyak Goreng,varian,2025-07-25 00:00:00,15200
Minyak Goreng Curah,Minyak Goreng,varian,2025-07-28 00:00:00,15200
Minyak Goreng Curah,Minyak Goreng,varian,2025-07-29 00:00:00,15200
Minyak Goreng Curah,Minyak Goreng,varian,2025-07-30 00:00:00,15200
Minyak Goreng Curah,Minyak Goreng,varian,2025-07-31 00:00:00,15200
Minyak Goreng Curah,Minyak Goreng,varian,2025-08-01 00:00:00,15200
Minyak Goreng Curah,Minyak Goreng,varian,2025-08-04 00:00:00,15200
Minyak Goreng Curah,Minyak Goreng,varian,2025-08-05 00:00:00,15200
Minyak Goreng Curah,Minyak Goreng,varian,2025-08-06 00:00:00,15200
Minyak Goreng Curah,Minyak Goreng,varian,2025-08-07 00:00:00,15000
Minyak Goreng Curah,Minyak Goreng,varian,2025-08-08 00:00:00,15000
Minyak Goreng Curah,Minyak Goreng,varian,2025-08-11 00:00:00,15000
Minyak Goreng Curah,Minyak Goreng,varian,2025-08-12 00:00:00,15000
Minyak Goreng Curah,Minyak Goreng,varian,2025-08-13 00:00:00,15000
Minyak Goreng Curah,Minyak Goreng,varian,2025-08-14 00:00:00,15000
Minyak Goreng Curah,Minyak Goreng,varian,2025-08-15 00:00:00,15000
Minyak Goreng Curah,Minyak Goreng,varian,2025-08-18 00:00:00,15000
Minyak Goreng Curah,Minyak Goreng,varian,2025-08-19 00:00:00,15000
Minyak Goreng Curah,Minyak Goreng,varian,2025-08-20 00:00:00,15000
Minyak Goreng Curah,Minyak Goreng,varian,2025-08-21 00:00:00,15000
Minyak Goreng Curah,Minyak Goreng,varian,2025-08-22 00:00:00,15000
Minyak Goreng Curah,Minyak Goreng,varian,2025-08-25 00:00:00,15200
Minyak Goreng Curah,Minyak Goreng,varian,2025-08-26 00:00:00,15200
Minyak Goreng Curah,Minyak Goreng,varian,2025-08-27 00:00:00,15200
Minyak Goreng Curah,Minyak Goreng,varian,2025-08-28 00:00:00,15200
Minyak Goreng Curah,Minyak Goreng,varian,2025-08-29 00:00:00,15200
Minyak Goreng Curah,Minyak Goreng,varian,2025-09-01 00:00:00,15200
Minyak Goreng Curah,Minyak Goreng,varian,2025-09-02 00:00:00,15200
Minyak Goreng Curah,Minyak Goreng,varian,2025-09-03 00:00:00,15200
Minyak Goreng Curah,Minyak Goreng,varian,2025-09-04 00:00:00,15200
Minyak Goreng Curah,Minyak Goreng,varian,2025-09-05 00:00:00,15200
Minyak Goreng Curah,Minyak Goreng,varian,2025-09-08 00:00:00,15200
Minyak Goreng Curah,Minyak Goreng,varian,2025-09-09 00:00:00,15200
Minyak Goreng Curah,Minyak Goreng,varian,2025-09-10 00:00:00,15200
Minyak Goreng Curah,Minyak Goreng,varian,2025-09-11 00:00:00,15200
Minyak Goreng Curah,Minyak Goreng,varian,2025-09-12 00:00:00,15200
Minyak Goreng Curah,Minyak Goreng,varian,2025-09-15 00:00:00,15200
Minyak Goreng Curah,Minyak Goreng,varian,2025-09-16 00:00:00,15200
Minyak Goreng Curah,Minyak Goreng,varian,2025-09-17 00:00:00,15200
Minyak Goreng Curah,Minyak Goreng,varian,2025-09-18 00:00:00,15200
Minyak Goreng Curah,Minyak Goreng,varian,2025-09-19 00:00:00,15200
Minyak Goreng Curah,Minyak Goreng,varian,2025-09-22 00:00:00,15200
Minyak Goreng Curah,Minyak Goreng,varian,2025-09-23 00:00:00,15200
Minyak Goreng Curah,Minyak Goreng,varian,2025-09-24 00:00:00,15200
Minyak Goreng Curah,Minyak Goreng,varian,2025-09-25 00:00:00,15200
Minyak Goreng Curah,Minyak Goreng,varian,2025-09-26 00:00:00,15200
Minyak Goreng Curah,Minyak Goreng,varian,2025-09-29 00:00:00,15200
Minyak Goreng Curah,Minyak Goreng,varian,2025-09-30 00:00:00,15200
Minyak Goreng Curah,Minyak Goreng,varian,2025-10-01 00:00:00,15200
Minyak Goreng Curah,Minyak Goreng,varian,2025-10-02 00:00:00,15200
Minyak Goreng Curah,Minyak Goreng,varian,2025-10-03 00:00:00,15200
Minyak Goreng Curah,Minyak Goreng,varian,2025-10-06 00:00:00,15200
Minyak Goreng Curah,Minyak Goreng,varian,2025-10-07 00:00:00,15200
Minyak Goreng Curah,Minyak Goreng,varian,2025-10-08 00:00:00,15200
Minyak Goreng Curah,Minyak Goreng,varian,2025-10-09 00:00:00,15200
Minyak Goreng Curah,Minyak Goreng,varian,2025-10-10 00:00:00,15200
Minyak Goreng Curah,Minyak Goreng,varian,2025-10-13 00:00:00,15200
Minyak Goreng Curah,Minyak Goreng,varian,2025-10-14 00:00:00,15200
Minyak Goreng Curah,Minyak Goreng,varian,2025-10-15 00:00:00,15200
Minyak Goreng Curah,Minyak Goreng,varian,2025-10-16 00:00:00,15200
Minyak Goreng Curah,Minyak Goreng,varian,2025-10-17 00:00:00,15200
Minyak Goreng Curah,Minyak Goreng,varian,2025-10-20 00:00:00,15400
Minyak Goreng Curah,Minyak Goreng,varian,2025-10-21 00:00:00,15400
Minyak Goreng Curah,Minyak Goreng,varian,2025-10-22 00:00:00,15400
Minyak Goreng Curah,Minyak Goreng,varian,2025-10-23 00:00:00,15400
Minyak Goreng Curah,Minyak Goreng,varian,2025-10-24 00:00:00,15400
Minyak Goreng Curah,Minyak Goreng,varian,2025-10-27 00:00:00,15400
Minyak Goreng Curah,Minyak Goreng,varian,2025-10-28 00:00:00,15400
Minyak Goreng Curah,Minyak Goreng,varian,2025-10-29 00:00:00,15400
Minyak Goreng Curah,Minyak Goreng,varian,2025-10-30 00:00:00,15400
Minyak Goreng Curah,Minyak Goreng,varian,2025-10-31 00:00:00,15400
Minyak Goreng Curah,Minyak Goreng,varian,2025-11-03 00:00:00,15400
Minyak Goreng Curah,Minyak Goreng,varian,2025-11-04 00:00:00,15400
Minyak Goreng Curah,Minyak Goreng,varian,2025-11-05 00:00:00,15400
Minyak Goreng Curah,Minyak Goreng,varian,2025-11-06 00:00:00,15400
Minyak Goreng Curah,Minyak Goreng,varian,2025-11-07 00:00:00,15400
Minyak Goreng Curah,Minyak Goreng,varian,2025-11-10 00:00:00,15400
Minyak Goreng Curah,Minyak Goreng,varian,2025-11-11 00:00:00,15400
Minyak Goreng Curah,Minyak Goreng,varian,2025-11-12 00:00:00,15400
Minyak Goreng Curah,Minyak Goreng,varian,2025-11-13 00:00:00,15400
Minyak Goreng Curah,Minyak Goreng,varian,2025-11-14 00:00:00,15400
Minyak Goreng Curah,Minyak Goreng,varian,2025-11-17 00:00:00,15400
Minyak Goreng Curah,Minyak Goreng,varian,2025-11-18 00:00:00,15400
Minyak Goreng Curah,Minyak Goreng,varian,2025-11-19 00:00:00,15400
Minyak Goreng Curah,Minyak Goreng,varian,2025-11-20 00:00:00,15400
Minyak Goreng Curah,Minyak Goreng,varian,2025-11-21 00:00:00,15400
Minyak Goreng Curah,Minyak Goreng,varian,2025-11-24 00:00:00,15200
Minyak Goreng Curah,Minyak Goreng,varian,2025-11-25 00:00:00,15200
Minyak Goreng Curah,Minyak Goreng,varian,2025-11-26 00:00:00,15200
Minyak Goreng Curah,Minyak Goreng,varian,2025-11-27 00:00:00,15200
Minyak Goreng Curah,Minyak Goreng,varian,2025-11-28 00:00:00,15200
Minyak Goreng Curah,Minyak Goreng,varian,2025-12-01 00:00:00,15200
Minyak Goreng Curah,Minyak Goreng,varian,2025-12-02 00:00:00,15200
Minyak Goreng Curah,Minyak Goreng,varian,2025-12-03 00:00:00,15200
Minyak Goreng Curah,Minyak Goreng,varian,2025-12-04 00:00:00,15200
Minyak Goreng Curah,Minyak Goreng,varian,2025-12-05 00:00:00,15200
Minyak Goreng Curah,Minyak Goreng,varian,2025-12-08 00:00:00,15200
Minyak Goreng Curah,Minyak Goreng,varian,2025-12-09 00:00:00,15200
Minyak Goreng Curah,Minyak Goreng,varian,2025-12-10 00:00:00,15200
Minyak Goreng Curah,Minyak Goreng,varian,2025-12-11 00:00:00,15200
Minyak Goreng Curah,Minyak Goreng,varian,2025-12-12 00:00:00,15200
Minyak Goreng Curah,Minyak Goreng,varian,2025-12-15 00:00:00,15200
Minyak Goreng Curah,Minyak Goreng,varian,2025-12-16 00:00:00,15200
Minyak Goreng Curah,Minyak Goreng,varian,2025-12-17 00:00:00,15200
Minyak Goreng Curah,Minyak Goreng,varian,2025-12-18 00:00:00,15200
Minyak Goreng Curah,Minyak Goreng,varian,2025-12-19 00:00:00,15200
Minyak Goreng Curah,Minyak Goreng,varian,2025-12-22 00:00:00,15200
Minyak Goreng Curah,Minyak Goreng,varian,2025-12-23 00:00:00,15200
Minyak Goreng Curah,Minyak Goreng,varian,2025-12-24 00:00:00,15200
Minyak Goreng Curah,Minyak Goreng,varian,2025-12-25 00:00:00,15200
Minyak Goreng Curah,Minyak Goreng,varian,2025-12-26 00:00:00,15200
Minyak Goreng Curah,Minyak Goreng,varian,2025-12-29 00:00:00,15200
Minyak Goreng Curah,Minyak Goreng,varian,2025-12-30 00:00:00,15200
Minyak Goreng Curah,Minyak Goreng,varian,2025-12-31 00:00:00,15200
Minyak Goreng Curah,Minyak Goreng,varian,2026-01-01 00:00:00,15200
Minyak Goreng Curah,Minyak Goreng,varian,2026-01-02 00:00:00,15200
Minyak Goreng Curah,Minyak Goreng,varian,2026-01-05 00:00:00,15200
Minyak Goreng Curah,Minyak Goreng,varian,2026-01-06 00:00:00,15200
Minyak Goreng Curah,Minyak Goreng,varian,2026-01-07 00:00:00,15200
Minyak Goreng Curah,Minyak Goreng,varian,2026-01-08 00:00:00,15200
Minyak Goreng Curah,Minyak Goreng,varian,2026-01-09 00:00:00,15200
Minyak Goreng Curah,Minyak Goreng,varian,2026-01-12 00:00:00,15200
Minyak Goreng Curah,Minyak Goreng,varian,2026-01-13 00:00:00,15200
Minyak Goreng Curah,Minyak Goreng,varian,2026-01-14 00:00:00,15200
Minyak Goreng Curah,Minyak Goreng,varian,2026-01-15 00:00:00,15200
Minyak Goreng Curah,Minyak Goreng,varian,2026-01-16 00:00:00,15200
Minyak Goreng Curah,Minyak Goreng,varian,2026-01-19 00:00:00,15200
Minyak Goreng Curah,Minyak Goreng,varian,2026-01-20 00:00:00,15200
Minyak Goreng Curah,Minyak Goreng,varian,2026-01-21 00:00:00,15200
Minyak Goreng Curah,Minyak Goreng,varian,2026-01-22 00:00:00,15200
Minyak Goreng Curah,Minyak Goreng,varian,2026-01-23 00:00:00,15200
Minyak Goreng Curah,Minyak Goreng,varian,2026-01-26 00:00:00,15200
Minyak Goreng Curah,Minyak Goreng,varian,2026-01-27 00:00:00,15200
Minyak Goreng Curah,Minyak Goreng,varian,2026-01-28 00:00:00,15200
Minyak Goreng Curah,Minyak Goreng,varian,2026-01-29 00:00:00,15200
Minyak Goreng Curah,Minyak Goreng,varian,2026-01-30 00:00:00,15900
Minyak Goreng Curah,Minyak Goreng,varian,2026-02-02 00:00:00,15900
Minyak Goreng Curah,Minyak Goreng,varian,2026-02-03 00:00:00,15900
Minyak Goreng Curah,Minyak Goreng,varian,2026-02-04 00:00:00,15900
Minyak Goreng Curah,Minyak Goreng,varian,2026-02-05 00:00:00,15900
Minyak Goreng Curah,Minyak Goreng,varian,2026-02-06 00:00:00,15900
Minyak Goreng Curah,Minyak Goreng,varian,2026-02-09 00:00:00,15900
Minyak Goreng Curah,Minyak Goreng,varian,2026-02-10 00:00:00,15900
Minyak Goreng Curah,Minyak Goreng,varian,2026-02-11 00:00:00,15900
Minyak Goreng Curah,Minyak Goreng,varian,2026-02-12 00:00:00,15900
Minyak Goreng Curah,Minyak Goreng,varian,2026-02-13 00:00:00,16000
Minyak Goreng Curah,Minyak Goreng,varian,2026-02-16 00:00:00,16000
Minyak Goreng Curah,Minyak Goreng,varian,2026-02-17 00:00:00,16000
Minyak Goreng Curah,Minyak Goreng,varian,2026-02-18 00:00:00,16000
Minyak Goreng Curah,Minyak Goreng,varian,2026-02-19 00:00:00,16000
Minyak Goreng Curah,Minyak Goreng,varian,2026-02-20 00:00:00,16000
Minyak Goreng Curah,Minyak Goreng,varian,2026-02-23 00:00:00,16000
Minyak Goreng Curah,Minyak Goreng,varian,2026-02-24 00:00:00,16000
Minyak Goreng Curah,Minyak Goreng,varian,2026-02-25 00:00:00,16000
Minyak Goreng Curah,Minyak Goreng,varian,2026-02-26 00:00:00,16000
Minyak Goreng Curah,Minyak Goreng,varian,2026-02-27 00:00:00,16000
Minyak Goreng Curah,Minyak Goreng,varian,2026-03-02 00:00:00,16000
Minyak Goreng Curah,Minyak Goreng,varian,2026-03-03 00:00:00,16000
Minyak Goreng Curah,Minyak Goreng,varian,2026-03-04 00:00:00,16000
Minyak Goreng Curah,Minyak Goreng,varian,2026-03-05 00:00:00,16000
Minyak Goreng Curah,Minyak Goreng,varian,2026-03-06 00:00:00,16000
Minyak Goreng Curah,Minyak Goreng,varian,2026-03-09 00:00:00,16000
Minyak Goreng Curah,Minyak Goreng,varian,2026-03-10 00:00:00,16000
Minyak Goreng Curah,Minyak Goreng,varian,2026-03-11 00:00:00,16000
Minyak Goreng Curah,Minyak Goreng,varian,2026-03-12 00:00:00,16000
Minyak Goreng Curah,Minyak Goreng,varian,2026-03-13 00:00:00,16000
Minyak Goreng Curah,Minyak Goreng,varian,2026-03-16 00:00:00,16000
Minyak Goreng Curah,Minyak Goreng,varian,2026-03-17 00:00:00,17400
Minyak Goreng Curah,Minyak Goreng,varian,2026-03-18 00:00:00,17400
Minyak Goreng Curah,Minyak Goreng,varian,2026-03-19 00:00:00,17400
Minyak Goreng Curah,Minyak Goreng,varian,2026-03-20 00:00:00,17400
Minyak Goreng Curah,Minyak Goreng,varian,2026-03-23 00:00:00,17400
Minyak Goreng Curah,Minyak Goreng,varian,2026-03-24 00:00:00,17400
Minyak Goreng Curah,Minyak Goreng,varian,2026-03-25 00:00:00,17400
Minyak Goreng Curah,Minyak Goreng,varian,2026-03-26 00:00:00,17400
Minyak Goreng Curah,Minyak Goreng,varian,2026-03-27 00:00:00,17400
Minyak Goreng Curah,Minyak Goreng,varian,2026-03-30 00:00:00,17400
Minyak Goreng Curah,Minyak Goreng,varian,2026-03-31 00:00:00,17400
Minyak Goreng Curah,Minyak Goreng,varian,2026-04-01 00:00:00,17400
Minyak Goreng Curah,Minyak Goreng,varian,2026-04-02 00:00:00,17400
Minyak Goreng Curah,Minyak Goreng,varian,2026-04-03 00:00:00,17400
Minyak Goreng Curah,Minyak Goreng,varian,2026-04-06 00:00:00,17400
Minyak Goreng Curah,Minyak Goreng,varian,2026-04-07 00:00:00,17400
Minyak Goreng Curah,Minyak Goreng,varian,2026-04-08 00:00:00,17400
Minyak Goreng Curah,Minyak Goreng,varian,2026-04-09 00:00:00,17400
Minyak Goreng Curah,Minyak Goreng,varian,2026-04-10 00:00:00,17000
Minyak Goreng Curah,Minyak Goreng,varian,2026-04-13 00:00:00,17000
Minyak Goreng Curah,Minyak Goreng,varian,2026-04-14 00:00:00,17000
Minyak Goreng Curah,Minyak Goreng,varian,2026-04-15 00:00:00,17000
Minyak Goreng Curah,Minyak Goreng,varian,2026-04-16 00:00:00,17200
Minyak Goreng Curah,Minyak Goreng,varian,2026-04-17 00:00:00,17200
Minyak Goreng Curah,Minyak Goreng,varian,2026-04-20 00:00:00,17200
Minyak Goreng Curah,Minyak Goreng,varian,2026-04-21 00:00:00,17200
Minyak Goreng Curah,Minyak Goreng,varian,2026-04-22 00:00:00,17200
Minyak Goreng Curah,Minyak Goreng,varian,2026-04-23 00:00:00,17200
Minyak Goreng Curah,Minyak Goreng,varian,2026-04-24 00:00:00,17200
Minyak Goreng Curah,Minyak Goreng,varian,2026-04-27 00:00:00,17200
Minyak Goreng Curah,Minyak Goreng,varian,2026-04-28 00:00:00,17200
Minyak Goreng Curah,Minyak Goreng,varian,2026-04-29 00:00:00,17200
Minyak Goreng Curah,Minyak Goreng,varian,2026-04-30 00:00:00,17200
Minyak Goreng Curah,Minyak Goreng,varian,2026-05-01 00:00:00,17200
Minyak Goreng Curah,Minyak Goreng,varian,2026-05-04 00:00:00,17200
Minyak Goreng Curah,Minyak Goreng,varian,2026-05-05 00:00:00,17000
Minyak Goreng Curah,Minyak Goreng,varian,2026-05-06 00:00:00,17000
Minyak Goreng Curah,Minyak Goreng,varian,2026-05-07 00:00:00,17000
Minyak Goreng Curah,Minyak Goreng,varian,2026-05-08 00:00:00,17000
Minyak Goreng Curah,Minyak Goreng,varian,2026-05-11 00:00:00,17000
Minyak Goreng Curah,Minyak Goreng,varian,2026-05-12 00:00:00,17000
Minyak Goreng Curah,Minyak Goreng,varian,2026-05-13 00:00:00,17000
Minyak Goreng Curah,Minyak Goreng,varian,2026-05-14 00:00:00,17000
Minyak Goreng Curah,Minyak Goreng,varian,2026-05-15 00:00:00,17000
Minyak Goreng Curah,Minyak Goreng,varian,2026-05-18 00:00:00,17000
Minyak Goreng Curah,Minyak Goreng,varian,2026-05-19 00:00:00,17000
Minyak Goreng Curah,Minyak Goreng,varian,2026-05-20 00:00:00,17000
Minyak Goreng Curah,Minyak Goreng,varian,2026-05-21 00:00:00,17000
Minyak Goreng Curah,Minyak Goreng,varian,2026-05-22 00:00:00,17000
Minyak Goreng Curah,Minyak Goreng,varian,2026-05-25 00:00:00,17000
Minyak Goreng Curah,Minyak Goreng,varian,2026-05-26 00:00:00,17000
Minyak Goreng Curah,Minyak Goreng,varian,2026-05-27 00:00:00,17000
Minyak Goreng Curah,Minyak Goreng,varian,2026-05-28 00:00:00,17000
Minyak Goreng Curah,Minyak Goreng,varian,2026-05-29 00:00:00,17000
Minyak Goreng Curah,Minyak Goreng,varian,2026-06-01 00:00:00,17000
Minyak Goreng Curah,Minyak Goreng,varian,2026-06-02 00:00:00,17000
Minyak Goreng Curah,Minyak Goreng,varian,2026-06-03 00:00:00,17000
Minyak Goreng Curah,Minyak Goreng,varian,2026-06-04 00:00:00,17000
Minyak Goreng Curah,Minyak Goreng,varian,2026-06-05 00:00:00,17000
Minyak Goreng Curah,Minyak Goreng,varian,2026-06-08 00:00:00,17200
Minyak Goreng Curah,Minyak Goreng,varian,2026-06-09 00:00:00,17200
Minyak Goreng Curah,Minyak Goreng,varian,2026-06-10 00:00:00,17200
Minyak Goreng Curah,Minyak Goreng,varian,2026-06-11 00:00:00,17400
Minyak Goreng Curah,Minyak Goreng,varian,2026-06-12 00:00:00,17400
Minyak Goreng Curah,Minyak Goreng,varian,2026-06-15 00:00:00,17400
Minyak Goreng Curah,Minyak Goreng,varian,2026-06-16 00:00:00,17400
Minyak Goreng Curah,Minyak Goreng,varian,2026-06-17 00:00:00,17400
Minyak Goreng Curah,Minyak Goreng,varian,2026-06-18 00:00:00,17400
Minyak Goreng Curah,Minyak Goreng,varian,2026-06-19 00:00:00,17400
Minyak Goreng Curah,Minyak Goreng,varian,2026-06-22 00:00:00,17400
Minyak Goreng Curah,Minyak Goreng,varian,2026-06-23 00:00:00,17400
Minyak Goreng Curah,Minyak Goreng,varian,2026-06-24 00:00:00,17400
Minyak Goreng Curah,Minyak Goreng,varian,2026-06-25 00:00:00,17400
Minyak Goreng Curah,Minyak Goreng,varian,2026-06-26 00:00:00,17400
Minyak Goreng Curah,Minyak Goreng,varian,2026-06-29 00:00:00,17400
Minyak Goreng Curah,Minyak Goreng,varian,2026-06-30 00:00:00,17400
Minyak Goreng Curah,Minyak Goreng,varian,2026-07-01 00:00:00,17200
Minyak Goreng Curah,Minyak Goreng,varian,2026-07-02 00:00:00,17200
Minyak Goreng Curah,Minyak Goreng,varian,2026-07-03 00:00:00,17200
Minyak Goreng Curah,Minyak Goreng,varian,2026-07-06 00:00:00,17200
Minyak Goreng Curah,Minyak Goreng,varian,2026-07-07 00:00:00,17200
Minyak Goreng Curah,Minyak Goreng,varian,2026-07-08 00:00:00,17200
Minyak Goreng Curah,Minyak Goreng,varian,2026-07-09 00:00:00,17200
Minyak Goreng Curah,Minyak Goreng,varian,2026-07-10 00:00:00,17200
Minyak Goreng Curah,Minyak Goreng,varian,2026-07-13 00:00:00,17200
Minyak Goreng Curah,Minyak Goreng,varian,2026-07-14 00:00:00,17200
Minyak Goreng Curah,Minyak Goreng,varian,2026-07-15 00:00:00,17200
Minyak Goreng Curah,Minyak Goreng,varian,2026-07-16 00:00:00,17200
Minyak Goreng Curah,Minyak Goreng,varian,2026-07-17 00:00:00,17200
Minyak Goreng Curah,Minyak Goreng,varian,2026-07-20 00:00:00,17200
Minyak Goreng Curah,Minyak Goreng,varian,2026-07-21 00:00:00,17200
Minyak Goreng Curah,Minyak Goreng,varian,2026-07-22 00:00:00,17200
Minyak Goreng Curah,Minyak Goreng,varian,2026-07-23 00:00:00,17200
Minyak Goreng Curah,Minyak Goreng,varian,2026-07-24 00:00:00,17200
Minyak Goreng Curah,Minyak Goreng,varian,2026-07-27 00:00:00,17200
Minyak Goreng Curah,Minyak Goreng,varian,2026-07-28 00:00:00,16800
Minyak Goreng Curah,Minyak Goreng,varian,2026-07-29 00:00:00,16800
Minyak Goreng Curah,Minyak Goreng,varian,2026-07-30 00:00:00,16800
Minyak Goreng Curah,Minyak Goreng,varian,2026-07-31 00:00:00,16800
Minyak Goreng Curah,Minyak Goreng,varian,2026-08-03 00:00:00,16800
Minyak Goreng Curah,Minyak Goreng,varian,2026-08-04 00:00:00,16800
Minyak Goreng Curah,Minyak Goreng,varian,2026-08-05 00:00:00,16800
Minyak Goreng Curah,Minyak Goreng,varian,2026-08-06 00:00:00,16800
Minyak Goreng Curah,Minyak Goreng,varian,2026-08-07 00:00:00,16800
Minyak Goreng Curah,Minyak Goreng,varian,2026-08-10 00:00:00,16800
Minyak Goreng Curah,Minyak Goreng,varian,2026-08-11 00:00:00,16800
Minyak Goreng Curah,Minyak Goreng,varian,2026-08-12 00:00:00,16800
Minyak Goreng Curah,Minyak Goreng,varian,2026-08-13 00:00:00,16800
Minyak Goreng Curah,Minyak Goreng,varian,2026-08-14 00:00:00,16800
Minyak Goreng Curah,Minyak Goreng,varian,2026-08-17 00:00:00,16800
Minyak Goreng Curah,Minyak Goreng,varian,2026-08-18 00:00:00,16800
Minyak Goreng Curah,Minyak Goreng,varian,2026-08-19 00:00:00,16800
Minyak Goreng Curah,Minyak Goreng,varian,2026-08-20 00:00:00,16800
Minyak Goreng Curah,Minyak Goreng,varian,2026-08-21 00:00:00,16800
Minyak Goreng Curah,Minyak Goreng,varian,2026-08-24 00:00:00,16800
Minyak Goreng Curah,Minyak Goreng,varian,2026-08-25 00:00:00,16800
Minyak Goreng Curah,Minyak Goreng,varian,2026-08-26 00:00:00,16800
Minyak Goreng Curah,Minyak Goreng,varian,2026-08-27 00:00:00,16800
Minyak Goreng Curah,Minyak Goreng,varian,2026-08-28 00:00:00,16800
Minyak Goreng Curah,Minyak Goreng,varian,2026-08-31 00:00:00,16800
Minyak Goreng Curah,Minyak Goreng,varian,2026-09-01 00:00:00,16800
Minyak Goreng Curah,Minyak Goreng,varian,2026-09-02 00:00:00,16800
Minyak Goreng Curah,Minyak Goreng,varian,2026-09-03 00:00:00,16800
Minyak Goreng Curah,Minyak Goreng,varian,2026-09-04 00:00:00,16800
Minyak Goreng Curah,Minyak Goreng,varian,2026-09-07 00:00:00,16800
Minyak Goreng Curah,Minyak Goreng,varian,2026-09-08 00:00:00,16800
Minyak Goreng Kemasan Bermerk 1,Minyak Goreng,varian,2025-01-01 00:00:00,20000
Minyak Goreng Kemasan Bermerk 1,Minyak Goreng,varian,2025-01-02 00:00:00,20000
Minyak Goreng Kemasan Bermerk 1,Minyak Goreng,varian,2025-01-03 00:00:00,20000
Minyak Goreng Kemasan Bermerk 1,Minyak Goreng,varian,2025-01-06 00:00:00,20000
Minyak Goreng Kemasan Bermerk 1,Minyak Goreng,varian,2025-01-07 00:00:00,20000
Minyak Goreng Kemasan Bermerk 1,Minyak Goreng,varian,2025-01-08 00:00:00,20000
Minyak Goreng Kemasan Bermerk 1,Minyak Goreng,varian,2025-01-09 00:00:00,20000
Minyak Goreng Kemasan Bermerk 1,Minyak Goreng,varian,2025-01-10 00:00:00,20000
Minyak Goreng Kemasan Bermerk 1,Minyak Goreng,varian,2025-01-13 00:00:00,20000
Minyak Goreng Kemasan Bermerk 1,Minyak Goreng,varian,2025-01-14 00:00:00,20000
Minyak Goreng Kemasan Bermerk 1,Minyak Goreng,varian,2025-01-15 00:00:00,20000
Minyak Goreng Kemasan Bermerk 1,Minyak Goreng,varian,2025-01-16 00:00:00,20000
Minyak Goreng Kemasan Bermerk 1,Minyak Goreng,varian,2025-01-17 00:00:00,20000
Minyak Goreng Kemasan Bermerk 1,Minyak Goreng,varian,2025-01-20 00:00:00,20000
Minyak Goreng Kemasan Bermerk 1,Minyak Goreng,varian,2025-01-21 00:00:00,20000
Minyak Goreng Kemasan Bermerk 1,Minyak Goreng,varian,2025-01-22 00:00:00,20000
Minyak Goreng Kemasan Bermerk 1,Minyak Goreng,varian,2025-01-23 00:00:00,20000
Minyak Goreng Kemasan Bermerk 1,Minyak Goreng,varian,2025-01-24 00:00:00,20000
Minyak Goreng Kemasan Bermerk 1,Minyak Goreng,varian,2025-01-27 00:00:00,20000
Minyak Goreng Kemasan Bermerk 1,Minyak Goreng,varian,2025-01-28 00:00:00,20000
Minyak Goreng Kemasan Bermerk 1,Minyak Goreng,varian,2025-01-29 00:00:00,20000
Minyak Goreng Kemasan Bermerk 1,Minyak Goreng,varian,2025-01-30 00:00:00,20000
Minyak Goreng Kemasan Bermerk 1,Minyak Goreng,varian,2025-01-31 00:00:00,20000
Minyak Goreng Kemasan Bermerk 1,Minyak Goreng,varian,2025-02-03 00:00:00,20000
Minyak Goreng Kemasan Bermerk 1,Minyak Goreng,varian,2025-02-04 00:00:00,20000
Minyak Goreng Kemasan Bermerk 1,Minyak Goreng,varian,2025-02-05 00:00:00,20000
Minyak Goreng Kemasan Bermerk 1,Minyak Goreng,varian,2025-02-06 00:00:00,20000
Minyak Goreng Kemasan Bermerk 1,Minyak Goreng,varian,2025-02-07 00:00:00,20000
Minyak Goreng Kemasan Bermerk 1,Minyak Goreng,varian,2025-02-10 00:00:00,20250
Minyak Goreng Kemasan Bermerk 1,Minyak Goreng,varian,2025-02-11 00:00:00,20250
Minyak Goreng Kemasan Bermerk 1,Minyak Goreng,varian,2025-02-12 00:00:00,20250
Minyak Goreng Kemasan Bermerk 1,Minyak Goreng,varian,2025-02-13 00:00:00,20250
Minyak Goreng Kemasan Bermerk 1,Minyak Goreng,varian,2025-02-14 00:00:00,20250
Minyak Goreng Kemasan Bermerk 1,Minyak Goreng,varian,2025-02-17 00:00:00,20250
Minyak Goreng Kemasan Bermerk 1,Minyak Goreng,varian,2025-02-18 00:00:00,20250
Minyak Goreng Kemasan Bermerk 1,Minyak Goreng,varian,2025-02-19 00:00:00,20250
Minyak Goreng Kemasan Bermerk 1,Minyak Goreng,varian,2025-02-20 00:00:00,20250
Minyak Goreng Kemasan Bermerk 1,Minyak Goreng,varian,2025-02-21 00:00:00,20250
Minyak Goreng Kemasan Bermerk 1,Minyak Goreng,varian,2025-02-24 00:00:00,20250
Minyak Goreng Kemasan Bermerk 1,Minyak Goreng,varian,2025-02-25 00:00:00,20250
Minyak Goreng Kemasan Bermerk 1,Minyak Goreng,varian,2025-02-26 00:00:00,20250
Minyak Goreng Kemasan Bermerk 1,Minyak Goreng,varian,2025-02-27 00:00:00,20250
Minyak Goreng Kemasan Bermerk 1,Minyak Goreng,varian,2025-02-28 00:00:00,20250
Minyak Goreng Kemasan Bermerk 1,Minyak Goreng,varian,2025-03-03 00:00:00,20250
Minyak Goreng Kemasan Bermerk 1,Minyak Goreng,varian,2025-03-04 00:00:00,20250
Minyak Goreng Kemasan Bermerk 1,Minyak Goreng,varian,2025-03-05 00:00:00,20250
Minyak Goreng Kemasan Bermerk 1,Minyak Goreng,varian,2025-03-06 00:00:00,20250
Minyak Goreng Kemasan Bermerk 1,Minyak Goreng,varian,2025-03-07 00:00:00,20750
Minyak Goreng Kemasan Bermerk 1,Minyak Goreng,varian,2025-03-10 00:00:00,20750
Minyak Goreng Kemasan Bermerk 1,Minyak Goreng,varian,2025-03-11 00:00:00,20750
Minyak Goreng Kemasan Bermerk 1,Minyak Goreng,varian,2025-03-12 00:00:00,20750
Minyak Goreng Kemasan Bermerk 1,Minyak Goreng,varian,2025-03-13 00:00:00,20750
Minyak Goreng Kemasan Bermerk 1,Minyak Goreng,varian,2025-03-14 00:00:00,20750
Minyak Goreng Kemasan Bermerk 1,Minyak Goreng,varian,2025-03-17 00:00:00,20750
Minyak Goreng Kemasan Bermerk 1,Minyak Goreng,varian,2025-03-18 00:00:00,20750
Minyak Goreng Kemasan Bermerk 1,Minyak Goreng,varian,2025-03-19 00:00:00,20750
Minyak Goreng Kemasan Bermerk 1,Minyak Goreng,varian,2025-03-20 00:00:00,20750
Minyak Goreng Kemasan Bermerk 1,Minyak Goreng,varian,2025-03-21 00:00:00,20750
Minyak Goreng Kemasan Bermerk 1,Minyak Goreng,varian,2025-03-24 00:00:00,20750
Minyak Goreng Kemasan Bermerk 1,Minyak Goreng,varian,2025-03-25 00:00:00,20750
Minyak Goreng Kemasan Bermerk 1,Minyak Goreng,varian,2025-03-26 00:00:00,20750
Minyak Goreng Kemasan Bermerk 1,Minyak Goreng,varian,2025-03-27 00:00:00,20750
Minyak Goreng Kemasan Bermerk 1,Minyak Goreng,varian,2025-03-28 00:00:00,20750
Minyak Goreng Kemasan Bermerk 1,Minyak Goreng,varian,2025-03-31 00:00:00,20750
Minyak Goreng Kemasan Bermerk 1,Minyak Goreng,varian,2025-04-01 00:00:00,20750
Minyak Goreng Kemasan Bermerk 1,Minyak Goreng,varian,2025-04-02 00:00:00,20750
Minyak Goreng Kemasan Bermerk 1,Minyak Goreng,varian,2025-04-03 00:00:00,20750
Minyak Goreng Kemasan Bermerk 1,Minyak Goreng,varian,2025-04-04 00:00:00,20750
Minyak Goreng Kemasan Bermerk 1,Minyak Goreng,varian,2025-04-07 00:00:00,20750
Minyak Goreng Kemasan Bermerk 1,Minyak Goreng,varian,2025-04-08 00:00:00,20750
Minyak Goreng Kemasan Bermerk 1,Minyak Goreng,varian,2025-04-09 00:00:00,20750
Minyak Goreng Kemasan Bermerk 1,Minyak Goreng,varian,2025-04-10 00:00:00,20750
Minyak Goreng Kemasan Bermerk 1,Minyak Goreng,varian,2025-04-11 00:00:00,20750
Minyak Goreng Kemasan Bermerk 1,Minyak Goreng,varian,2025-04-14 00:00:00,20750
Minyak Goreng Kemasan Bermerk 1,Minyak Goreng,varian,2025-04-15 00:00:00,20500
Minyak Goreng Kemasan Bermerk 1,Minyak Goreng,varian,2025-04-16 00:00:00,20500
Minyak Goreng Kemasan Bermerk 1,Minyak Goreng,varian,2025-04-17 00:00:00,20500
Minyak Goreng Kemasan Bermerk 1,Minyak Goreng,varian,2025-04-18 00:00:00,20500
Minyak Goreng Kemasan Bermerk 1,Minyak Goreng,varian,2025-04-21 00:00:00,20500
Minyak Goreng Kemasan Bermerk 1,Minyak Goreng,varian,2025-04-22 00:00:00,20500
Minyak Goreng Kemasan Bermerk 1,Minyak Goreng,varian,2025-04-23 00:00:00,20500
Minyak Goreng Kemasan Bermerk 1,Minyak Goreng,varian,2025-04-24 00:00:00,20500
Minyak Goreng Kemasan Bermerk 1,Minyak Goreng,varian,2025-04-25 00:00:00,20500
Minyak Goreng Kemasan Bermerk 1,Minyak Goreng,varian,2025-04-28 00:00:00,20500
Minyak Goreng Kemasan Bermerk 1,Minyak Goreng,varian,2025-04-29 00:00:00,20500
Minyak Goreng Kemasan Bermerk 1,Minyak Goreng,varian,2025-04-30 00:00:00,20500
Minyak Goreng Kemasan Bermerk 1,Minyak Goreng,varian,2025-05-01 00:00:00,20500
Minyak Goreng Kemasan Bermerk 1,Minyak Goreng,varian,2025-05-02 00:00:00,20500
Minyak Goreng Kemasan Bermerk 1,Minyak Goreng,varian,2025-05-05 00:00:00,20500
Minyak Goreng Kemasan Bermerk 1,Minyak Goreng,varian,2025-05-06 00:00:00,20500
Minyak Goreng Kemasan Bermerk 1,Minyak Goreng,varian,2025-05-07 00:00:00,20500
Minyak Goreng Kemasan Bermerk 1,Minyak Goreng,varian,2025-05-08 00:00:00,20500
Minyak Goreng Kemasan Bermerk 1,Minyak Goreng,varian,2025-05-09 00:00:00,20500
Minyak Goreng Kemasan Bermerk 1,Minyak Goreng,varian,2025-05-12 00:00:00,20500
Minyak Goreng Kemasan Bermerk 1,Minyak Goreng,varian,2025-05-13 00:00:00,20500
Minyak Goreng Kemasan Bermerk 1,Minyak Goreng,varian,2025-05-14 00:00:00,20500
Minyak Goreng Kemasan Bermerk 1,Minyak Goreng,varian,2025-05-15 00:00:00,20500
Minyak Goreng Kemasan Bermerk 1,Minyak Goreng,varian,2025-05-16 00:00:00,20500
Minyak Goreng Kemasan Bermerk 1,Minyak Goreng,varian,2025-05-19 00:00:00,20500
Minyak Goreng Kemasan Bermerk 1,Minyak Goreng,varian,2025-05-20 00:00:00,20500
Minyak Goreng Kemasan Bermerk 1,Minyak Goreng,varian,2025-05-21 00:00:00,20500
Minyak Goreng Kemasan Bermerk 1,Minyak Goreng,varian,2025-05-22 00:00:00,20500
Minyak Goreng Kemasan Bermerk 1,Minyak Goreng,varian,2025-05-23 00:00:00,20500
Minyak Goreng Kemasan Bermerk 1,Minyak Goreng,varian,2025-05-26 00:00:00,20500
Minyak Goreng Kemasan Bermerk 1,Minyak Goreng,varian,2025-05-27 00:00:00,20500
Minyak Goreng Kemasan Bermerk 1,Minyak Goreng,varian,2025-05-28 00:00:00,20500
Minyak Goreng Kemasan Bermerk 1,Minyak Goreng,varian,2025-05-29 00:00:00,20500
Minyak Goreng Kemasan Bermerk 1,Minyak Goreng,varian,2025-05-30 00:00:00,20500
Minyak Goreng Kemasan Bermerk 1,Minyak Goreng,varian,2025-06-02 00:00:00,20500
Minyak Goreng Kemasan Bermerk 1,Minyak Goreng,varian,2025-06-03 00:00:00,20500
Minyak Goreng Kemasan Bermerk 1,Minyak Goreng,varian,2025-06-04 00:00:00,20500
Minyak Goreng Kemasan Bermerk 1,Minyak Goreng,varian,2025-06-05 00:00:00,20500
Minyak Goreng Kemasan Bermerk 1,Minyak Goreng,varian,2025-06-06 00:00:00,20500
Minyak Goreng Kemasan Bermerk 1,Minyak Goreng,varian,2025-06-09 00:00:00,20500
Minyak Goreng Kemasan Bermerk 1,Minyak Goreng,varian,2025-06-10 00:00:00,20750
Minyak Goreng Kemasan Bermerk 1,Minyak Goreng,varian,2025-06-11 00:00:00,20750
Minyak Goreng Kemasan Bermerk 1,Minyak Goreng,varian,2025-06-12 00:00:00,20750
Minyak Goreng Kemasan Bermerk 1,Minyak Goreng,varian,2025-06-13 00:00:00,20750
Minyak Goreng Kemasan Bermerk 1,Minyak Goreng,varian,2025-06-16 00:00:00,20750
Minyak Goreng Kemasan Bermerk 1,Minyak Goreng,varian,2025-06-17 00:00:00,20750
Minyak Goreng Kemasan Bermerk 1,Minyak Goreng,varian,2025-06-18 00:00:00,20750
Minyak Goreng Kemasan Bermerk 1,Minyak Goreng,varian,2025-06-19 00:00:00,20750
Minyak Goreng Kemasan Bermerk 1,Minyak Goreng,varian,2025-06-20 00:00:00,20750
Minyak Goreng Kemasan Bermerk 1,Minyak Goreng,varian,2025-06-23 00:00:00,20750
Minyak Goreng Kemasan Bermerk 1,Minyak Goreng,varian,2025-06-24 00:00:00,20750
Minyak Goreng Kemasan Bermerk 1,Minyak Goreng,varian,2025-06-25 00:00:00,20750
Minyak Goreng Kemasan Bermerk 1,Minyak Goreng,varian,2025-06-26 00:00:00,20750
Minyak Goreng Kemasan Bermerk 1,Minyak Goreng,varian,2025-06-27 00:00:00,20750
Minyak Goreng Kemasan Bermerk 1,Minyak Goreng,varian,2025-06-30 00:00:00,20750
Minyak Goreng Kemasan Bermerk 1,Minyak Goreng,varian,2025-07-01 00:00:00,20750
Minyak Goreng Kemasan Bermerk 1,Minyak Goreng,varian,2025-07-02 00:00:00,20500
Minyak Goreng Kemasan Bermerk 1,Minyak Goreng,varian,2025-07-03 00:00:00,20500
Minyak Goreng Kemasan Bermerk 1,Minyak Goreng,varian,2025-07-04 00:00:00,20500
Minyak Goreng Kemasan Bermerk 1,Minyak Goreng,varian,2025-07-07 00:00:00,20500
Minyak Goreng Kemasan Bermerk 1,Minyak Goreng,varian,2025-07-08 00:00:00,20500
Minyak Goreng Kemasan Bermerk 1,Minyak Goreng,varian,2025-07-09 00:00:00,20500
Minyak Goreng Kemasan Bermerk 1,Minyak Goreng,varian,2025-07-10 00:00:00,20500
Minyak Goreng Kemasan Bermerk 1,Minyak Goreng,varian,2025-07-11 00:00:00,20500
Minyak Goreng Kemasan Bermerk 1,Minyak Goreng,varian,2025-07-14 00:00:00,20500
Minyak Goreng Kemasan Bermerk 1,Minyak Goreng,varian,2025-07-15 00:00:00,20500
Minyak Goreng Kemasan Bermerk 1,Minyak Goreng,varian,2025-07-16 00:00:00,20500
Minyak Goreng Kemasan Bermerk 1,Minyak Goreng,varian,2025-07-17 00:00:00,20500
Minyak Goreng Kemasan Bermerk 1,Minyak Goreng,varian,2025-07-18 00:00:00,20500
Minyak Goreng Kemasan Bermerk 1,Minyak Goreng,varian,2025-07-21 00:00:00,20500
Minyak Goreng Kemasan Bermerk 1,Minyak Goreng,varian,2025-07-22 00:00:00,20500
Minyak Goreng Kemasan Bermerk 1,Minyak Goreng,varian,2025-07-23 00:00:00,20500
Minyak Goreng Kemasan Bermerk 1,Minyak Goreng,varian,2025-07-24 00:00:00,20500
Minyak Goreng Kemasan Bermerk 1,Minyak Goreng,varian,2025-07-25 00:00:00,20500
Minyak Goreng Kemasan Bermerk 1,Minyak Goreng,varian,2025-07-28 00:00:00,20500
Minyak Goreng Kemasan Bermerk 1,Minyak Goreng,varian,2025-07-29 00:00:00,20500
Minyak Goreng Kemasan Bermerk 1,Minyak Goreng,varian,2025-07-30 00:00:00,20500
Minyak Goreng Kemasan Bermerk 1,Minyak Goreng,varian,2025-07-31 00:00:00,20500
Minyak Goreng Kemasan Bermerk 1,Minyak Goreng,varian,2025-08-01 00:00:00,20500
Minyak Goreng Kemasan Bermerk 1,Minyak Goreng,varian,2025-08-04 00:00:00,20500
Minyak Goreng Kemasan Bermerk 1,Minyak Goreng,varian,2025-08-05 00:00:00,20500
Minyak Goreng Kemasan Bermerk 1,Minyak Goreng,varian,2025-08-06 00:00:00,20500
Minyak Goreng Kemasan Bermerk 1,Minyak Goreng,varian,2025-08-07 00:00:00,20500
Minyak Goreng Kemasan Bermerk 1,Minyak Goreng,varian,2025-08-08 00:00:00,20500
Minyak Goreng Kemasan Bermerk 1,Minyak Goreng,varian,2025-08-11 00:00:00,20500
Minyak Goreng Kemasan Bermerk 1,Minyak Goreng,varian,2025-08-12 00:00:00,20500
Minyak Goreng Kemasan Bermerk 1,Minyak Goreng,varian,2025-08-13 00:00:00,20500
Minyak Goreng Kemasan Bermerk 1,Minyak Goreng,varian,2025-08-14 00:00:00,20500
Minyak Goreng Kemasan Bermerk 1,Minyak Goreng,varian,2025-08-15 00:00:00,20500
Minyak Goreng Kemasan Bermerk 1,Minyak Goreng,varian,2025-08-18 00:00:00,20500
Minyak Goreng Kemasan Bermerk 1,Minyak Goreng,varian,2025-08-19 00:00:00,20500
Minyak Goreng Kemasan Bermerk 1,Minyak Goreng,varian,2025-08-20 00:00:00,20500
Minyak Goreng Kemasan Bermerk 1,Minyak Goreng,varian,2025-08-21 00:00:00,20500
Minyak Goreng Kemasan Bermerk 1,Minyak Goreng,varian,2025-08-22 00:00:00,20500
Minyak Goreng Kemasan Bermerk 1,Minyak Goreng,varian,2025-08-25 00:00:00,20500
Minyak Goreng Kemasan Bermerk 1,Minyak Goreng,varian,2025-08-26 00:00:00,21000
Minyak Goreng Kemasan Bermerk 1,Minyak Goreng,varian,2025-08-27 00:00:00,21250
Minyak Goreng Kemasan Bermerk 1,Minyak Goreng,varian,2025-08-28 00:00:00,21250
Minyak Goreng Kemasan Bermerk 1,Minyak Goreng,varian,2025-08-29 00:00:00,21250
Minyak Goreng Kemasan Bermerk 1,Minyak Goreng,varian,2025-09-01 00:00:00,21000
Minyak Goreng Kemasan Bermerk 1,Minyak Goreng,varian,2025-09-02 00:00:00,21000
Minyak Goreng Kemasan Bermerk 1,Minyak Goreng,varian,2025-09-03 00:00:00,21000
Minyak Goreng Kemasan Bermerk 1,Minyak Goreng,varian,2025-09-04 00:00:00,21000
Minyak Goreng Kemasan Bermerk 1,Minyak Goreng,varian,2025-09-05 00:00:00,21000
Minyak Goreng Kemasan Bermerk 1,Minyak Goreng,varian,2025-09-08 00:00:00,21000
Minyak Goreng Kemasan Bermerk 1,Minyak Goreng,varian,2025-09-09 00:00:00,21000
Minyak Goreng Kemasan Bermerk 1,Minyak Goreng,varian,2025-09-10 00:00:00,21000
Minyak Goreng Kemasan Bermerk 1,Minyak Goreng,varian,2025-09-11 00:00:00,21000
Minyak Goreng Kemasan Bermerk 1,Minyak Goreng,varian,2025-09-12 00:00:00,21000
Minyak Goreng Kemasan Bermerk 1,Minyak Goreng,varian,2025-09-15 00:00:00,21000
Minyak Goreng Kemasan Bermerk 1,Minyak Goreng,varian,2025-09-16 00:00:00,21000
Minyak Goreng Kemasan Bermerk 1,Minyak Goreng,varian,2025-09-17 00:00:00,21000
Minyak Goreng Kemasan Bermerk 1,Minyak Goreng,varian,2025-09-18 00:00:00,21000
Minyak Goreng Kemasan Bermerk 1,Minyak Goreng,varian,2025-09-19 00:00:00,21000
Minyak Goreng Kemasan Bermerk 1,Minyak Goreng,varian,2025-09-22 00:00:00,21000
Minyak Goreng Kemasan Bermerk 1,Minyak Goreng,varian,2025-09-23 00:00:00,21000
Minyak Goreng Kemasan Bermerk 1,Minyak Goreng,varian,2025-09-24 00:00:00,21000
Minyak Goreng Kemasan Bermerk 1,Minyak Goreng,varian,2025-09-25 00:00:00,21000
Minyak Goreng Kemasan Bermerk 1,Minyak Goreng,varian,2025-09-26 00:00:00,21000
Minyak Goreng Kemasan Bermerk 1,Minyak Goreng,varian,2025-09-29 00:00:00,21000
Minyak Goreng Kemasan Bermerk 1,Minyak Goreng,varian,2025-09-30 00:00:00,21000
Minyak Goreng Kemasan Bermerk 1,Minyak Goreng,varian,2025-10-01 00:00:00,21000
Minyak Goreng Kemasan Bermerk 1,Minyak Goreng,varian,2025-10-02 00:00:00,21000
Minyak Goreng Kemasan Bermerk 1,Minyak Goreng,varian,2025-10-03 00:00:00,21000
Minyak Goreng Kemasan Bermerk 1,Minyak Goreng,varian,2025-10-06 00:00:00,21000
Minyak Goreng Kemasan Bermerk 1,Minyak Goreng,varian,2025-10-07 00:00:00,21000
Minyak Goreng Kemasan Bermerk 1,Minyak Goreng,varian,2025-10-08 00:00:00,21000
Minyak Goreng Kemasan Bermerk 1,Minyak Goreng,varian,2025-10-09 00:00:00,21000
Minyak Goreng Kemasan Bermerk 1,Minyak Goreng,varian,2025-10-10 00:00:00,21000
Minyak Goreng Kemasan Bermerk 1,Minyak Goreng,varian,2025-10-13 00:00:00,21000
Minyak Goreng Kemasan Bermerk 1,Minyak Goreng,varian,2025-10-14 00:00:00,21000
Minyak Goreng Kemasan Bermerk 1,Minyak Goreng,varian,2025-10-15 00:00:00,21000
Minyak Goreng Kemasan Bermerk 1,Minyak Goreng,varian,2025-10-16 00:00:00,21000
Minyak Goreng Kemasan Bermerk 1,Minyak Goreng,varian,2025-10-17 00:00:00,21000
Minyak Goreng Kemasan Bermerk 1,Minyak Goreng,varian,2025-10-20 00:00:00,21000
Minyak Goreng Kemasan Bermerk 1,Minyak Goreng,varian,2025-10-21 00:00:00,21000
Minyak Goreng Kemasan Bermerk 1,Minyak Goreng,varian,2025-10-22 00:00:00,21000
Minyak Goreng Kemasan Bermerk 1,Minyak Goreng,varian,2025-10-23 00:00:00,21000
Minyak Goreng Kemasan Bermerk 1,Minyak Goreng,varian,2025-10-24 00:00:00,21000
Minyak Goreng Kemasan Bermerk 1,Minyak Goreng,varian,2025-10-27 00:00:00,21000
Minyak Goreng Kemasan Bermerk 1,Minyak Goreng,varian,2025-10-28 00:00:00,21000
Minyak Goreng Kemasan Bermerk 1,Minyak Goreng,varian,2025-10-29 00:00:00,21000
Minyak Goreng Kemasan Bermerk 1,Minyak Goreng,varian,2025-10-30 00:00:00,21000
Minyak Goreng Kemasan Bermerk 1,Minyak Goreng,varian,2025-10-31 00:00:00,21000
Minyak Goreng Kemasan Bermerk 1,Minyak Goreng,varian,2025-11-03 00:00:00,21000
Minyak Goreng Kemasan Bermerk 1,Minyak Goreng,varian,2025-11-04 00:00:00,21000
Minyak Goreng Kemasan Bermerk 1,Minyak Goreng,varian,2025-11-05 00:00:00,21000
Minyak Goreng Kemasan Bermerk 1,Minyak Goreng,varian,2025-11-06 00:00:00,21000
Minyak Goreng Kemasan Bermerk 1,Minyak Goreng,varian,2025-11-07 00:00:00,21000
Minyak Goreng Kemasan Bermerk 1,Minyak Goreng,varian,2025-11-10 00:00:00,21000
Minyak Goreng Kemasan Bermerk 1,Minyak Goreng,varian,2025-11-11 00:00:00,21000
Minyak Goreng Kemasan Bermerk 1,Minyak Goreng,varian,2025-11-12 00:00:00,21000
Minyak Goreng Kemasan Bermerk 1,Minyak Goreng,varian,2025-11-13 00:00:00,21000
Minyak Goreng Kemasan Bermerk 1,Minyak Goreng,varian,2025-11-14 00:00:00,21000
Minyak Goreng Kemasan Bermerk 1,Minyak Goreng,varian,2025-11-17 00:00:00,21000
Minyak Goreng Kemasan Bermerk 1,Minyak Goreng,varian,2025-11-18 00:00:00,21000
Minyak Goreng Kemasan Bermerk 1,Minyak Goreng,varian,2025-11-19 00:00:00,21000
Minyak Goreng Kemasan Bermerk 1,Minyak Goreng,varian,2025-11-20 00:00:00,21000
Minyak Goreng Kemasan Bermerk 1,Minyak Goreng,varian,2025-11-21 00:00:00,21000
Minyak Goreng Kemasan Bermerk 1,Minyak Goreng,varian,2025-11-24 00:00:00,21000
Minyak Goreng Kemasan Bermerk 1,Minyak Goreng,varian,2025-11-25 00:00:00,21000
Minyak Goreng Kemasan Bermerk 1,Minyak Goreng,varian,2025-11-26 00:00:00,21000
Minyak Goreng Kemasan Bermerk 1,Minyak Goreng,varian,2025-11-27 00:00:00,21000
Minyak Goreng Kemasan Bermerk 1,Minyak Goreng,varian,2025-11-28 00:00:00,21000
Minyak Goreng Kemasan Bermerk 1,Minyak Goreng,varian,2025-12-01 00:00:00,21000
Minyak Goreng Kemasan Bermerk 1,Minyak Goreng,varian,2025-12-02 00:00:00,21000
Minyak Goreng Kemasan Bermerk 1,Minyak Goreng,varian,2025-12-03 00:00:00,21000
Minyak Goreng Kemasan Bermerk 1,Minyak Goreng,varian,2025-12-04 00:00:00,21000
Minyak Goreng Kemasan Bermerk 1,Minyak Goreng,varian,2025-12-05 00:00:00,21000
Minyak Goreng Kemasan Bermerk 1,Minyak Goreng,varian,2025-12-08 00:00:00,21000
Minyak Goreng Kemasan Bermerk 1,Minyak Goreng,varian,2025-12-09 00:00:00,21000
Minyak Goreng Kemasan Bermerk 1,Minyak Goreng,varian,2025-12-10 00:00:00,21000
Minyak Goreng Kemasan Bermerk 1,Minyak Goreng,varian,2025-12-11 00:00:00,21000
Minyak Goreng Kemasan Bermerk 1,Minyak Goreng,varian,2025-12-12 00:00:00,21000
Minyak Goreng Kemasan Bermerk 1,Minyak Goreng,varian,2025-12-15 00:00:00,21000
Minyak Goreng Kemasan Bermerk 1,Minyak Goreng,varian,2025-12-16 00:00:00,21000
Minyak Goreng Kemasan Bermerk 1,Minyak Goreng,varian,2025-12-17 00:00:00,21000
Minyak Goreng Kemasan Bermerk 1,Minyak Goreng,varian,2025-12-18 00:00:00,21000
Minyak Goreng Kemasan Bermerk 1,Minyak Goreng,varian,2025-12-19 00:00:00,21000
Minyak Goreng Kemasan Bermerk 1,Minyak Goreng,varian,2025-12-22 00:00:00,21000
Minyak Goreng Kemasan Bermerk 1,Minyak Goreng,varian,2025-12-23 00:00:00,21000
Minyak Goreng Kemasan Bermerk 1,Minyak Goreng,varian,2025-12-24 00:00:00,21000
Minyak Goreng Kemasan Bermerk 1,Minyak Goreng,varian,2025-12-25 00:00:00,21000
Minyak Goreng Kemasan Bermerk 1,Minyak Goreng,varian,2025-12-26 00:00:00,21000
Minyak Goreng Kemasan Bermerk 1,Minyak Goreng,varian,2025-12-29 00:00:00,21000
Minyak Goreng Kemasan Bermerk 1,Minyak Goreng,varian,2025-12-30 00:00:00,21000
Minyak Goreng Kemasan Bermerk 1,Minyak Goreng,varian,2025-12-31 00:00:00,21000
Minyak Goreng Kemasan Bermerk 1,Minyak Goreng,varian,2026-01-01 00:00:00,21000
Minyak Goreng Kemasan Bermerk 1,Minyak Goreng,varian,2026-01-02 00:00:00,21000
Minyak Goreng Kemasan Bermerk 1,Minyak Goreng,varian,2026-01-05 00:00:00,21000
Minyak Goreng Kemasan Bermerk 1,Minyak Goreng,varian,2026-01-06 00:00:00,21000
Minyak Goreng Kemasan Bermerk 1,Minyak Goreng,varian,2026-01-07 00:00:00,21000
Minyak Goreng Kemasan Bermerk 1,Minyak Goreng,varian,2026-01-08 00:00:00,21000
Minyak Goreng Kemasan Bermerk 1,Minyak Goreng,varian,2026-01-09 00:00:00,21000
Minyak Goreng Kemasan Bermerk 1,Minyak Goreng,varian,2026-01-12 00:00:00,21000
Minyak Goreng Kemasan Bermerk 1,Minyak Goreng,varian,2026-01-13 00:00:00,21000
Minyak Goreng Kemasan Bermerk 1,Minyak Goreng,varian,2026-01-14 00:00:00,21000
Minyak Goreng Kemasan Bermerk 1,Minyak Goreng,varian,2026-01-15 00:00:00,21000
Minyak Goreng Kemasan Bermerk 1,Minyak Goreng,varian,2026-01-16 00:00:00,21000
Minyak Goreng Kemasan Bermerk 1,Minyak Goreng,varian,2026-01-19 00:00:00,21000
Minyak Goreng Kemasan Bermerk 1,Minyak Goreng,varian,2026-01-20 00:00:00,21000
Minyak Goreng Kemasan Bermerk 1,Minyak Goreng,varian,2026-01-21 00:00:00,21000
Minyak Goreng Kemasan Bermerk 1,Minyak Goreng,varian,2026-01-22 00:00:00,21000
Minyak Goreng Kemasan Bermerk 1,Minyak Goreng,varian,2026-01-23 00:00:00,21000
Minyak Goreng Kemasan Bermerk 1,Minyak Goreng,varian,2026-01-26 00:00:00,21000
Minyak Goreng Kemasan Bermerk 1,Minyak Goreng,varian,2026-01-27 00:00:00,21000
Minyak Goreng Kemasan Bermerk 1,Minyak Goreng,varian,2026-01-28 00:00:00,21000
Minyak Goreng Kemasan Bermerk 1,Minyak Goreng,varian,2026-01-29 00:00:00,21000
Minyak Goreng Kemasan Bermerk 1,Minyak Goreng,varian,2026-01-30 00:00:00,20950
Minyak Goreng Kemasan Bermerk 1,Minyak Goreng,varian,2026-02-02 00:00:00,21000
Minyak Goreng Kemasan Bermerk 1,Minyak Goreng,varian,2026-02-03 00:00:00,21000
Minyak Goreng Kemasan Bermerk 1,Minyak Goreng,varian,2026-02-04 00:00:00,21000
Minyak Goreng Kemasan Bermerk 1,Minyak Goreng,varian,2026-02-05 00:00:00,21000
Minyak Goreng Kemasan Bermerk 1,Minyak Goreng,varian,2026-02-06 00:00:00,21000
Minyak Goreng Kemasan Bermerk 1,Minyak Goreng,varian,2026-02-09 00:00:00,21000
Minyak Goreng Kemasan Bermerk 1,Minyak Goreng,varian,2026-02-10 00:00:00,21000
Minyak Goreng Kemasan Bermerk 1,Minyak Goreng,varian,2026-02-11 00:00:00,21000
Minyak Goreng Kemasan Bermerk 1,Minyak Goreng,varian,2026-02-12 00:00:00,21000
Minyak Goreng Kemasan Bermerk 1,Minyak Goreng,varian,2026-02-13 00:00:00,21000
Minyak Goreng Kemasan Bermerk 1,Minyak Goreng,varian,2026-02-16 00:00:00,21000
Minyak Goreng Kemasan Bermerk 1,Minyak Goreng,varian,2026-02-17 00:00:00,21000
Minyak Goreng Kemasan Bermerk 1,Minyak Goreng,varian,2026-02-18 00:00:00,21000
Minyak Goreng Kemasan Bermerk 1,Minyak Goreng,varian,2026-02-19 00:00:00,21000
Minyak Goreng Kemasan Bermerk 1,Minyak Goreng,varian,2026-02-20 00:00:00,21000
Minyak Goreng Kemasan Bermerk 1,Minyak Goreng,varian,2026-02-23 00:00:00,20900
Minyak Goreng Kemasan Bermerk 1,Minyak Goreng,varian,2026-02-24 00:00:00,20900
Minyak Goreng Kemasan Bermerk 1,Minyak Goreng,varian,2026-02-25 00:00:00,20900
Minyak Goreng Kemasan Bermerk 1,Minyak Goreng,varian,2026-02-26 00:00:00,20900
Minyak Goreng Kemasan Bermerk 1,Minyak Goreng,varian,2026-02-27 00:00:00,20900
Minyak Goreng Kemasan Bermerk 1,Minyak Goreng,varian,2026-03-02 00:00:00,20900
Minyak Goreng Kemasan Bermerk 1,Minyak Goreng,varian,2026-03-03 00:00:00,20900
Minyak Goreng Kemasan Bermerk 1,Minyak Goreng,varian,2026-03-04 00:00:00,20900
Minyak Goreng Kemasan Bermerk 1,Minyak Goreng,varian,2026-03-05 00:00:00,20900
Minyak Goreng Kemasan Bermerk 1,Minyak Goreng,varian,2026-03-06 00:00:00,20900
Minyak Goreng Kemasan Bermerk 1,Minyak Goreng,varian,2026-03-09 00:00:00,20900
Minyak Goreng Kemasan Bermerk 1,Minyak Goreng,varian,2026-03-10 00:00:00,20900
Minyak Goreng Kemasan Bermerk 1,Minyak Goreng,varian,2026-03-11 00:00:00,20900
Minyak Goreng Kemasan Bermerk 1,Minyak Goreng,varian,2026-03-12 00:00:00,20900
Minyak Goreng Kemasan Bermerk 1,Minyak Goreng,varian,2026-03-13 00:00:00,20900
Minyak Goreng Kemasan Bermerk 1,Minyak Goreng,varian,2026-03-16 00:00:00,20900
Minyak Goreng Kemasan Bermerk 1,Minyak Goreng,varian,2026-03-17 00:00:00,20900
Minyak Goreng Kemasan Bermerk 1,Minyak Goreng,varian,2026-03-18 00:00:00,20900
Minyak Goreng Kemasan Bermerk 1,Minyak Goreng,varian,2026-03-19 00:00:00,20900
Minyak Goreng Kemasan Bermerk 1,Minyak Goreng,varian,2026-03-20 00:00:00,20900
Minyak Goreng Kemasan Bermerk 1,Minyak Goreng,varian,2026-03-23 00:00:00,20900
Minyak Goreng Kemasan Bermerk 1,Minyak Goreng,varian,2026-03-24 00:00:00,20900
Minyak Goreng Kemasan Bermerk 1,Minyak Goreng,varian,2026-03-25 00:00:00,20900
Minyak Goreng Kemasan Bermerk 1,Minyak Goreng,varian,2026-03-26 00:00:00,20900
Minyak Goreng Kemasan Bermerk 1,Minyak Goreng,varian,2026-03-27 00:00:00,20900
Minyak Goreng Kemasan Bermerk 1,Minyak Goreng,varian,2026-03-30 00:00:00,20900
Minyak Goreng Kemasan Bermerk 1,Minyak Goreng,varian,2026-03-31 00:00:00,20900
Minyak Goreng Kemasan Bermerk 1,Minyak Goreng,varian,2026-04-01 00:00:00,20900
Minyak Goreng Kemasan Bermerk 1,Minyak Goreng,varian,2026-04-02 00:00:00,20900
Minyak Goreng Kemasan Bermerk 1,Minyak Goreng,varian,2026-04-03 00:00:00,20900
Minyak Goreng Kemasan Bermerk 1,Minyak Goreng,varian,2026-04-06 00:00:00,20900
Minyak Goreng Kemasan Bermerk 1,Minyak Goreng,varian,2026-04-07 00:00:00,20900
Minyak Goreng Kemasan Bermerk 1,Minyak Goreng,varian,2026-04-08 00:00:00,20900
Minyak Goreng Kemasan Bermerk 1,Minyak Goreng,varian,2026-04-09 00:00:00,20900
Minyak Goreng Kemasan Bermerk 1,Minyak Goreng,varian,2026-04-10 00:00:00,21150
Minyak Goreng Kemasan Bermerk 1,Minyak Goreng,varian,2026-04-13 00:00:00,21150
Minyak Goreng Kemasan Bermerk 1,Minyak Goreng,varian,2026-04-14 00:00:00,21150
Minyak Goreng Kemasan Bermerk 1,Minyak Goreng,varian,2026-04-15 00:00:00,21150
Minyak Goreng Kemasan Bermerk 1,Minyak Goreng,varian,2026-04-16 00:00:00,21150
Minyak Goreng Kemasan Bermerk 1,Minyak Goreng,varian,2026-04-17 00:00:00,21150
Minyak Goreng Kemasan Bermerk 1,Minyak Goreng,varian,2026-04-20 00:00:00,21150
Minyak Goreng Kemasan Bermerk 1,Minyak Goreng,varian,2026-04-21 00:00:00,21150
Minyak Goreng Kemasan Bermerk 1,Minyak Goreng,varian,2026-04-22 00:00:00,21150
Minyak Goreng Kemasan Bermerk 1,Minyak Goreng,varian,2026-04-23 00:00:00,21150
Minyak Goreng Kemasan Bermerk 1,Minyak Goreng,varian,2026-04-24 00:00:00,21150
Minyak Goreng Kemasan Bermerk 1,Minyak Goreng,varian,2026-04-27 00:00:00,21150
Minyak Goreng Kemasan Bermerk 1,Minyak Goreng,varian,2026-04-28 00:00:00,21150
Minyak Goreng Kemasan Bermerk 1,Minyak Goreng,varian,2026-04-29 00:00:00,21150
Minyak Goreng Kemasan Bermerk 1,Minyak Goreng,varian,2026-04-30 00:00:00,21150
Minyak Goreng Kemasan Bermerk 1,Minyak Goreng,varian,2026-05-01 00:00:00,21150
Minyak Goreng Kemasan Bermerk 1,Minyak Goreng,varian,2026-05-04 00:00:00,21150
Minyak Goreng Kemasan Bermerk 1,Minyak Goreng,varian,2026-05-05 00:00:00,21150
Minyak Goreng Kemasan Bermerk 1,Minyak Goreng,varian,2026-05-06 00:00:00,21150
Minyak Goreng Kemasan Bermerk 1,Minyak Goreng,varian,2026-05-07 00:00:00,21150
Minyak Goreng Kemasan Bermerk 1,Minyak Goreng,varian,2026-05-08 00:00:00,21150
Minyak Goreng Kemasan Bermerk 1,Minyak Goreng,varian,2026-05-11 00:00:00,21150
Minyak Goreng Kemasan Bermerk 1,Minyak Goreng,varian,2026-05-12 00:00:00,21150
Minyak Goreng Kemasan Bermerk 1,Minyak Goreng,varian,2026-05-13 00:00:00,21150
Minyak Goreng Kemasan Bermerk 1,Minyak Goreng,varian,2026-05-14 00:00:00,21150
Minyak Goreng Kemasan Bermerk 1,Minyak Goreng,varian,2026-05-15 00:00:00,21150
Minyak Goreng Kemasan Bermerk 1,Minyak Goreng,varian,2026-05-18 00:00:00,21150
Minyak Goreng Kemasan Bermerk 1,Minyak Goreng,varian,2026-05-19 00:00:00,21150
Minyak Goreng Kemasan Bermerk 1,Minyak Goreng,varian,2026-05-20 00:00:00,21150
Minyak Goreng Kemasan Bermerk 1,Minyak Goreng,varian,2026-05-21 00:00:00,21150
Minyak Goreng Kemasan Bermerk 1,Minyak Goreng,varian,2026-05-22 00:00:00,21150
Minyak Goreng Kemasan Bermerk 1,Minyak Goreng,varian,2026-05-25 00:00:00,21150
Minyak Goreng Kemasan Bermerk 1,Minyak Goreng,varian,2026-05-26 00:00:00,21150
Minyak Goreng Kemasan Bermerk 1,Minyak Goreng,varian,2026-05-27 00:00:00,21150
Minyak Goreng Kemasan Bermerk 1,Minyak Goreng,varian,2026-05-28 00:00:00,21150
Minyak Goreng Kemasan Bermerk 1,Minyak Goreng,varian,2026-05-29 00:00:00,21150
Minyak Goreng Kemasan Bermerk 1,Minyak Goreng,varian,2026-06-01 00:00:00,21150
Minyak Goreng Kemasan Bermerk 1,Minyak Goreng,varian,2026-06-02 00:00:00,21400
Minyak Goreng Kemasan Bermerk 1,Minyak Goreng,varian,2026-06-03 00:00:00,21400
Minyak Goreng Kemasan Bermerk 1,Minyak Goreng,varian,2026-06-04 00:00:00,21400
Minyak Goreng Kemasan Bermerk 1,Minyak Goreng,varian,2026-06-05 00:00:00,21400
Minyak Goreng Kemasan Bermerk 1,Minyak Goreng,varian,2026-06-08 00:00:00,21400
Minyak Goreng Kemasan Bermerk 1,Minyak Goreng,varian,2026-06-09 00:00:00,21400
Minyak Goreng Kemasan Bermerk 1,Minyak Goreng,varian,2026-06-10 00:00:00,21400
Minyak Goreng Kemasan Bermerk 1,Minyak Goreng,varian,2026-06-11 00:00:00,21400
Minyak Goreng Kemasan Bermerk 1,Minyak Goreng,varian,2026-06-12 00:00:00,21400
Minyak Goreng Kemasan Bermerk 1,Minyak Goreng,varian,2026-06-15 00:00:00,21400
Minyak Goreng Kemasan Bermerk 1,Minyak Goreng,varian,2026-06-16 00:00:00,21400
Minyak Goreng Kemasan Bermerk 1,Minyak Goreng,varian,2026-06-17 00:00:00,21400
Minyak Goreng Kemasan Bermerk 1,Minyak Goreng,varian,2026-06-18 00:00:00,21400
Minyak Goreng Kemasan Bermerk 1,Minyak Goreng,varian,2026-06-19 00:00:00,22400
Minyak Goreng Kemasan Bermerk 1,Minyak Goreng,varian,2026-06-22 00:00:00,22400
Minyak Goreng Kemasan Bermerk 1,Minyak Goreng,varian,2026-06-23 00:00:00,22400
Minyak Goreng Kemasan Bermerk 1,Minyak Goreng,varian,2026-06-24 00:00:00,22400
Minyak Goreng Kemasan Bermerk 1,Minyak Goreng,varian,2026-06-25 00:00:00,22400
Minyak Goreng Kemasan Bermerk 1,Minyak Goreng,varian,2026-06-26 00:00:00,22400
Minyak Goreng Kemasan Bermerk 1,Minyak Goreng,varian,2026-06-29 00:00:00,22400
Minyak Goreng Kemasan Bermerk 1,Minyak Goreng,varian,2026-06-30 00:00:00,22400
Minyak Goreng Kemasan Bermerk 1,Minyak Goreng,varian,2026-07-01 00:00:00,22400
Minyak Goreng Kemasan Bermerk 1,Minyak Goreng,varian,2026-07-02 00:00:00,22400
Minyak Goreng Kemasan Bermerk 1,Minyak Goreng,varian,2026-07-03 00:00:00,22400
Minyak Goreng Kemasan Bermerk 1,Minyak Goreng,varian,2026-07-06 00:00:00,22400
Minyak Goreng Kemasan Bermerk 1,Minyak Goreng,varian,2026-07-07 00:00:00,22400
Minyak Goreng Kemasan Bermerk 1,Minyak Goreng,varian,2026-07-08 00:00:00,22400
Minyak Goreng Kemasan Bermerk 1,Minyak Goreng,varian,2026-07-09 00:00:00,22400
Minyak Goreng Kemasan Bermerk 1,Minyak Goreng,varian,2026-07-10 00:00:00,22400
Minyak Goreng Kemasan Bermerk 1,Minyak Goreng,varian,2026-07-13 00:00:00,22400
Minyak Goreng Kemasan Bermerk 1,Minyak Goreng,varian,2026-07-14 00:00:00,22400
Minyak Goreng Kemasan Bermerk 1,Minyak Goreng,varian,2026-07-15 00:00:00,22400
Minyak Goreng Kemasan Bermerk 1,Minyak Goreng,varian,2026-07-16 00:00:00,22400
Minyak Goreng Kemasan Bermerk 1,Minyak Goreng,varian,2026-07-17 00:00:00,22400
Minyak Goreng Kemasan Bermerk 1,Minyak Goreng,varian,2026-07-20 00:00:00,22400
Minyak Goreng Kemasan Bermerk 1,Minyak Goreng,varian,2026-07-21 00:00:00,22400
Minyak Goreng Kemasan Bermerk 1,Minyak Goreng,varian,2026-07-22 00:00:00,22400
Minyak Goreng Kemasan Bermerk 1,Minyak Goreng,varian,2026-07-23 00:00:00,22400
Minyak Goreng Kemasan Bermerk 1,Minyak Goreng,varian,2026-07-24 00:00:00,22400
Minyak Goreng Kemasan Bermerk 1,Minyak Goreng,varian,2026-07-27 00:00:00,22400
Minyak Goreng Kemasan Bermerk 1,Minyak Goreng,varian,2026-07-28 00:00:00,22650
Minyak Goreng Kemasan Bermerk 1,Minyak Goreng,varian,2026-07-29 00:00:00,22650
Minyak Goreng Kemasan Bermerk 1,Minyak Goreng,varian,2026-07-30 00:00:00,22650
Minyak Goreng Kemasan Bermerk 1,Minyak Goreng,varian,2026-07-31 00:00:00,22650
Minyak Goreng Kemasan Bermerk 1,Minyak Goreng,varian,2026-08-03 00:00:00,22650
Minyak Goreng Kemasan Bermerk 1,Minyak Goreng,varian,2026-08-04 00:00:00,22650
Minyak Goreng Kemasan Bermerk 1,Minyak Goreng,varian,2026-08-05 00:00:00,22650
Minyak Goreng Kemasan Bermerk 1,Minyak Goreng,varian,2026-08-06 00:00:00,22650
Minyak Goreng Kemasan Bermerk 1,Minyak Goreng,varian,2026-08-07 00:00:00,22650
Minyak Goreng Kemasan Bermerk 1,Minyak Goreng,varian,2026-08-10 00:00:00,22650
Minyak Goreng Kemasan Bermerk 1,Minyak Goreng,varian,2026-08-11 00:00:00,22650
Minyak Goreng Kemasan Bermerk 1,Minyak Goreng,varian,2026-08-12 00:00:00,23000
Minyak Goreng Kemasan Bermerk 1,Minyak Goreng,varian,2026-08-13 00:00:00,23000
Minyak Goreng Kemasan Bermerk 1,Minyak Goreng,varian,2026-08-14 00:00:00,23000
Minyak Goreng Kemasan Bermerk 1,Minyak Goreng,varian,2026-08-17 00:00:00,23000
Minyak Goreng Kemasan Bermerk 1,Minyak Goreng,varian,2026-08-18 00:00:00,23000
Minyak Goreng Kemasan Bermerk 1,Minyak Goreng,varian,2026-08-19 00:00:00,23000
Minyak Goreng Kemasan Bermerk 1,Minyak Goreng,varian,2026-08-20 00:00:00,23000
Minyak Goreng Kemasan Bermerk 1,Minyak Goreng,varian,2026-08-21 00:00:00,23000
Minyak Goreng Kemasan Bermerk 1,Minyak Goreng,varian,2026-08-24 00:00:00,23000
Minyak Goreng Kemasan Bermerk 1,Minyak Goreng,varian,2026-08-25 00:00:00,23000
Minyak Goreng Kemasan Bermerk 1,Minyak Goreng,varian,2026-08-26 00:00:00,23000
Minyak Goreng Kemasan Bermerk 1,Minyak Goreng,varian,2026-08-27 00:00:00,23000
Minyak Goreng Kemasan Bermerk 1,Minyak Goreng,varian,2026-08-28 00:00:00,23000
Minyak Goreng Kemasan Bermerk 1,Minyak Goreng,varian,2026-08-31 00:00:00,23000
Minyak Goreng Kemasan Bermerk 1,Minyak Goreng,varian,2026-09-01 00:00:00,23000
Minyak Goreng Kemasan Bermerk 1,Minyak Goreng,varian,2026-09-02 00:00:00,23000
Minyak Goreng Kemasan Bermerk 1,Minyak Goreng,varian,2026-09-03 00:00:00,23000
Minyak Goreng Kemasan Bermerk 1,Minyak Goreng,varian,2026-09-04 00:00:00,23000
Minyak Goreng Kemasan Bermerk 1,Minyak Goreng,varian,2026-09-07 00:00:00,23000
Minyak Goreng Kemasan Bermerk 1,Minyak Goreng,varian,2026-09-08 00:00:00,23000
Minyak Goreng Kemasan Bermerk 2,Minyak Goreng,varian,2025-01-01 00:00:00,18050
Minyak Goreng Kemasan Bermerk 2,Minyak Goreng,varian,2025-01-02 00:00:00,18050
Minyak Goreng Kemasan Bermerk 2,Minyak Goreng,varian,2025-01-03 00:00:00,18050
Minyak Goreng Kemasan Bermerk 2,Minyak Goreng,varian,2025-01-06 00:00:00,18050
Minyak Goreng Kemasan Bermerk 2,Minyak Goreng,varian,2025-01-07 00:00:00,18050
Minyak Goreng Kemasan Bermerk 2,Minyak Goreng,varian,2025-01-08 00:00:00,18050
Minyak Goreng Kemasan Bermerk 2,Minyak Goreng,varian,2025-01-09 00:00:00,18050
Minyak Goreng Kemasan Bermerk 2,Minyak Goreng,varian,2025-01-10 00:00:00,18050
Minyak Goreng Kemasan Bermerk 2,Minyak Goreng,varian,2025-01-13 00:00:00,18050
Minyak Goreng Kemasan Bermerk 2,Minyak Goreng,varian,2025-01-14 00:00:00,18050
Minyak Goreng Kemasan Bermerk 2,Minyak Goreng,varian,2025-01-15 00:00:00,17800
Minyak Goreng Kemasan Bermerk 2,Minyak Goreng,varian,2025-01-16 00:00:00,17800
Minyak Goreng Kemasan Bermerk 2,Minyak Goreng,varian,2025-01-17 00:00:00,17800
Minyak Goreng Kemasan Bermerk 2,Minyak Goreng,varian,2025-01-20 00:00:00,17800
Minyak Goreng Kemasan Bermerk 2,Minyak Goreng,varian,2025-01-21 00:00:00,17800
Minyak Goreng Kemasan Bermerk 2,Minyak Goreng,varian,2025-01-22 00:00:00,17800
Minyak Goreng Kemasan Bermerk 2,Minyak Goreng,varian,2025-01-23 00:00:00,17800
Minyak Goreng Kemasan Bermerk 2,Minyak Goreng,varian,2025-01-24 00:00:00,17800
Minyak Goreng Kemasan Bermerk 2,Minyak Goreng,varian,2025-01-27 00:00:00,17800
Minyak Goreng Kemasan Bermerk 2,Minyak Goreng,varian,2025-01-28 00:00:00,17800
Minyak Goreng Kemasan Bermerk 2,Minyak Goreng,varian,2025-01-29 00:00:00,17800
Minyak Goreng Kemasan Bermerk 2,Minyak Goreng,varian,2025-01-30 00:00:00,17800
Minyak Goreng Kemasan Bermerk 2,Minyak Goreng,varian,2025-01-31 00:00:00,17800
Minyak Goreng Kemasan Bermerk 2,Minyak Goreng,varian,2025-02-03 00:00:00,17800
Minyak Goreng Kemasan Bermerk 2,Minyak Goreng,varian,2025-02-04 00:00:00,17800
Minyak Goreng Kemasan Bermerk 2,Minyak Goreng,varian,2025-02-05 00:00:00,17500
Minyak Goreng Kemasan Bermerk 2,Minyak Goreng,varian,2025-02-06 00:00:00,17500
Minyak Goreng Kemasan Bermerk 2,Minyak Goreng,varian,2025-02-07 00:00:00,17500
Minyak Goreng Kemasan Bermerk 2,Minyak Goreng,varian,2025-02-10 00:00:00,18600
Minyak Goreng Kemasan Bermerk 2,Minyak Goreng,varian,2025-02-11 00:00:00,18650
Minyak Goreng Kemasan Bermerk 2,Minyak Goreng,varian,2025-02-12 00:00:00,18650
Minyak Goreng Kemasan Bermerk 2,Minyak Goreng,varian,2025-02-13 00:00:00,18650
Minyak Goreng Kemasan Bermerk 2,Minyak Goreng,varian,2025-02-14 00:00:00,18650
Minyak Goreng Kemasan Bermerk 2,Minyak Goreng,varian,2025-02-17 00:00:00,18650
Minyak Goreng Kemasan Bermerk 2,Minyak Goreng,varian,2025-02-18 00:00:00,18650
Minyak Goreng Kemasan Bermerk 2,Minyak Goreng,varian,2025-02-19 00:00:00,18650
Minyak Goreng Kemasan Bermerk 2,Minyak Goreng,varian,2025-02-20 00:00:00,18650
Minyak Goreng Kemasan Bermerk 2,Minyak Goreng,varian,2025-02-21 00:00:00,18650
Minyak Goreng Kemasan Bermerk 2,Minyak Goreng,varian,2025-02-24 00:00:00,18650
Minyak Goreng Kemasan Bermerk 2,Minyak Goreng,varian,2025-02-25 00:00:00,18650
Minyak Goreng Kemasan Bermerk 2,Minyak Goreng,varian,2025-02-26 00:00:00,18650
Minyak Goreng Kemasan Bermerk 2,Minyak Goreng,varian,2025-02-27 00:00:00,18650
Minyak Goreng Kemasan Bermerk 2,Minyak Goreng,varian,2025-02-28 00:00:00,18650
Minyak Goreng Kemasan Bermerk 2,Minyak Goreng,varian,2025-03-03 00:00:00,18650
Minyak Goreng Kemasan Bermerk 2,Minyak Goreng,varian,2025-03-04 00:00:00,18650
Minyak Goreng Kemasan Bermerk 2,Minyak Goreng,varian,2025-03-05 00:00:00,18650
Minyak Goreng Kemasan Bermerk 2,Minyak Goreng,varian,2025-03-06 00:00:00,18650
Minyak Goreng Kemasan Bermerk 2,Minyak Goreng,varian,2025-03-07 00:00:00,18650
Minyak Goreng Kemasan Bermerk 2,Minyak Goreng,varian,2025-03-10 00:00:00,18650
Minyak Goreng Kemasan Bermerk 2,Minyak Goreng,varian,2025-03-11 00:00:00,18650
Minyak Goreng Kemasan Bermerk 2,Minyak Goreng,varian,2025-03-12 00:00:00,18650
Minyak Goreng Kemasan Bermerk 2,Minyak Goreng,varian,2025-03-13 00:00:00,18650
Minyak Goreng Kemasan Bermerk 2,Minyak Goreng,varian,2025-03-14 00:00:00,18650
Minyak Goreng Kemasan Bermerk 2,Minyak Goreng,varian,2025-03-17 00:00:00,18650
Minyak Goreng Kemasan Bermerk 2,Minyak Goreng,varian,2025-03-18 00:00:00,18650
Minyak Goreng Kemasan Bermerk 2,Minyak Goreng,varian,2025-03-19 00:00:00,18650
Minyak Goreng Kemasan Bermerk 2,Minyak Goreng,varian,2025-03-20 00:00:00,18650
Minyak Goreng Kemasan Bermerk 2,Minyak Goreng,varian,2025-03-21 00:00:00,18650
Minyak Goreng Kemasan Bermerk 2,Minyak Goreng,varian,2025-03-24 00:00:00,18650
Minyak Goreng Kemasan Bermerk 2,Minyak Goreng,varian,2025-03-25 00:00:00,18650
Minyak Goreng Kemasan Bermerk 2,Minyak Goreng,varian,2025-03-26 00:00:00,18650
Minyak Goreng Kemasan Bermerk 2,Minyak Goreng,varian,2025-03-27 00:00:00,18650
Minyak Goreng Kemasan Bermerk 2,Minyak Goreng,varian,2025-03-28 00:00:00,18650
Minyak Goreng Kemasan Bermerk 2,Minyak Goreng,varian,2025-03-31 00:00:00,18650
Minyak Goreng Kemasan Bermerk 2,Minyak Goreng,varian,2025-04-01 00:00:00,18650
Minyak Goreng Kemasan Bermerk 2,Minyak Goreng,varian,2025-04-02 00:00:00,18650
Minyak Goreng Kemasan Bermerk 2,Minyak Goreng,varian,2025-04-03 00:00:00,18650
Minyak Goreng Kemasan Bermerk 2,Minyak Goreng,varian,2025-04-04 00:00:00,18650
Minyak Goreng Kemasan Bermerk 2,Minyak Goreng,varian,2025-04-07 00:00:00,18650
Minyak Goreng Kemasan Bermerk 2,Minyak Goreng,varian,2025-04-08 00:00:00,18650
Minyak Goreng Kemasan Bermerk 2,Minyak Goreng,varian,2025-04-09 00:00:00,18650
Minyak Goreng Kemasan Bermerk 2,Minyak Goreng,varian,2025-04-10 00:00:00,18650
Minyak Goreng Kemasan Bermerk 2,Minyak Goreng,varian,2025-04-11 00:00:00,18650
Minyak Goreng Kemasan Bermerk 2,Minyak Goreng,varian,2025-04-14 00:00:00,18900
Minyak Goreng Kemasan Bermerk 2,Minyak Goreng,varian,2025-04-15 00:00:00,18900
Minyak Goreng Kemasan Bermerk 2,Minyak Goreng,varian,2025-04-16 00:00:00,18900
Minyak Goreng Kemasan Bermerk 2,Minyak Goreng,varian,2025-04-17 00:00:00,18900
Minyak Goreng Kemasan Bermerk 2,Minyak Goreng,varian,2025-04-18 00:00:00,18900
Minyak Goreng Kemasan Bermerk 2,Minyak Goreng,varian,2025-04-21 00:00:00,18900
Minyak Goreng Kemasan Bermerk 2,Minyak Goreng,varian,2025-04-22 00:00:00,18900
Minyak Goreng Kemasan Bermerk 2,Minyak Goreng,varian,2025-04-23 00:00:00,18900
Minyak Goreng Kemasan Bermerk 2,Minyak Goreng,varian,2025-04-24 00:00:00,18900
Minyak Goreng Kemasan Bermerk 2,Minyak Goreng,varian,2025-04-25 00:00:00,18900
Minyak Goreng Kemasan Bermerk 2,Minyak Goreng,varian,2025-04-28 00:00:00,18900
Minyak Goreng Kemasan Bermerk 2,Minyak Goreng,varian,2025-04-29 00:00:00,18900
Minyak Goreng Kemasan Bermerk 2,Minyak Goreng,varian,2025-04-30 00:00:00,18900
Minyak Goreng Kemasan Bermerk 2,Minyak Goreng,varian,2025-05-01 00:00:00,18900
Minyak Goreng Kemasan Bermerk 2,Minyak Goreng,varian,2025-05-02 00:00:00,18900
Minyak Goreng Kemasan Bermerk 2,Minyak Goreng,varian,2025-05-05 00:00:00,18900
Minyak Goreng Kemasan Bermerk 2,Minyak Goreng,varian,2025-05-06 00:00:00,18900
Minyak Goreng Kemasan Bermerk 2,Minyak Goreng,varian,2025-05-07 00:00:00,18900
Minyak Goreng Kemasan Bermerk 2,Minyak Goreng,varian,2025-05-08 00:00:00,18900
Minyak Goreng Kemasan Bermerk 2,Minyak Goreng,varian,2025-05-09 00:00:00,18900
Minyak Goreng Kemasan Bermerk 2,Minyak Goreng,varian,2025-05-12 00:00:00,18900
Minyak Goreng Kemasan Bermerk 2,Minyak Goreng,varian,2025-05-13 00:00:00,18900
Minyak Goreng Kemasan Bermerk 2,Minyak Goreng,varian,2025-05-14 00:00:00,18900
Minyak Goreng Kemasan Bermerk 2,Minyak Goreng,varian,2025-05-15 00:00:00,18900
Minyak Goreng Kemasan Bermerk 2,Minyak Goreng,varian,2025-05-16 00:00:00,18900
Minyak Goreng Kemasan Bermerk 2,Minyak Goreng,varian,2025-05-19 00:00:00,18900
Minyak Goreng Kemasan Bermerk 2,Minyak Goreng,varian,2025-05-20 00:00:00,18900
Minyak Goreng Kemasan Bermerk 2,Minyak Goreng,varian,2025-05-21 00:00:00,18900
Minyak Goreng Kemasan Bermerk 2,Minyak Goreng,varian,2025-05-22 00:00:00,18900
Minyak Goreng Kemasan Bermerk 2,Minyak Goreng,varian,2025-05-23 00:00:00,18900
Minyak Goreng Kemasan Bermerk 2,Minyak Goreng,varian,2025-05-26 00:00:00,18900
Minyak Goreng Kemasan Bermerk 2,Minyak Goreng,varian,2025-05-27 00:00:00,18900
Minyak Goreng Kemasan Bermerk 2,Minyak Goreng,varian,2025-05-28 00:00:00,18900
Minyak Goreng Kemasan Bermerk 2,Minyak Goreng,varian,2025-05-29 00:00:00,18900
Minyak Goreng Kemasan Bermerk 2,Minyak Goreng,varian,2025-05-30 00:00:00,18900
Minyak Goreng Kemasan Bermerk 2,Minyak Goreng,varian,2025-06-02 00:00:00,18900
Minyak Goreng Kemasan Bermerk 2,Minyak Goreng,varian,2025-06-03 00:00:00,18900
Minyak Goreng Kemasan Bermerk 2,Minyak Goreng,varian,2025-06-04 00:00:00,18900
Minyak Goreng Kemasan Bermerk 2,Minyak Goreng,varian,2025-06-05 00:00:00,18900
Minyak Goreng Kemasan Bermerk 2,Minyak Goreng,varian,2025-06-06 00:00:00,18900
Minyak Goreng Kemasan Bermerk 2,Minyak Goreng,varian,2025-06-09 00:00:00,18900
Minyak Goreng Kemasan Bermerk 2,Minyak Goreng,varian,2025-06-10 00:00:00,18900
Minyak Goreng Kemasan Bermerk 2,Minyak Goreng,varian,2025-06-11 00:00:00,18900
Minyak Goreng Kemasan Bermerk 2,Minyak Goreng,varian,2025-06-12 00:00:00,18900
Minyak Goreng Kemasan Bermerk 2,Minyak Goreng,varian,2025-06-13 00:00:00,18900
Minyak Goreng Kemasan Bermerk 2,Minyak Goreng,varian,2025-06-16 00:00:00,18900
Minyak Goreng Kemasan Bermerk 2,Minyak Goreng,varian,2025-06-17 00:00:00,18900
Minyak Goreng Kemasan Bermerk 2,Minyak Goreng,varian,2025-06-18 00:00:00,18900
Minyak Goreng Kemasan Bermerk 2,Minyak Goreng,varian,2025-06-19 00:00:00,18900
Minyak Goreng Kemasan Bermerk 2,Minyak Goreng,varian,2025-06-20 00:00:00,18900
Minyak Goreng Kemasan Bermerk 2,Minyak Goreng,varian,2025-06-23 00:00:00,18900
Minyak Goreng Kemasan Bermerk 2,Minyak Goreng,varian,2025-06-24 00:00:00,18900
Minyak Goreng Kemasan Bermerk 2,Minyak Goreng,varian,2025-06-25 00:00:00,18900
Minyak Goreng Kemasan Bermerk 2,Minyak Goreng,varian,2025-06-26 00:00:00,18900
Minyak Goreng Kemasan Bermerk 2,Minyak Goreng,varian,2025-06-27 00:00:00,18900
Minyak Goreng Kemasan Bermerk 2,Minyak Goreng,varian,2025-06-30 00:00:00,18900
Minyak Goreng Kemasan Bermerk 2,Minyak Goreng,varian,2025-07-01 00:00:00,18900
Minyak Goreng Kemasan Bermerk 2,Minyak Goreng,varian,2025-07-02 00:00:00,18900
Minyak Goreng Kemasan Bermerk 2,Minyak Goreng,varian,2025-07-03 00:00:00,18900
Minyak Goreng Kemasan Bermerk 2,Minyak Goreng,varian,2025-07-04 00:00:00,18900
Minyak Goreng Kemasan Bermerk 2,Minyak Goreng,varian,2025-07-07 00:00:00,18900
Minyak Goreng Kemasan Bermerk 2,Minyak Goreng,varian,2025-07-08 00:00:00,18900
Minyak Goreng Kemasan Bermerk 2,Minyak Goreng,varian,2025-07-09 00:00:00,18900
Minyak Goreng Kemasan Bermerk 2,Minyak Goreng,varian,2025-07-10 00:00:00,18900
Minyak Goreng Kemasan Bermerk 2,Minyak Goreng,varian,2025-07-11 00:00:00,18900
Minyak Goreng Kemasan Bermerk 2,Minyak Goreng,varian,2025-07-14 00:00:00,18900
Minyak Goreng Kemasan Bermerk 2,Minyak Goreng,varian,2025-07-15 00:00:00,18900
Minyak Goreng Kemasan Bermerk 2,Minyak Goreng,varian,2025-07-16 00:00:00,18900
Minyak Goreng Kemasan Bermerk 2,Minyak Goreng,varian,2025-07-17 00:00:00,18900
Minyak Goreng Kemasan Bermerk 2,Minyak Goreng,varian,2025-07-18 00:00:00,18900
Minyak Goreng Kemasan Bermerk 2,Minyak Goreng,varian,2025-07-21 00:00:00,18900
Minyak Goreng Kemasan Bermerk 2,Minyak Goreng,varian,2025-07-22 00:00:00,18900
Minyak Goreng Kemasan Bermerk 2,Minyak Goreng,varian,2025-07-23 00:00:00,18900
Minyak Goreng Kemasan Bermerk 2,Minyak Goreng,varian,2025-07-24 00:00:00,18900
Minyak Goreng Kemasan Bermerk 2,Minyak Goreng,varian,2025-07-25 00:00:00,18900
Minyak Goreng Kemasan Bermerk 2,Minyak Goreng,varian,2025-07-28 00:00:00,18900
Minyak Goreng Kemasan Bermerk 2,Minyak Goreng,varian,2025-07-29 00:00:00,18900
Minyak Goreng Kemasan Bermerk 2,Minyak Goreng,varian,2025-07-30 00:00:00,18900
Minyak Goreng Kemasan Bermerk 2,Minyak Goreng,varian,2025-07-31 00:00:00,18900
Minyak Goreng Kemasan Bermerk 2,Minyak Goreng,varian,2025-08-01 00:00:00,18900
Minyak Goreng Kemasan Bermerk 2,Minyak Goreng,varian,2025-08-04 00:00:00,18900
Minyak Goreng Kemasan Bermerk 2,Minyak Goreng,varian,2025-08-05 00:00:00,18900
Minyak Goreng Kemasan Bermerk 2,Minyak Goreng,varian,2025-08-06 00:00:00,18900
Minyak Goreng Kemasan Bermerk 2,Minyak Goreng,varian,2025-08-07 00:00:00,18900
Minyak Goreng Kemasan Bermerk 2,Minyak Goreng,varian,2025-08-08 00:00:00,18900
Minyak Goreng Kemasan Bermerk 2,Minyak Goreng,varian,2025-08-11 00:00:00,18900
Minyak Goreng Kemasan Bermerk 2,Minyak Goreng,varian,2025-08-12 00:00:00,18900
Minyak Goreng Kemasan Bermerk 2,Minyak Goreng,varian,2025-08-13 00:00:00,18900
Minyak Goreng Kemasan Bermerk 2,Minyak Goreng,varian,2025-08-14 00:00:00,18900
Minyak Goreng Kemasan Bermerk 2,Minyak Goreng,varian,2025-08-15 00:00:00,19150
Minyak Goreng Kemasan Bermerk 2,Minyak Goreng,varian,2025-08-18 00:00:00,19150
Minyak Goreng Kemasan Bermerk 2,Minyak Goreng,varian,2025-08-19 00:00:00,19150
Minyak Goreng Kemasan Bermerk 2,Minyak Goreng,varian,2025-08-20 00:00:00,19150
Minyak Goreng Kemasan Bermerk 2,Minyak Goreng,varian,2025-08-21 00:00:00,19150
Minyak Goreng Kemasan Bermerk 2,Minyak Goreng,varian,2025-08-22 00:00:00,19150
Minyak Goreng Kemasan Bermerk 2,Minyak Goreng,varian,2025-08-25 00:00:00,19150
Minyak Goreng Kemasan Bermerk 2,Minyak Goreng,varian,2025-08-26 00:00:00,19150
Minyak Goreng Kemasan Bermerk 2,Minyak Goreng,varian,2025-08-27 00:00:00,19150
Minyak Goreng Kemasan Bermerk 2,Minyak Goreng,varian,2025-08-28 00:00:00,19150
Minyak Goreng Kemasan Bermerk 2,Minyak Goreng,varian,2025-08-29 00:00:00,19150
Minyak Goreng Kemasan Bermerk 2,Minyak Goreng,varian,2025-09-01 00:00:00,19150
Minyak Goreng Kemasan Bermerk 2,Minyak Goreng,varian,2025-09-02 00:00:00,19150
Minyak Goreng Kemasan Bermerk 2,Minyak Goreng,varian,2025-09-03 00:00:00,19150
Minyak Goreng Kemasan Bermerk 2,Minyak Goreng,varian,2025-09-04 00:00:00,19150
Minyak Goreng Kemasan Bermerk 2,Minyak Goreng,varian,2025-09-05 00:00:00,19150
Minyak Goreng Kemasan Bermerk 2,Minyak Goreng,varian,2025-09-08 00:00:00,19150
Minyak Goreng Kemasan Bermerk 2,Minyak Goreng,varian,2025-09-09 00:00:00,19150
Minyak Goreng Kemasan Bermerk 2,Minyak Goreng,varian,2025-09-10 00:00:00,19150
Minyak Goreng Kemasan Bermerk 2,Minyak Goreng,varian,2025-09-11 00:00:00,19150
Minyak Goreng Kemasan Bermerk 2,Minyak Goreng,varian,2025-09-12 00:00:00,19150
Minyak Goreng Kemasan Bermerk 2,Minyak Goreng,varian,2025-09-15 00:00:00,19150
Minyak Goreng Kemasan Bermerk 2,Minyak Goreng,varian,2025-09-16 00:00:00,19150
Minyak Goreng Kemasan Bermerk 2,Minyak Goreng,varian,2025-09-17 00:00:00,19150
Minyak Goreng Kemasan Bermerk 2,Minyak Goreng,varian,2025-09-18 00:00:00,19150
Minyak Goreng Kemasan Bermerk 2,Minyak Goreng,varian,2025-09-19 00:00:00,19150
Minyak Goreng Kemasan Bermerk 2,Minyak Goreng,varian,2025-09-22 00:00:00,19150
Minyak Goreng Kemasan Bermerk 2,Minyak Goreng,varian,2025-09-23 00:00:00,19150
Minyak Goreng Kemasan Bermerk 2,Minyak Goreng,varian,2025-09-24 00:00:00,19150
Minyak Goreng Kemasan Bermerk 2,Minyak Goreng,varian,2025-09-25 00:00:00,19150
Minyak Goreng Kemasan Bermerk 2,Minyak Goreng,varian,2025-09-26 00:00:00,19150
Minyak Goreng Kemasan Bermerk 2,Minyak Goreng,varian,2025-09-29 00:00:00,19150
Minyak Goreng Kemasan Bermerk 2,Minyak Goreng,varian,2025-09-30 00:00:00,19150
Minyak Goreng Kemasan Bermerk 2,Minyak Goreng,varian,2025-10-01 00:00:00,19150
Minyak Goreng Kemasan Bermerk 2,Minyak Goreng,varian,2025-10-02 00:00:00,19150
Minyak Goreng Kemasan Bermerk 2,Minyak Goreng,varian,2025-10-03 00:00:00,19150
Minyak Goreng Kemasan Bermerk 2,Minyak Goreng,varian,2025-10-06 00:00:00,19150
Minyak Goreng Kemasan Bermerk 2,Minyak Goreng,varian,2025-10-07 00:00:00,19150
Minyak Goreng Kemasan Bermerk 2,Minyak Goreng,varian,2025-10-08 00:00:00,19150
Minyak Goreng Kemasan Bermerk 2,Minyak Goreng,varian,2025-10-09 00:00:00,19150
Minyak Goreng Kemasan Bermerk 2,Minyak Goreng,varian,2025-10-10 00:00:00,19150
Minyak Goreng Kemasan Bermerk 2,Minyak Goreng,varian,2025-10-13 00:00:00,19150
Minyak Goreng Kemasan Bermerk 2,Minyak Goreng,varian,2025-10-14 00:00:00,19150
Minyak Goreng Kemasan Bermerk 2,Minyak Goreng,varian,2025-10-15 00:00:00,19150
Minyak Goreng Kemasan Bermerk 2,Minyak Goreng,varian,2025-10-16 00:00:00,19150
Minyak Goreng Kemasan Bermerk 2,Minyak Goreng,varian,2025-10-17 00:00:00,19150
Minyak Goreng Kemasan Bermerk 2,Minyak Goreng,varian,2025-10-20 00:00:00,19150
Minyak Goreng Kemasan Bermerk 2,Minyak Goreng,varian,2025-10-21 00:00:00,20000
Minyak Goreng Kemasan Bermerk 2,Minyak Goreng,varian,2025-10-22 00:00:00,20000
Minyak Goreng Kemasan Bermerk 2,Minyak Goreng,varian,2025-10-23 00:00:00,20000
Minyak Goreng Kemasan Bermerk 2,Minyak Goreng,varian,2025-10-24 00:00:00,20000
Minyak Goreng Kemasan Bermerk 2,Minyak Goreng,varian,2025-10-27 00:00:00,20000
Minyak Goreng Kemasan Bermerk 2,Minyak Goreng,varian,2025-10-28 00:00:00,20000
Minyak Goreng Kemasan Bermerk 2,Minyak Goreng,varian,2025-10-29 00:00:00,20000
Minyak Goreng Kemasan Bermerk 2,Minyak Goreng,varian,2025-10-30 00:00:00,20000
Minyak Goreng Kemasan Bermerk 2,Minyak Goreng,varian,2025-10-31 00:00:00,20000
Minyak Goreng Kemasan Bermerk 2,Minyak Goreng,varian,2025-11-03 00:00:00,20000
Minyak Goreng Kemasan Bermerk 2,Minyak Goreng,varian,2025-11-04 00:00:00,20000
Minyak Goreng Kemasan Bermerk 2,Minyak Goreng,varian,2025-11-05 00:00:00,20000
Minyak Goreng Kemasan Bermerk 2,Minyak Goreng,varian,2025-11-06 00:00:00,20000
Minyak Goreng Kemasan Bermerk 2,Minyak Goreng,varian,2025-11-07 00:00:00,20000
Minyak Goreng Kemasan Bermerk 2,Minyak Goreng,varian,2025-11-10 00:00:00,20000
Minyak Goreng Kemasan Bermerk 2,Minyak Goreng,varian,2025-11-11 00:00:00,20000
Minyak Goreng Kemasan Bermerk 2,Minyak Goreng,varian,2025-11-12 00:00:00,20000
Minyak Goreng Kemasan Bermerk 2,Minyak Goreng,varian,2025-11-13 00:00:00,20000
Minyak Goreng Kemasan Bermerk 2,Minyak Goreng,varian,2025-11-14 00:00:00,20000
Minyak Goreng Kemasan Bermerk 2,Minyak Goreng,varian,2025-11-17 00:00:00,20000
Minyak Goreng Kemasan Bermerk 2,Minyak Goreng,varian,2025-11-18 00:00:00,20000
Minyak Goreng Kemasan Bermerk 2,Minyak Goreng,varian,2025-11-19 00:00:00,20000
Minyak Goreng Kemasan Bermerk 2,Minyak Goreng,varian,2025-11-20 00:00:00,20000
Minyak Goreng Kemasan Bermerk 2,Minyak Goreng,varian,2025-11-21 00:00:00,20000
Minyak Goreng Kemasan Bermerk 2,Minyak Goreng,varian,2025-11-24 00:00:00,20000
Minyak Goreng Kemasan Bermerk 2,Minyak Goreng,varian,2025-11-25 00:00:00,20000
Minyak Goreng Kemasan Bermerk 2,Minyak Goreng,varian,2025-11-26 00:00:00,20000
Minyak Goreng Kemasan Bermerk 2,Minyak Goreng,varian,2025-11-27 00:00:00,20000
Minyak Goreng Kemasan Bermerk 2,Minyak Goreng,varian,2025-11-28 00:00:00,20000
Minyak Goreng Kemasan Bermerk 2,Minyak Goreng,varian,2025-12-01 00:00:00,20000
Minyak Goreng Kemasan Bermerk 2,Minyak Goreng,varian,2025-12-02 00:00:00,20000
Minyak Goreng Kemasan Bermerk 2,Minyak Goreng,varian,2025-12-03 00:00:00,20000
Minyak Goreng Kemasan Bermerk 2,Minyak Goreng,varian,2025-12-04 00:00:00,20000
Minyak Goreng Kemasan Bermerk 2,Minyak Goreng,varian,2025-12-05 00:00:00,20000
Minyak Goreng Kemasan Bermerk 2,Minyak Goreng,varian,2025-12-08 00:00:00,20000
Minyak Goreng Kemasan Bermerk 2,Minyak Goreng,varian,2025-12-09 00:00:00,20000
Minyak Goreng Kemasan Bermerk 2,Minyak Goreng,varian,2025-12-10 00:00:00,20000
Minyak Goreng Kemasan Bermerk 2,Minyak Goreng,varian,2025-12-11 00:00:00,20000
Minyak Goreng Kemasan Bermerk 2,Minyak Goreng,varian,2025-12-12 00:00:00,20000
Minyak Goreng Kemasan Bermerk 2,Minyak Goreng,varian,2025-12-15 00:00:00,20000
Minyak Goreng Kemasan Bermerk 2,Minyak Goreng,varian,2025-12-16 00:00:00,20000
Minyak Goreng Kemasan Bermerk 2,Minyak Goreng,varian,2025-12-17 00:00:00,20000
Minyak Goreng Kemasan Bermerk 2,Minyak Goreng,varian,2025-12-18 00:00:00,20000
Minyak Goreng Kemasan Bermerk 2,Minyak Goreng,varian,2025-12-19 00:00:00,20000
Minyak Goreng Kemasan Bermerk 2,Minyak Goreng,varian,2025-12-22 00:00:00,20000
Minyak Goreng Kemasan Bermerk 2,Minyak Goreng,varian,2025-12-23 00:00:00,20000
Minyak Goreng Kemasan Bermerk 2,Minyak Goreng,varian,2025-12-24 00:00:00,20000
Minyak Goreng Kemasan Bermerk 2,Minyak Goreng,varian,2025-12-25 00:00:00,20000
Minyak Goreng Kemasan Bermerk 2,Minyak Goreng,varian,2025-12-26 00:00:00,20000
Minyak Goreng Kemasan Bermerk 2,Minyak Goreng,varian,2025-12-29 00:00:00,20000
Minyak Goreng Kemasan Bermerk 2,Minyak Goreng,varian,2025-12-30 00:00:00,20000
Minyak Goreng Kemasan Bermerk 2,Minyak Goreng,varian,2025-12-31 00:00:00,20000
Minyak Goreng Kemasan Bermerk 2,Minyak Goreng,varian,2026-01-01 00:00:00,20000
Minyak Goreng Kemasan Bermerk 2,Minyak Goreng,varian,2026-01-02 00:00:00,20000
Minyak Goreng Kemasan Bermerk 2,Minyak Goreng,varian,2026-01-05 00:00:00,20000
Minyak Goreng Kemasan Bermerk 2,Minyak Goreng,varian,2026-01-06 00:00:00,20000
Minyak Goreng Kemasan Bermerk 2,Minyak Goreng,varian,2026-01-07 00:00:00,20000
Minyak Goreng Kemasan Bermerk 2,Minyak Goreng,varian,2026-01-08 00:00:00,20000
Minyak Goreng Kemasan Bermerk 2,Minyak Goreng,varian,2026-01-09 00:00:00,20000
Minyak Goreng Kemasan Bermerk 2,Minyak Goreng,varian,2026-01-12 00:00:00,20000
Minyak Goreng Kemasan Bermerk 2,Minyak Goreng,varian,2026-01-13 00:00:00,20000
Minyak Goreng Kemasan Bermerk 2,Minyak Goreng,varian,2026-01-14 00:00:00,20000
Minyak Goreng Kemasan Bermerk 2,Minyak Goreng,varian,2026-01-15 00:00:00,20000
Minyak Goreng Kemasan Bermerk 2,Minyak Goreng,varian,2026-01-16 00:00:00,20000
Minyak Goreng Kemasan Bermerk 2,Minyak Goreng,varian,2026-01-19 00:00:00,20000
Minyak Goreng Kemasan Bermerk 2,Minyak Goreng,varian,2026-01-20 00:00:00,20000
Minyak Goreng Kemasan Bermerk 2,Minyak Goreng,varian,2026-01-21 00:00:00,20000
Minyak Goreng Kemasan Bermerk 2,Minyak Goreng,varian,2026-01-22 00:00:00,20000
Minyak Goreng Kemasan Bermerk 2,Minyak Goreng,varian,2026-01-23 00:00:00,20000
Minyak Goreng Kemasan Bermerk 2,Minyak Goreng,varian,2026-01-26 00:00:00,20000
Minyak Goreng Kemasan Bermerk 2,Minyak Goreng,varian,2026-01-27 00:00:00,20000
Minyak Goreng Kemasan Bermerk 2,Minyak Goreng,varian,2026-01-28 00:00:00,20000
Minyak Goreng Kemasan Bermerk 2,Minyak Goreng,varian,2026-01-29 00:00:00,20000
Minyak Goreng Kemasan Bermerk 2,Minyak Goreng,varian,2026-01-30 00:00:00,20000
Minyak Goreng Kemasan Bermerk 2,Minyak Goreng,varian,2026-02-02 00:00:00,20000
Minyak Goreng Kemasan Bermerk 2,Minyak Goreng,varian,2026-02-03 00:00:00,20000
Minyak Goreng Kemasan Bermerk 2,Minyak Goreng,varian,2026-02-04 00:00:00,20000
Minyak Goreng Kemasan Bermerk 2,Minyak Goreng,varian,2026-02-05 00:00:00,20000
Minyak Goreng Kemasan Bermerk 2,Minyak Goreng,varian,2026-02-06 00:00:00,20000
Minyak Goreng Kemasan Bermerk 2,Minyak Goreng,varian,2026-02-09 00:00:00,20000
Minyak Goreng Kemasan Bermerk 2,Minyak Goreng,varian,2026-02-10 00:00:00,20000
Minyak Goreng Kemasan Bermerk 2,Minyak Goreng,varian,2026-02-11 00:00:00,20000
Minyak Goreng Kemasan Bermerk 2,Minyak Goreng,varian,2026-02-12 00:00:00,20000
Minyak Goreng Kemasan Bermerk 2,Minyak Goreng,varian,2026-02-13 00:00:00,20000
Minyak Goreng Kemasan Bermerk 2,Minyak Goreng,varian,2026-02-16 00:00:00,20000
Minyak Goreng Kemasan Bermerk 2,Minyak Goreng,varian,2026-02-17 00:00:00,20000
Minyak Goreng Kemasan Bermerk 2,Minyak Goreng,varian,2026-02-18 00:00:00,20000
Minyak Goreng Kemasan Bermerk 2,Minyak Goreng,varian,2026-02-19 00:00:00,20000
Minyak Goreng Kemasan Bermerk 2,Minyak Goreng,varian,2026-02-20 00:00:00,20000
Minyak Goreng Kemasan Bermerk 2,Minyak Goreng,varian,2026-02-23 00:00:00,19750
Minyak Goreng Kemasan Bermerk 2,Minyak Goreng,varian,2026-02-24 00:00:00,19750
Minyak Goreng Kemasan Bermerk 2,Minyak Goreng,varian,2026-02-25 00:00:00,19750
Minyak Goreng Kemasan Bermerk 2,Minyak Goreng,varian,2026-02-26 00:00:00,19750
Minyak Goreng Kemasan Bermerk 2,Minyak Goreng,varian,2026-02-27 00:00:00,19750
Minyak Goreng Kemasan Bermerk 2,Minyak Goreng,varian,2026-03-02 00:00:00,19750
Minyak Goreng Kemasan Bermerk 2,Minyak Goreng,varian,2026-03-03 00:00:00,19750
Minyak Goreng Kemasan Bermerk 2,Minyak Goreng,varian,2026-03-04 00:00:00,19750
Minyak Goreng Kemasan Bermerk 2,Minyak Goreng,varian,2026-03-05 00:00:00,19750
Minyak Goreng Kemasan Bermerk 2,Minyak Goreng,varian,2026-03-06 00:00:00,19750
Minyak Goreng Kemasan Bermerk 2,Minyak Goreng,varian,2026-03-09 00:00:00,19750
Minyak Goreng Kemasan Bermerk 2,Minyak Goreng,varian,2026-03-10 00:00:00,19500
Minyak Goreng Kemasan Bermerk 2,Minyak Goreng,varian,2026-03-11 00:00:00,19500
Minyak Goreng Kemasan Bermerk 2,Minyak Goreng,varian,2026-03-12 00:00:00,19500
Minyak Goreng Kemasan Bermerk 2,Minyak Goreng,varian,2026-03-13 00:00:00,19500
Minyak Goreng Kemasan Bermerk 2,Minyak Goreng,varian,2026-03-16 00:00:00,19500
Minyak Goreng Kemasan Bermerk 2,Minyak Goreng,varian,2026-03-17 00:00:00,19500
Minyak Goreng Kemasan Bermerk 2,Minyak Goreng,varian,2026-03-18 00:00:00,19500
Minyak Goreng Kemasan Bermerk 2,Minyak Goreng,varian,2026-03-19 00:00:00,19500
Minyak Goreng Kemasan Bermerk 2,Minyak Goreng,varian,2026-03-20 00:00:00,19500
Minyak Goreng Kemasan Bermerk 2,Minyak Goreng,varian,2026-03-23 00:00:00,19500
Minyak Goreng Kemasan Bermerk 2,Minyak Goreng,varian,2026-03-24 00:00:00,19500
Minyak Goreng Kemasan Bermerk 2,Minyak Goreng,varian,2026-03-25 00:00:00,19500
Minyak Goreng Kemasan Bermerk 2,Minyak Goreng,varian,2026-03-26 00:00:00,19500
Minyak Goreng Kemasan Bermerk 2,Minyak Goreng,varian,2026-03-27 00:00:00,19500
Minyak Goreng Kemasan Bermerk 2,Minyak Goreng,varian,2026-03-30 00:00:00,19500
Minyak Goreng Kemasan Bermerk 2,Minyak Goreng,varian,2026-03-31 00:00:00,19500
Minyak Goreng Kemasan Bermerk 2,Minyak Goreng,varian,2026-04-01 00:00:00,19500
Minyak Goreng Kemasan Bermerk 2,Minyak Goreng,varian,2026-04-02 00:00:00,19500
Minyak Goreng Kemasan Bermerk 2,Minyak Goreng,varian,2026-04-03 00:00:00,19500
Minyak Goreng Kemasan Bermerk 2,Minyak Goreng,varian,2026-04-06 00:00:00,19500
Minyak Goreng Kemasan Bermerk 2,Minyak Goreng,varian,2026-04-07 00:00:00,19500
Minyak Goreng Kemasan Bermerk 2,Minyak Goreng,varian,2026-04-08 00:00:00,19500
Minyak Goreng Kemasan Bermerk 2,Minyak Goreng,varian,2026-04-09 00:00:00,19500
Minyak Goreng Kemasan Bermerk 2,Minyak Goreng,varian,2026-04-10 00:00:00,19500
Minyak Goreng Kemasan Bermerk 2,Minyak Goreng,varian,2026-04-13 00:00:00,19500
Minyak Goreng Kemasan Bermerk 2,Minyak Goreng,varian,2026-04-14 00:00:00,19500
Minyak Goreng Kemasan Bermerk 2,Minyak Goreng,varian,2026-04-15 00:00:00,19500
Minyak Goreng Kemasan Bermerk 2,Minyak Goreng,varian,2026-04-16 00:00:00,19500
Minyak Goreng Kemasan Bermerk 2,Minyak Goreng,varian,2026-04-17 00:00:00,19500
Minyak Goreng Kemasan Bermerk 2,Minyak Goreng,varian,2026-04-20 00:00:00,19500
Minyak Goreng Kemasan Bermerk 2,Minyak Goreng,varian,2026-04-21 00:00:00,19500
Minyak Goreng Kemasan Bermerk 2,Minyak Goreng,varian,2026-04-22 00:00:00,19500
Minyak Goreng Kemasan Bermerk 2,Minyak Goreng,varian,2026-04-23 00:00:00,19500
Minyak Goreng Kemasan Bermerk 2,Minyak Goreng,varian,2026-04-24 00:00:00,19500
Minyak Goreng Kemasan Bermerk 2,Minyak Goreng,varian,2026-04-27 00:00:00,19500
Minyak Goreng Kemasan Bermerk 2,Minyak Goreng,varian,2026-04-28 00:00:00,19500
Minyak Goreng Kemasan Bermerk 2,Minyak Goreng,varian,2026-04-29 00:00:00,19500
Minyak Goreng Kemasan Bermerk 2,Minyak Goreng,varian,2026-04-30 00:00:00,19500
Minyak Goreng Kemasan Bermerk 2,Minyak Goreng,varian,2026-05-01 00:00:00,19500
Minyak Goreng Kemasan Bermerk 2,Minyak Goreng,varian,2026-05-04 00:00:00,19500
Minyak Goreng Kemasan Bermerk 2,Minyak Goreng,varian,2026-05-05 00:00:00,19500
Minyak Goreng Kemasan Bermerk 2,Minyak Goreng,varian,2026-05-06 00:00:00,19500
Minyak Goreng Kemasan Bermerk 2,Minyak Goreng,varian,2026-05-07 00:00:00,19500
Minyak Goreng Kemasan Bermerk 2,Minyak Goreng,varian,2026-05-08 00:00:00,19500
Minyak Goreng Kemasan Bermerk 2,Minyak Goreng,varian,2026-05-11 00:00:00,19500
Minyak Goreng Kemasan Bermerk 2,Minyak Goreng,varian,2026-05-12 00:00:00,19500
Minyak Goreng Kemasan Bermerk 2,Minyak Goreng,varian,2026-05-13 00:00:00,19500
Minyak Goreng Kemasan Bermerk 2,Minyak Goreng,varian,2026-05-14 00:00:00,19500
Minyak Goreng Kemasan Bermerk 2,Minyak Goreng,varian,2026-05-15 00:00:00,19500
Minyak Goreng Kemasan Bermerk 2,Minyak Goreng,varian,2026-05-18 00:00:00,19500
Minyak Goreng Kemasan Bermerk 2,Minyak Goreng,varian,2026-05-19 00:00:00,19500
Minyak Goreng Kemasan Bermerk 2,Minyak Goreng,varian,2026-05-20 00:00:00,19500
Minyak Goreng Kemasan Bermerk 2,Minyak Goreng,varian,2026-05-21 00:00:00,19500
Minyak Goreng Kemasan Bermerk 2,Minyak Goreng,varian,2026-05-22 00:00:00,20150
Minyak Goreng Kemasan Bermerk 2,Minyak Goreng,varian,2026-05-25 00:00:00,20150
Minyak Goreng Kemasan Bermerk 2,Minyak Goreng,varian,2026-05-26 00:00:00,20150
Minyak Goreng Kemasan Bermerk 2,Minyak Goreng,varian,2026-05-27 00:00:00,20150
Minyak Goreng Kemasan Bermerk 2,Minyak Goreng,varian,2026-05-28 00:00:00,20150
Minyak Goreng Kemasan Bermerk 2,Minyak Goreng,varian,2026-05-29 00:00:00,20150
Minyak Goreng Kemasan Bermerk 2,Minyak Goreng,varian,2026-06-01 00:00:00,20150
Minyak Goreng Kemasan Bermerk 2,Minyak Goreng,varian,2026-06-02 00:00:00,20150
Minyak Goreng Kemasan Bermerk 2,Minyak Goreng,varian,2026-06-03 00:00:00,20150
Minyak Goreng Kemasan Bermerk 2,Minyak Goreng,varian,2026-06-04 00:00:00,20150
Minyak Goreng Kemasan Bermerk 2,Minyak Goreng,varian,2026-06-05 00:00:00,20150
Minyak Goreng Kemasan Bermerk 2,Minyak Goreng,varian,2026-06-08 00:00:00,20150
Minyak Goreng Kemasan Bermerk 2,Minyak Goreng,varian,2026-06-09 00:00:00,20150
Minyak Goreng Kemasan Bermerk 2,Minyak Goreng,varian,2026-06-10 00:00:00,20150
Minyak Goreng Kemasan Bermerk 2,Minyak Goreng,varian,2026-06-11 00:00:00,20150
Minyak Goreng Kemasan Bermerk 2,Minyak Goreng,varian,2026-06-12 00:00:00,20150
Minyak Goreng Kemasan Bermerk 2,Minyak Goreng,varian,2026-06-15 00:00:00,20150
Minyak Goreng Kemasan Bermerk 2,Minyak Goreng,varian,2026-06-16 00:00:00,20150
Minyak Goreng Kemasan Bermerk 2,Minyak Goreng,varian,2026-06-17 00:00:00,20150
Minyak Goreng Kemasan Bermerk 2,Minyak Goreng,varian,2026-06-18 00:00:00,20150
Minyak Goreng Kemasan Bermerk 2,Minyak Goreng,varian,2026-06-19 00:00:00,20150
Minyak Goreng Kemasan Bermerk 2,Minyak Goreng,varian,2026-06-22 00:00:00,20150
Minyak Goreng Kemasan Bermerk 2,Minyak Goreng,varian,2026-06-23 00:00:00,20150
Minyak Goreng Kemasan Bermerk 2,Minyak Goreng,varian,2026-06-24 00:00:00,20150
Minyak Goreng Kemasan Bermerk 2,Minyak Goreng,varian,2026-06-25 00:00:00,20750
Minyak Goreng Kemasan Bermerk 2,Minyak Goreng,varian,2026-06-26 00:00:00,20750
Minyak Goreng Kemasan Bermerk 2,Minyak Goreng,varian,2026-06-29 00:00:00,20750
Minyak Goreng Kemasan Bermerk 2,Minyak Goreng,varian,2026-06-30 00:00:00,20700
Minyak Goreng Kemasan Bermerk 2,Minyak Goreng,varian,2026-07-01 00:00:00,20700
Minyak Goreng Kemasan Bermerk 2,Minyak Goreng,varian,2026-07-02 00:00:00,20700
Minyak Goreng Kemasan Bermerk 2,Minyak Goreng,varian,2026-07-03 00:00:00,20700
Minyak Goreng Kemasan Bermerk 2,Minyak Goreng,varian,2026-07-06 00:00:00,20700
Minyak Goreng Kemasan Bermerk 2,Minyak Goreng,varian,2026-07-07 00:00:00,20700
Minyak Goreng Kemasan Bermerk 2,Minyak Goreng,varian,2026-07-08 00:00:00,20700
Minyak Goreng Kemasan Bermerk 2,Minyak Goreng,varian,2026-07-09 00:00:00,20700
Minyak Goreng Kemasan Bermerk 2,Minyak Goreng,varian,2026-07-10 00:00:00,20700
Minyak Goreng Kemasan Bermerk 2,Minyak Goreng,varian,2026-07-13 00:00:00,20700
Minyak Goreng Kemasan Bermerk 2,Minyak Goreng,varian,2026-07-14 00:00:00,20700
Minyak Goreng Kemasan Bermerk 2,Minyak Goreng,varian,2026-07-15 00:00:00,20700
Minyak Goreng Kemasan Bermerk 2,Minyak Goreng,varian,2026-07-16 00:00:00,20700
Minyak Goreng Kemasan Bermerk 2,Minyak Goreng,varian,2026-07-17 00:00:00,20700
Minyak Goreng Kemasan Bermerk 2,Minyak Goreng,varian,2026-07-20 00:00:00,20700
Minyak Goreng Kemasan Bermerk 2,Minyak Goreng,varian,2026-07-21 00:00:00,20700
Minyak Goreng Kemasan Bermerk 2,Minyak Goreng,varian,2026-07-22 00:00:00,20700
Minyak Goreng Kemasan Bermerk 2,Minyak Goreng,varian,2026-07-23 00:00:00,20700
Minyak Goreng Kemasan Bermerk 2,Minyak Goreng,varian,2026-07-24 00:00:00,20700
Minyak Goreng Kemasan Bermerk 2,Minyak Goreng,varian,2026-07-27 00:00:00,20700
Minyak Goreng Kemasan Bermerk 2,Minyak Goreng,varian,2026-07-28 00:00:00,20700
Minyak Goreng Kemasan Bermerk 2,Minyak Goreng,varian,2026-07-29 00:00:00,20700
Minyak Goreng Kemasan Bermerk 2,Minyak Goreng,varian,2026-07-30 00:00:00,20700
Minyak Goreng Kemasan Bermerk 2,Minyak Goreng,varian,2026-07-31 00:00:00,20700
Minyak Goreng Kemasan Bermerk 2,Minyak Goreng,varian,2026-08-03 00:00:00,20700
Minyak Goreng Kemasan Bermerk 2,Minyak Goreng,varian,2026-08-04 00:00:00,20700
Minyak Goreng Kemasan Bermerk 2,Minyak Goreng,varian,2026-08-05 00:00:00,20700
Minyak Goreng Kemasan Bermerk 2,Minyak Goreng,varian,2026-08-06 00:00:00,20700
Minyak Goreng Kemasan Bermerk 2,Minyak Goreng,varian,2026-08-07 00:00:00,20700
Minyak Goreng Kemasan Bermerk 2,Minyak Goreng,varian,2026-08-10 00:00:00,20700
Minyak Goreng Kemasan Bermerk 2,Minyak Goreng,varian,2026-08-11 00:00:00,20700
Minyak Goreng Kemasan Bermerk 2,Minyak Goreng,varian,2026-08-12 00:00:00,20700
Minyak Goreng Kemasan Bermerk 2,Minyak Goreng,varian,2026-08-13 00:00:00,20700
Minyak Goreng Kemasan Bermerk 2,Minyak Goreng,varian,2026-08-14 00:00:00,20700
Minyak Goreng Kemasan Bermerk 2,Minyak Goreng,varian,2026-08-17 00:00:00,20700
Minyak Goreng Kemasan Bermerk 2,Minyak Goreng,varian,2026-08-18 00:00:00,20700
Minyak Goreng Kemasan Bermerk 2,Minyak Goreng,varian,2026-08-19 00:00:00,20700
Minyak Goreng Kemasan Bermerk 2,Minyak Goreng,varian,2026-08-20 00:00:00,20700
Minyak Goreng Kemasan Bermerk 2,Minyak Goreng,varian,2026-08-21 00:00:00,20700
Minyak Goreng Kemasan Bermerk 2,Minyak Goreng,varian,2026-08-24 00:00:00,20700
Minyak Goreng Kemasan Bermerk 2,Minyak Goreng,varian,2026-08-25 00:00:00,20700
Minyak Goreng Kemasan Bermerk 2,Minyak Goreng,varian,2026-08-26 00:00:00,20700
Minyak Goreng Kemasan Bermerk 2,Minyak Goreng,varian,2026-08-27 00:00:00,20700
Minyak Goreng Kemasan Bermerk 2,Minyak Goreng,varian,2026-08-28 00:00:00,20700
Minyak Goreng Kemasan Bermerk 2,Minyak Goreng,varian,2026-08-31 00:00:00,20700
Minyak Goreng Kemasan Bermerk 2,Minyak Goreng,varian,2026-09-01 00:00:00,20700
Minyak Goreng Kemasan Bermerk 2,Minyak Goreng,varian,2026-09-02 00:00:00,20700
Minyak Goreng Kemasan Bermerk 2,Minyak Goreng,varian,2026-09-03 00:00:00,20700
Minyak Goreng Kemasan Bermerk 2,Minyak Goreng,varian,2026-09-04 00:00:00,20700
Minyak Goreng Kemasan Bermerk 2,Minyak Goreng,varian,2026-09-07 00:00:00,20700
Minyak Goreng Kemasan Bermerk 2,Minyak Goreng,varian,2026-09-08 00:00:00,20700
Telur Ayam,Telur Ayam,kategori,2025-01-01 00:00:00,32900
Telur Ayam,Telur Ayam,kategori,2025-01-02 00:00:00,32900
Telur Ayam,Telur Ayam,kategori,2025-01-03 00:00:00,32900
Telur Ayam,Telur Ayam,kategori,2025-01-06 00:00:00,32900
Telur Ayam,Telur Ayam,kategori,2025-01-07 00:00:00,32900
Telur Ayam,Telur Ayam,kategori,2025-01-08 00:00:00,32900
Telur Ayam,Telur Ayam,kategori,2025-01-09 00:00:00,32900
Telur Ayam,Telur Ayam,kategori,2025-01-10 00:00:00,32900
Telur Ayam,Telur Ayam,kategori,2025-01-13 00:00:00,32900
Telur Ayam,Telur Ayam,kategori,2025-01-14 00:00:00,32650
Telur Ayam,Telur Ayam,kategori,2025-01-15 00:00:00,32650
Telur Ayam,Telur Ayam,kategori,2025-01-16 00:00:00,32650
Telur Ayam,Telur Ayam,kategori,2025-01-17 00:00:00,32650
Telur Ayam,Telur Ayam,kategori,2025-01-20 00:00:00,32650
Telur Ayam,Telur Ayam,kategori,2025-01-21 00:00:00,32500
Telur Ayam,Telur Ayam,kategori,2025-01-22 00:00:00,32500
Telur Ayam,Telur Ayam,kategori,2025-01-23 00:00:00,32000
Telur Ayam,Telur Ayam,kategori,2025-01-24 00:00:00,32000
Telur Ayam,Telur Ayam,kategori,2025-01-27 00:00:00,32000
Telur Ayam,Telur Ayam,kategori,2025-01-28 00:00:00,32000
Telur Ayam,Telur Ayam,kategori,2025-01-29 00:00:00,32000
Telur Ayam,Telur Ayam,kategori,2025-01-30 00:00:00,32000
Telur Ayam,Telur Ayam,kategori,2025-01-31 00:00:00,32000
Telur Ayam,Telur Ayam,kategori,2025-02-03 00:00:00,32000
Telur Ayam,Telur Ayam,kategori,2025-02-04 00:00:00,32000
Telur Ayam,Telur Ayam,kategori,2025-02-05 00:00:00,32000
Telur Ayam,Telur Ayam,kategori,2025-02-06 00:00:00,31750
Telur Ayam,Telur Ayam,kategori,2025-02-07 00:00:00,30650
Telur Ayam,Telur Ayam,kategori,2025-02-10 00:00:00,30400
Telur Ayam,Telur Ayam,kategori,2025-02-11 00:00:00,30000
Telur Ayam,Telur Ayam,kategori,2025-02-12 00:00:00,30000
Telur Ayam,Telur Ayam,kategori,2025-02-13 00:00:00,29500
Telur Ayam,Telur Ayam,kategori,2025-02-14 00:00:00,29250
Telur Ayam,Telur Ayam,kategori,2025-02-17 00:00:00,29500
Telur Ayam,Telur Ayam,kategori,2025-02-18 00:00:00,29500
Telur Ayam,Telur Ayam,kategori,2025-02-19 00:00:00,29500
Telur Ayam,Telur Ayam,kategori,2025-02-20 00:00:00,29500
Telur Ayam,Telur Ayam,kategori,2025-02-21 00:00:00,29500
Telur Ayam,Telur Ayam,kategori,2025-02-24 00:00:00,29500
Telur Ayam,Telur Ayam,kategori,2025-02-25 00:00:00,29500
Telur Ayam,Telur Ayam,kategori,2025-02-26 00:00:00,29500
Telur Ayam,Telur Ayam,kategori,2025-02-27 00:00:00,29500
Telur Ayam,Telur Ayam,kategori,2025-02-28 00:00:00,29650
Telur Ayam,Telur Ayam,kategori,2025-03-03 00:00:00,29650
Telur Ayam,Telur Ayam,kategori,2025-03-04 00:00:00,29650
Telur Ayam,Telur Ayam,kategori,2025-03-05 00:00:00,29650
Telur Ayam,Telur Ayam,kategori,2025-03-06 00:00:00,29650
Telur Ayam,Telur Ayam,kategori,2025-03-07 00:00:00,29650
Telur Ayam,Telur Ayam,kategori,2025-03-10 00:00:00,29500
Telur Ayam,Telur Ayam,kategori,2025-03-11 00:00:00,29500
Telur Ayam,Telur Ayam,kategori,2025-03-12 00:00:00,29500
Telur Ayam,Telur Ayam,kategori,2025-03-13 00:00:00,29500
Telur Ayam,Telur Ayam,kategori,2025-03-14 00:00:00,29500
Telur Ayam,Telur Ayam,kategori,2025-03-17 00:00:00,29500
Telur Ayam,Telur Ayam,kategori,2025-03-18 00:00:00,29500
Telur Ayam,Telur Ayam,kategori,2025-03-19 00:00:00,29500
Telur Ayam,Telur Ayam,kategori,2025-03-20 00:00:00,29500
Telur Ayam,Telur Ayam,kategori,2025-03-21 00:00:00,29500
Telur Ayam,Telur Ayam,kategori,2025-03-24 00:00:00,29500
Telur Ayam,Telur Ayam,kategori,2025-03-25 00:00:00,29500
Telur Ayam,Telur Ayam,kategori,2025-03-26 00:00:00,29500
Telur Ayam,Telur Ayam,kategori,2025-03-27 00:00:00,29500
Telur Ayam,Telur Ayam,kategori,2025-03-28 00:00:00,29500
Telur Ayam,Telur Ayam,kategori,2025-03-31 00:00:00,29500
Telur Ayam,Telur Ayam,kategori,2025-04-01 00:00:00,29500
Telur Ayam,Telur Ayam,kategori,2025-04-02 00:00:00,29500
Telur Ayam,Telur Ayam,kategori,2025-04-03 00:00:00,29500
Telur Ayam,Telur Ayam,kategori,2025-04-04 00:00:00,29500
Telur Ayam,Telur Ayam,kategori,2025-04-07 00:00:00,29500
Telur Ayam,Telur Ayam,kategori,2025-04-08 00:00:00,30150
Telur Ayam,Telur Ayam,kategori,2025-04-09 00:00:00,30150
Telur Ayam,Telur Ayam,kategori,2025-04-10 00:00:00,30150
Telur Ayam,Telur Ayam,kategori,2025-04-11 00:00:00,30150
Telur Ayam,Telur Ayam,kategori,2025-04-14 00:00:00,29900
Telur Ayam,Telur Ayam,kategori,2025-04-15 00:00:00,29900
Telur Ayam,Telur Ayam,kategori,2025-04-16 00:00:00,29900
Telur Ayam,Telur Ayam,kategori,2025-04-17 00:00:00,30000
Telur Ayam,Telur Ayam,kategori,2025-04-18 00:00:00,30000
Telur Ayam,Telur Ayam,kategori,2025-04-21 00:00:00,30000
Telur Ayam,Telur Ayam,kategori,2025-04-22 00:00:00,30000
Telur Ayam,Telur Ayam,kategori,2025-04-23 00:00:00,30000
Telur Ayam,Telur Ayam,kategori,2025-04-24 00:00:00,30000
Telur Ayam,Telur Ayam,kategori,2025-04-25 00:00:00,30150
Telur Ayam,Telur Ayam,kategori,2025-04-28 00:00:00,30150
Telur Ayam,Telur Ayam,kategori,2025-04-29 00:00:00,30000
Telur Ayam,Telur Ayam,kategori,2025-04-30 00:00:00,30650
Telur Ayam,Telur Ayam,kategori,2025-05-01 00:00:00,30650
Telur Ayam,Telur Ayam,kategori,2025-05-02 00:00:00,30650
Telur Ayam,Telur Ayam,kategori,2025-05-05 00:00:00,30650
Telur Ayam,Telur Ayam,kategori,2025-05-06 00:00:00,30650
Telur Ayam,Telur Ayam,kategori,2025-05-07 00:00:00,30650
Telur Ayam,Telur Ayam,kategori,2025-05-08 00:00:00,31150
Telur Ayam,Telur Ayam,kategori,2025-05-09 00:00:00,31150
Telur Ayam,Telur Ayam,kategori,2025-05-12 00:00:00,31150
Telur Ayam,Telur Ayam,kategori,2025-05-13 00:00:00,31150
Telur Ayam,Telur Ayam,kategori,2025-05-14 00:00:00,31150
Telur Ayam,Telur Ayam,kategori,2025-05-15 00:00:00,31150
Telur Ayam,Telur Ayam,kategori,2025-05-16 00:00:00,31150
Telur Ayam,Telur Ayam,kategori,2025-05-19 00:00:00,31150
Telur Ayam,Telur Ayam,kategori,2025-05-20 00:00:00,31150
Telur Ayam,Telur Ayam,kategori,2025-05-21 00:00:00,31150
Telur Ayam,Telur Ayam,kategori,2025-05-22 00:00:00,31150
Telur Ayam,Telur Ayam,kategori,2025-05-23 00:00:00,31150
Telur Ayam,Telur Ayam,kategori,2025-05-26 00:00:00,31150
Telur Ayam,Telur Ayam,kategori,2025-05-27 00:00:00,31150
Telur Ayam,Telur Ayam,kategori,2025-05-28 00:00:00,31150
Telur Ayam,Telur Ayam,kategori,2025-05-29 00:00:00,31150
Telur Ayam,Telur Ayam,kategori,2025-05-30 00:00:00,31150
Telur Ayam,Telur Ayam,kategori,2025-06-02 00:00:00,31150
Telur Ayam,Telur Ayam,kategori,2025-06-03 00:00:00,30400
Telur Ayam,Telur Ayam,kategori,2025-06-04 00:00:00,30250
Telur Ayam,Telur Ayam,kategori,2025-06-05 00:00:00,30250
Telur Ayam,Telur Ayam,kategori,2025-06-06 00:00:00,30250
Telur Ayam,Telur Ayam,kategori,2025-06-09 00:00:00,30250
Telur Ayam,Telur Ayam,kategori,2025-06-10 00:00:00,30150
Telur Ayam,Telur Ayam,kategori,2025-06-11 00:00:00,30150
Telur Ayam,Telur Ayam,kategori,2025-06-12 00:00:00,30000
Telur Ayam,Telur Ayam,kategori,2025-06-13 00:00:00,29750
Telur Ayam,Telur Ayam,kategori,2025-06-16 00:00:00,29750
Telur Ayam,Telur Ayam,kategori,2025-06-17 00:00:00,29750
Telur Ayam,Telur Ayam,kategori,2025-06-18 00:00:00,29750
Telur Ayam,Telur Ayam,kategori,2025-06-19 00:00:00,29750
Telur Ayam,Telur Ayam,kategori,2025-06-20 00:00:00,29750
Telur Ayam,Telur Ayam,kategori,2025-06-23 00:00:00,29750
Telur Ayam,Telur Ayam,kategori,2025-06-24 00:00:00,29750
Telur Ayam,Telur Ayam,kategori,2025-06-25 00:00:00,29750
Telur Ayam,Telur Ayam,kategori,2025-06-26 00:00:00,29750
Telur Ayam,Telur Ayam,kategori,2025-06-27 00:00:00,29750
Telur Ayam,Telur Ayam,kategori,2025-06-30 00:00:00,29750
Telur Ayam,Telur Ayam,kategori,2025-07-01 00:00:00,29500
Telur Ayam,Telur Ayam,kategori,2025-07-02 00:00:00,29750
Telur Ayam,Telur Ayam,kategori,2025-07-03 00:00:00,29750
Telur Ayam,Telur Ayam,kategori,2025-07-04 00:00:00,29750
Telur Ayam,Telur Ayam,kategori,2025-07-07 00:00:00,29750
Telur Ayam,Telur Ayam,kategori,2025-07-08 00:00:00,29750
Telur Ayam,Telur Ayam,kategori,2025-07-09 00:00:00,29750
Telur Ayam,Telur Ayam,kategori,2025-07-10 00:00:00,29750
Telur Ayam,Telur Ayam,kategori,2025-07-11 00:00:00,29750
Telur Ayam,Telur Ayam,kategori,2025-07-14 00:00:00,29750
Telur Ayam,Telur Ayam,kategori,2025-07-15 00:00:00,29750
Telur Ayam,Telur Ayam,kategori,2025-07-16 00:00:00,29750
Telur Ayam,Telur Ayam,kategori,2025-07-17 00:00:00,29750
Telur Ayam,Telur Ayam,kategori,2025-07-18 00:00:00,29750
Telur Ayam,Telur Ayam,kategori,2025-07-21 00:00:00,29750
Telur Ayam,Telur Ayam,kategori,2025-07-22 00:00:00,29750
Telur Ayam,Telur Ayam,kategori,2025-07-23 00:00:00,29750
Telur Ayam,Telur Ayam,kategori,2025-07-24 00:00:00,29750
Telur Ayam,Telur Ayam,kategori,2025-07-25 00:00:00,29750
Telur Ayam,Telur Ayam,kategori,2025-07-28 00:00:00,29750
Telur Ayam,Telur Ayam,kategori,2025-07-29 00:00:00,29750
Telur Ayam,Telur Ayam,kategori,2025-07-30 00:00:00,29750
Telur Ayam,Telur Ayam,kategori,2025-07-31 00:00:00,29750
Telur Ayam,Telur Ayam,kategori,2025-08-01 00:00:00,29750
Telur Ayam,Telur Ayam,kategori,2025-08-04 00:00:00,29750
Telur Ayam,Telur Ayam,kategori,2025-08-05 00:00:00,29750
Telur Ayam,Telur Ayam,kategori,2025-08-06 00:00:00,29750
Telur Ayam,Telur Ayam,kategori,2025-08-07 00:00:00,29750
Telur Ayam,Telur Ayam,kategori,2025-08-08 00:00:00,29750
Telur Ayam,Telur Ayam,kategori,2025-08-11 00:00:00,29750
Telur Ayam,Telur Ayam,kategori,2025-08-12 00:00:00,29650
Telur Ayam,Telur Ayam,kategori,2025-08-13 00:00:00,29650
Telur Ayam,Telur Ayam,kategori,2025-08-14 00:00:00,29650
Telur Ayam,Telur Ayam,kategori,2025-08-15 00:00:00,29650
Telur Ayam,Telur Ayam,kategori,2025-08-18 00:00:00,29650
Telur Ayam,Telur Ayam,kategori,2025-08-19 00:00:00,29650
Telur Ayam,Telur Ayam,kategori,2025-08-20 00:00:00,29650
Telur Ayam,Telur Ayam,kategori,2025-08-21 00:00:00,29650
Telur Ayam,Telur Ayam,kategori,2025-08-22 00:00:00,29650
Telur Ayam,Telur Ayam,kategori,2025-08-25 00:00:00,29650
Telur Ayam,Telur Ayam,kategori,2025-08-26 00:00:00,29650
Telur Ayam,Telur Ayam,kategori,2025-08-27 00:00:00,29650
Telur Ayam,Telur Ayam,kategori,2025-08-28 00:00:00,29650
Telur Ayam,Telur Ayam,kategori,2025-08-29 00:00:00,29650
Telur Ayam,Telur Ayam,kategori,2025-09-01 00:00:00,29400
Telur Ayam,Telur Ayam,kategori,2025-09-02 00:00:00,29400
Telur Ayam,Telur Ayam,kategori,2025-09-03 00:00:00,29400
Telur Ayam,Telur Ayam,kategori,2025-09-04 00:00:00,29400
Telur Ayam,Telur Ayam,kategori,2025-09-05 00:00:00,29400
Telur Ayam,Telur Ayam,kategori,2025-09-08 00:00:00,29400
Telur Ayam,Telur Ayam,kategori,2025-09-09 00:00:00,29400
Telur Ayam,Telur Ayam,kategori,2025-09-10 00:00:00,29400
Telur Ayam,Telur Ayam,kategori,2025-09-11 00:00:00,29400
Telur Ayam,Telur Ayam,kategori,2025-09-12 00:00:00,29400
Telur Ayam,Telur Ayam,kategori,2025-09-15 00:00:00,29400
Telur Ayam,Telur Ayam,kategori,2025-09-16 00:00:00,29400
Telur Ayam,Telur Ayam,kategori,2025-09-17 00:00:00,29400
Telur Ayam,Telur Ayam,kategori,2025-09-18 00:00:00,29400
Telur Ayam,Telur Ayam,kategori,2025-09-19 00:00:00,29400
Telur Ayam,Telur Ayam,kategori,2025-09-22 00:00:00,29400
Telur Ayam,Telur Ayam,kategori,2025-09-23 00:00:00,29750
Telur Ayam,Telur Ayam,kategori,2025-09-24 00:00:00,29750
Telur Ayam,Telur Ayam,kategori,2025-09-25 00:00:00,29750
Telur Ayam,Telur Ayam,kategori,2025-09-26 00:00:00,29750
Telur Ayam,Telur Ayam,kategori,2025-09-29 00:00:00,29750
Telur Ayam,Telur Ayam,kategori,2025-09-30 00:00:00,29750
Telur Ayam,Telur Ayam,kategori,2025-10-01 00:00:00,29750
Telur Ayam,Telur Ayam,kategori,2025-10-02 00:00:00,29750
Telur Ayam,Telur Ayam,kategori,2025-10-03 00:00:00,29750
Telur Ayam,Telur Ayam,kategori,2025-10-06 00:00:00,29750
Telur Ayam,Telur Ayam,kategori,2025-10-07 00:00:00,29750
Telur Ayam,Telur Ayam,kategori,2025-10-08 00:00:00,29750
Telur Ayam,Telur Ayam,kategori,2025-10-09 00:00:00,29750
Telur Ayam,Telur Ayam,kategori,2025-10-10 00:00:00,29750
Telur Ayam,Telur Ayam,kategori,2025-10-13 00:00:00,30000
Telur Ayam,Telur Ayam,kategori,2025-10-14 00:00:00,30500
Telur Ayam,Telur Ayam,kategori,2025-10-15 00:00:00,30650
Telur Ayam,Telur Ayam,kategori,2025-10-16 00:00:00,30650
Telur Ayam,Telur Ayam,kategori,2025-10-17 00:00:00,30650
Telur Ayam,Telur Ayam,kategori,2025-10-20 00:00:00,30650
Telur Ayam,Telur Ayam,kategori,2025-10-21 00:00:00,30650
Telur Ayam,Telur Ayam,kategori,2025-10-22 00:00:00,30650
Telur Ayam,Telur Ayam,kategori,2025-10-23 00:00:00,30650
Telur Ayam,Telur Ayam,kategori,2025-10-24 00:00:00,30650
Telur Ayam,Telur Ayam,kategori,2025-10-27 00:00:00,30650
Telur Ayam,Telur Ayam,kategori,2025-10-28 00:00:00,30650
Telur Ayam,Telur Ayam,kategori,2025-10-29 00:00:00,30750
Telur Ayam,Telur Ayam,kategori,2025-10-30 00:00:00,30750
Telur Ayam,Telur Ayam,kategori,2025-10-31 00:00:00,31150
Telur Ayam,Telur Ayam,kategori,2025-11-03 00:00:00,31150
Telur Ayam,Telur Ayam,kategori,2025-11-04 00:00:00,31150
Telur Ayam,Telur Ayam,kategori,2025-11-05 00:00:00,31150
Telur Ayam,Telur Ayam,kategori,2025-11-06 00:00:00,31500
Telur Ayam,Telur Ayam,kategori,2025-11-07 00:00:00,31500
Telur Ayam,Telur Ayam,kategori,2025-11-10 00:00:00,32000
Telur Ayam,Telur Ayam,kategori,2025-11-11 00:00:00,32000
Telur Ayam,Telur Ayam,kategori,2025-11-12 00:00:00,32000
Telur Ayam,Telur Ayam,kategori,2025-11-13 00:00:00,32000
Telur Ayam,Telur Ayam,kategori,2025-11-14 00:00:00,32000
Telur Ayam,Telur Ayam,kategori,2025-11-17 00:00:00,32000
Telur Ayam,Telur Ayam,kategori,2025-11-18 00:00:00,32000
Telur Ayam,Telur Ayam,kategori,2025-11-19 00:00:00,32000
Telur Ayam,Telur Ayam,kategori,2025-11-20 00:00:00,32000
Telur Ayam,Telur Ayam,kategori,2025-11-21 00:00:00,32000
Telur Ayam,Telur Ayam,kategori,2025-11-24 00:00:00,32400
Telur Ayam,Telur Ayam,kategori,2025-11-25 00:00:00,32400
Telur Ayam,Telur Ayam,kategori,2025-11-26 00:00:00,32400
Telur Ayam,Telur Ayam,kategori,2025-11-27 00:00:00,32400
Telur Ayam,Telur Ayam,kategori,2025-11-28 00:00:00,32400
Telur Ayam,Telur Ayam,kategori,2025-12-01 00:00:00,32900
Telur Ayam,Telur Ayam,kategori,2025-12-02 00:00:00,32900
Telur Ayam,Telur Ayam,kategori,2025-12-03 00:00:00,33000
Telur Ayam,Telur Ayam,kategori,2025-12-04 00:00:00,33400
Telur Ayam,Telur Ayam,kategori,2025-12-05 00:00:00,33400
Telur Ayam,Telur Ayam,kategori,2025-12-08 00:00:00,33400
Telur Ayam,Telur Ayam,kategori,2025-12-09 00:00:00,33400
Telur Ayam,Telur Ayam,kategori,2025-12-10 00:00:00,33750
Telur Ayam,Telur Ayam,kategori,2025-12-11 00:00:00,33750
Telur Ayam,Telur Ayam,kategori,2025-12-12 00:00:00,33750
Telur Ayam,Telur Ayam,kategori,2025-12-15 00:00:00,33750
Telur Ayam,Telur Ayam,kategori,2025-12-16 00:00:00,33750
Telur Ayam,Telur Ayam,kategori,2025-12-17 00:00:00,34150
Telur Ayam,Telur Ayam,kategori,2025-12-18 00:00:00,34150
Telur Ayam,Telur Ayam,kategori,2025-12-19 00:00:00,34750
Telur Ayam,Telur Ayam,kategori,2025-12-22 00:00:00,34750
Telur Ayam,Telur Ayam,kategori,2025-12-23 00:00:00,34900
Telur Ayam,Telur Ayam,kategori,2025-12-24 00:00:00,34900
Telur Ayam,Telur Ayam,kategori,2025-12-25 00:00:00,34900
Telur Ayam,Telur Ayam,kategori,2025-12-26 00:00:00,34900
Telur Ayam,Telur Ayam,kategori,2025-12-29 00:00:00,34500
Telur Ayam,Telur Ayam,kategori,2025-12-30 00:00:00,34500
Telur Ayam,Telur Ayam,kategori,2025-12-31 00:00:00,34500
Telur Ayam,Telur Ayam,kategori,2026-01-01 00:00:00,34500
Telur Ayam,Telur Ayam,kategori,2026-01-02 00:00:00,34500
Telur Ayam,Telur Ayam,kategori,2026-01-05 00:00:00,34500
Telur Ayam,Telur Ayam,kategori,2026-01-06 00:00:00,34500
Telur Ayam,Telur Ayam,kategori,2026-01-07 00:00:00,33900
Telur Ayam,Telur Ayam,kategori,2026-01-08 00:00:00,33900
Telur Ayam,Telur Ayam,kategori,2026-01-09 00:00:00,33000
Telur Ayam,Telur Ayam,kategori,2026-01-12 00:00:00,31900
Telur Ayam,Telur Ayam,kategori,2026-01-13 00:00:00,31900
Telur Ayam,Telur Ayam,kategori,2026-01-14 00:00:00,31900
Telur Ayam,Telur Ayam,kategori,2026-01-15 00:00:00,31900
Telur Ayam,Telur Ayam,kategori,2026-01-16 00:00:00,31900
Telur Ayam,Telur Ayam,kategori,2026-01-19 00:00:00,31150
Telur Ayam,Telur Ayam,kategori,2026-01-20 00:00:00,31150
Telur Ayam,Telur Ayam,kategori,2026-01-21 00:00:00,31150
Telur Ayam,Telur Ayam,kategori,2026-01-22 00:00:00,31150
Telur Ayam,Telur Ayam,kategori,2026-01-23 00:00:00,31150
Telur Ayam,Telur Ayam,kategori,2026-01-26 00:00:00,31150
Telur Ayam,Telur Ayam,kategori,2026-01-27 00:00:00,31150
Telur Ayam,Telur Ayam,kategori,2026-01-28 00:00:00,31150
Telur Ayam,Telur Ayam,kategori,2026-01-29 00:00:00,29150
Telur Ayam,Telur Ayam,kategori,2026-01-30 00:00:00,29150
Telur Ayam,Telur Ayam,kategori,2026-02-02 00:00:00,29150
Telur Ayam,Telur Ayam,kategori,2026-02-03 00:00:00,29150
Telur Ayam,Telur Ayam,kategori,2026-02-04 00:00:00,28900
Telur Ayam,Telur Ayam,kategori,2026-02-05 00:00:00,28900
Telur Ayam,Telur Ayam,kategori,2026-02-06 00:00:00,28900
Telur Ayam,Telur Ayam,kategori,2026-02-09 00:00:00,28900
Telur Ayam,Telur Ayam,kategori,2026-02-10 00:00:00,28900
Telur Ayam,Telur Ayam,kategori,2026-02-11 00:00:00,28900
Telur Ayam,Telur Ayam,kategori,2026-02-12 00:00:00,28900
Telur Ayam,Telur Ayam,kategori,2026-02-13 00:00:00,29750
Telur Ayam,Telur Ayam,kategori,2026-02-16 00:00:00,29750
Telur Ayam,Telur Ayam,kategori,2026-02-17 00:00:00,29750
Telur Ayam,Telur Ayam,kategori,2026-02-18 00:00:00,29750
Telur Ayam,Telur Ayam,kategori,2026-02-19 00:00:00,30400
Telur Ayam,Telur Ayam,kategori,2026-02-20 00:00:00,31400
Telur Ayam,Telur Ayam,kategori,2026-02-23 00:00:00,31650
Telur Ayam,Telur Ayam,kategori,2026-02-24 00:00:00,31650
Telur Ayam,Telur Ayam,kategori,2026-02-25 00:00:00,31650
Telur Ayam,Telur Ayam,kategori,2026-02-26 00:00:00,31650
Telur Ayam,Telur Ayam,kategori,2026-02-27 00:00:00,31650
Telur Ayam,Telur Ayam,kategori,2026-03-02 00:00:00,32250
Telur Ayam,Telur Ayam,kategori,2026-03-03 00:00:00,32250
Telur Ayam,Telur Ayam,kategori,2026-03-04 00:00:00,32250
Telur Ayam,Telur Ayam,kategori,2026-03-05 00:00:00,32250
Telur Ayam,Telur Ayam,kategori,2026-03-06 00:00:00,32250
Telur Ayam,Telur Ayam,kategori,2026-03-09 00:00:00,32650
Telur Ayam,Telur Ayam,kategori,2026-03-10 00:00:00,33900
Telur Ayam,Telur Ayam,kategori,2026-03-11 00:00:00,34000
Telur Ayam,Telur Ayam,kategori,2026-03-12 00:00:00,33950
Telur Ayam,Telur Ayam,kategori,2026-03-13 00:00:00,34000
Telur Ayam,Telur Ayam,kategori,2026-03-16 00:00:00,34400
Telur Ayam,Telur Ayam,kategori,2026-03-17 00:00:00,34400
Telur Ayam,Telur Ayam,kategori,2026-03-18 00:00:00,34400
Telur Ayam,Telur Ayam,kategori,2026-03-19 00:00:00,34400
Telur Ayam,Telur Ayam,kategori,2026-03-20 00:00:00,34400
Telur Ayam,Telur Ayam,kategori,2026-03-23 00:00:00,34400
Telur Ayam,Telur Ayam,kategori,2026-03-24 00:00:00,34400
Telur Ayam,Telur Ayam,kategori,2026-03-25 00:00:00,34250
Telur Ayam,Telur Ayam,kategori,2026-03-26 00:00:00,33900
Telur Ayam,Telur Ayam,kategori,2026-03-27 00:00:00,33900
Telur Ayam,Telur Ayam,kategori,2026-03-30 00:00:00,33650
Telur Ayam,Telur Ayam,kategori,2026-03-31 00:00:00,33650
Telur Ayam,Telur Ayam,kategori,2026-04-01 00:00:00,33650
Telur Ayam,Telur Ayam,kategori,2026-04-02 00:00:00,33650
Telur Ayam,Telur Ayam,kategori,2026-04-03 00:00:00,33650
Telur Ayam,Telur Ayam,kategori,2026-04-06 00:00:00,33650
Telur Ayam,Telur Ayam,kategori,2026-04-07 00:00:00,33650
Telur Ayam,Telur Ayam,kategori,2026-04-08 00:00:00,33650
Telur Ayam,Telur Ayam,kategori,2026-04-09 00:00:00,33400
Telur Ayam,Telur Ayam,kategori,2026-04-10 00:00:00,33400
Telur Ayam,Telur Ayam,kategori,2026-04-13 00:00:00,33400
Telur Ayam,Telur Ayam,kategori,2026-04-14 00:00:00,33400
Telur Ayam,Telur Ayam,kategori,2026-04-15 00:00:00,33400
Telur Ayam,Telur Ayam,kategori,2026-04-16 00:00:00,33400
Telur Ayam,Telur Ayam,kategori,2026-04-17 00:00:00,33400
Telur Ayam,Telur Ayam,kategori,2026-04-20 00:00:00,33000
Telur Ayam,Telur Ayam,kategori,2026-04-21 00:00:00,33000
Telur Ayam,Telur Ayam,kategori,2026-04-22 00:00:00,33000
Telur Ayam,Telur Ayam,kategori,2026-04-23 00:00:00,33000
Telur Ayam,Telur Ayam,kategori,2026-04-24 00:00:00,33000
Telur Ayam,Telur Ayam,kategori,2026-04-27 00:00:00,33000
Telur Ayam,Telur Ayam,kategori,2026-04-28 00:00:00,33000
Telur Ayam,Telur Ayam,kategori,2026-04-29 00:00:00,33000
Telur Ayam,Telur Ayam,kategori,2026-04-30 00:00:00,33000
Telur Ayam,Telur Ayam,kategori,2026-05-01 00:00:00,33000
Telur Ayam,Telur Ayam,kategori,2026-05-04 00:00:00,33000
Telur Ayam,Telur Ayam,kategori,2026-05-05 00:00:00,33000
Telur Ayam,Telur Ayam,kategori,2026-05-06 00:00:00,32900
Telur Ayam,Telur Ayam,kategori,2026-05-07 00:00:00,32900
Telur Ayam,Telur Ayam,kategori,2026-05-08 00:00:00,32500
Telur Ayam,Telur Ayam,kategori,2026-05-11 00:00:00,32500
Telur Ayam,Telur Ayam,kategori,2026-05-12 00:00:00,32500
Telur Ayam,Telur Ayam,kategori,2026-05-13 00:00:00,32500
Telur Ayam,Telur Ayam,kategori,2026-05-14 00:00:00,32500
Telur Ayam,Telur Ayam,kategori,2026-05-15 00:00:00,32500
Telur Ayam,Telur Ayam,kategori,2026-05-18 00:00:00,32500
Telur Ayam,Telur Ayam,kategori,2026-05-19 00:00:00,32500
Telur Ayam,Telur Ayam,kategori,2026-05-20 00:00:00,32500
Telur Ayam,Telur Ayam,kategori,2026-05-21 00:00:00,32500
Telur Ayam,Telur Ayam,kategori,2026-05-22 00:00:00,31900
Telur Ayam,Telur Ayam,kategori,2026-05-25 00:00:00,31900
Telur Ayam,Telur Ayam,kategori,2026-05-26 00:00:00,31250
Telur Ayam,Telur Ayam,kategori,2026-05-27 00:00:00,31250
Telur Ayam,Telur Ayam,kategori,2026-05-28 00:00:00,31250
Telur Ayam,Telur Ayam,kategori,2026-05-29 00:00:00,31250
Telur Ayam,Telur Ayam,kategori,2026-06-01 00:00:00,31250
Telur Ayam,Telur Ayam,kategori,2026-06-02 00:00:00,31000
Telur Ayam,Telur Ayam,kategori,2026-06-03 00:00:00,31000
Telur Ayam,Telur Ayam,kategori,2026-06-04 00:00:00,31000
Telur Ayam,Telur Ayam,kategori,2026-06-05 00:00:00,31000
Telur Ayam,Telur Ayam,kategori,2026-06-08 00:00:00,29650
Telur Ayam,Telur Ayam,kategori,2026-06-09 00:00:00,29650
Telur Ayam,Telur Ayam,kategori,2026-06-10 00:00:00,29650
Telur Ayam,Telur Ayam,kategori,2026-06-11 00:00:00,29650
Telur Ayam,Telur Ayam,kategori,2026-06-12 00:00:00,28650
Telur Ayam,Telur Ayam,kategori,2026-06-15 00:00:00,28650
Telur Ayam,Telur Ayam,kategori,2026-06-16 00:00:00,28650
Telur Ayam,Telur Ayam,kategori,2026-06-17 00:00:00,28650
Telur Ayam,Telur Ayam,kategori,2026-06-18 00:00:00,28650
Telur Ayam,Telur Ayam,kategori,2026-06-19 00:00:00,28650
Telur Ayam,Telur Ayam,kategori,2026-06-22 00:00:00,28650
Telur Ayam,Telur Ayam,kategori,2026-06-23 00:00:00,28250
Telur Ayam,Telur Ayam,kategori,2026-06-24 00:00:00,28250
Telur Ayam,Telur Ayam,kategori,2026-06-25 00:00:00,28250
Telur Ayam,Telur Ayam,kategori,2026-06-26 00:00:00,28250
Telur Ayam,Telur Ayam,kategori,2026-06-29 00:00:00,28250
Telur Ayam,Telur Ayam,kategori,2026-06-30 00:00:00,27400
Telur Ayam,Telur Ayam,kategori,2026-07-01 00:00:00,27400
Telur Ayam,Telur Ayam,kategori,2026-07-02 00:00:00,27400
Telur Ayam,Telur Ayam,kategori,2026-07-03 00:00:00,27400
Telur Ayam,Telur Ayam,kategori,2026-07-06 00:00:00,27400
Telur Ayam,Telur Ayam,kategori,2026-07-07 00:00:00,27400
Telur Ayam,Telur Ayam,kategori,2026-07-08 00:00:00,27400
Telur Ayam,Telur Ayam,kategori,2026-07-09 00:00:00,27400
Telur Ayam,Telur Ayam,kategori,2026-07-10 00:00:00,27400
Telur Ayam,Telur Ayam,kategori,2026-07-13 00:00:00,27400
Telur Ayam,Telur Ayam,kategori,2026-07-14 00:00:00,27400
Telur Ayam,Telur Ayam,kategori,2026-07-15 00:00:00,27400
Telur Ayam,Telur Ayam,kategori,2026-07-16 00:00:00,27400
Telur Ayam,Telur Ayam,kategori,2026-07-17 00:00:00,27900
Telur Ayam,Telur Ayam,kategori,2026-07-20 00:00:00,27900
Telur Ayam,Telur Ayam,kategori,2026-07-21 00:00:00,27900
Telur Ayam,Telur Ayam,kategori,2026-07-22 00:00:00,27900
Telur Ayam,Telur Ayam,kategori,2026-07-23 00:00:00,27900
Telur Ayam,Telur Ayam,kategori,2026-07-24 00:00:00,27900
Telur Ayam,Telur Ayam,kategori,2026-07-27 00:00:00,27400
Telur Ayam,Telur Ayam,kategori,2026-07-28 00:00:00,28000
Telur Ayam,Telur Ayam,kategori,2026-07-29 00:00:00,28000
Telur Ayam,Telur Ayam,kategori,2026-07-30 00:00:00,28000
Telur Ayam,Telur Ayam,kategori,2026-07-31 00:00:00,28000
Telur Ayam,Telur Ayam,kategori,2026-08-03 00:00:00,28000
Telur Ayam,Telur Ayam,kategori,2026-08-04 00:00:00,28000
Telur Ayam,Telur Ayam,kategori,2026-08-05 00:00:00,28000
Telur Ayam,Telur Ayam,kategori,2026-08-06 00:00:00,28000
Telur Ayam,Telur Ayam,kategori,2026-08-07 00:00:00,28000
Telur Ayam,Telur Ayam,kategori,2026-08-10 00:00:00,28000
Telur Ayam,Telur Ayam,kategori,2026-08-11 00:00:00,28000
Telur Ayam,Telur Ayam,kategori,2026-08-12 00:00:00,27900
Telur Ayam,Telur Ayam,kategori,2026-08-13 00:00:00,27650
Telur Ayam,Telur Ayam,kategori,2026-08-14 00:00:00,27650
Telur Ayam,Telur Ayam,kategori,2026-08-17 00:00:00,27650
Telur Ayam,Telur Ayam,kategori,2026-08-18 00:00:00,27650
Telur Ayam,Telur Ayam,kategori,2026-08-19 00:00:00,27900
Telur Ayam,Telur Ayam,kategori,2026-08-20 00:00:00,28150
Telur Ayam,Telur Ayam,kategori,2026-08-21 00:00:00,28150
Telur Ayam,Telur Ayam,kategori,2026-08-24 00:00:00,28150
Telur Ayam,Telur Ayam,kategori,2026-08-25 00:00:00,28150
Telur Ayam,Telur Ayam,kategori,2026-08-26 00:00:00,28150
Telur Ayam,Telur Ayam,kategori,2026-08-27 00:00:00,28150
Telur Ayam,Telur Ayam,kategori,2026-08-28 00:00:00,28150
Telur Ayam,Telur Ayam,kategori,2026-08-31 00:00:00,28150
Telur Ayam,Telur Ayam,kategori,2026-09-01 00:00:00,28150
Telur Ayam,Telur Ayam,kategori,2026-09-02 00:00:00,28150
Telur Ayam,Telur Ayam,kategori,2026-09-03 00:00:00,28150
Telur Ayam,Telur Ayam,kategori,2026-09-04 00:00:00,28150
Telur Ayam,Telur Ayam,kategori,2026-09-07 00:00:00,28900
Telur Ayam,Telur Ayam,kategori,2026-09-08 00:00:00,
Telur Ayam Ras Segar,Telur Ayam,varian,2025-01-01 00:00:00,32900
Telur Ayam Ras Segar,Telur Ayam,varian,2025-01-02 00:00:00,32900
Telur Ayam Ras Segar,Telur Ayam,varian,2025-01-03 00:00:00,32900
Telur Ayam Ras Segar,Telur Ayam,varian,2025-01-06 00:00:00,32900
Telur Ayam Ras Segar,Telur Ayam,varian,2025-01-07 00:00:00,32900
Telur Ayam Ras Segar,Telur Ayam,varian,2025-01-08 00:00:00,32900
Telur Ayam Ras Segar,Telur Ayam,varian,2025-01-09 00:00:00,32900
Telur Ayam Ras Segar,Telur Ayam,varian,2025-01-10 00:00:00,32900
Telur Ayam Ras Segar,Telur Ayam,varian,2025-01-13 00:00:00,32900
Telur Ayam Ras Segar,Telur Ayam,varian,2025-01-14 00:00:00,32650
Telur Ayam Ras Segar,Telur Ayam,varian,2025-01-15 00:00:00,32650
Telur Ayam Ras Segar,Telur Ayam,varian,2025-01-16 00:00:00,32650
Telur Ayam Ras Segar,Telur Ayam,varian,2025-01-17 00:00:00,32650
Telur Ayam Ras Segar,Telur Ayam,varian,2025-01-20 00:00:00,32650
Telur Ayam Ras Segar,Telur Ayam,varian,2025-01-21 00:00:00,32500
Telur Ayam Ras Segar,Telur Ayam,varian,2025-01-22 00:00:00,32500
Telur Ayam Ras Segar,Telur Ayam,varian,2025-01-23 00:00:00,32000
Telur Ayam Ras Segar,Telur Ayam,varian,2025-01-24 00:00:00,32000
Telur Ayam Ras Segar,Telur Ayam,varian,2025-01-27 00:00:00,32000
Telur Ayam Ras Segar,Telur Ayam,varian,2025-01-28 00:00:00,32000
Telur Ayam Ras Segar,Telur Ayam,varian,2025-01-29 00:00:00,32000
Telur Ayam Ras Segar,Telur Ayam,varian,2025-01-30 00:00:00,32000
Telur Ayam Ras Segar,Telur Ayam,varian,2025-01-31 00:00:00,32000
Telur Ayam Ras Segar,Telur Ayam,varian,2025-02-03 00:00:00,32000
Telur Ayam Ras Segar,Telur Ayam,varian,2025-02-04 00:00:00,32000
Telur Ayam Ras Segar,Telur Ayam,varian,2025-02-05 00:00:00,32000
Telur Ayam Ras Segar,Telur Ayam,varian,2025-02-06 00:00:00,31750
Telur Ayam Ras Segar,Telur Ayam,varian,2025-02-07 00:00:00,30650
Telur Ayam Ras Segar,Telur Ayam,varian,2025-02-10 00:00:00,30400
Telur Ayam Ras Segar,Telur Ayam,varian,2025-02-11 00:00:00,30000
Telur Ayam Ras Segar,Telur Ayam,varian,2025-02-12 00:00:00,30000
Telur Ayam Ras Segar,Telur Ayam,varian,2025-02-13 00:00:00,29500
Telur Ayam Ras Segar,Telur Ayam,varian,2025-02-14 00:00:00,29250
Telur Ayam Ras Segar,Telur Ayam,varian,2025-02-17 00:00:00,29500
Telur Ayam Ras Segar,Telur Ayam,varian,2025-02-18 00:00:00,29500
Telur Ayam Ras Segar,Telur Ayam,varian,2025-02-19 00:00:00,29500
Telur Ayam Ras Segar,Telur Ayam,varian,2025-02-20 00:00:00,29500
Telur Ayam Ras Segar,Telur Ayam,varian,2025-02-21 00:00:00,29500
Telur Ayam Ras Segar,Telur Ayam,varian,2025-02-24 00:00:00,29500
Telur Ayam Ras Segar,Telur Ayam,varian,2025-02-25 00:00:00,29500
Telur Ayam Ras Segar,Telur Ayam,varian,2025-02-26 00:00:00,29500
Telur Ayam Ras Segar,Telur Ayam,varian,2025-02-27 00:00:00,29500
Telur Ayam Ras Segar,Telur Ayam,varian,2025-02-28 00:00:00,29650
Telur Ayam Ras Segar,Telur Ayam,varian,2025-03-03 00:00:00,29650
Telur Ayam Ras Segar,Telur Ayam,varian,2025-03-04 00:00:00,29650
Telur Ayam Ras Segar,Telur Ayam,varian,2025-03-05 00:00:00,29650
Telur Ayam Ras Segar,Telur Ayam,varian,2025-03-06 00:00:00,29650
Telur Ayam Ras Segar,Telur Ayam,varian,2025-03-07 00:00:00,29650
Telur Ayam Ras Segar,Telur Ayam,varian,2025-03-10 00:00:00,29500
Telur Ayam Ras Segar,Telur Ayam,varian,2025-03-11 00:00:00,29500
Telur Ayam Ras Segar,Telur Ayam,varian,2025-03-12 00:00:00,29500
Telur Ayam Ras Segar,Telur Ayam,varian,2025-03-13 00:00:00,29500
Telur Ayam Ras Segar,Telur Ayam,varian,2025-03-14 00:00:00,29500
Telur Ayam Ras Segar,Telur Ayam,varian,2025-03-17 00:00:00,29500
Telur Ayam Ras Segar,Telur Ayam,varian,2025-03-18 00:00:00,29500
Telur Ayam Ras Segar,Telur Ayam,varian,2025-03-19 00:00:00,29500
Telur Ayam Ras Segar,Telur Ayam,varian,2025-03-20 00:00:00,29500
Telur Ayam Ras Segar,Telur Ayam,varian,2025-03-21 00:00:00,29500
Telur Ayam Ras Segar,Telur Ayam,varian,2025-03-24 00:00:00,29500
Telur Ayam Ras Segar,Telur Ayam,varian,2025-03-25 00:00:00,29500
Telur Ayam Ras Segar,Telur Ayam,varian,2025-03-26 00:00:00,29500
Telur Ayam Ras Segar,Telur Ayam,varian,2025-03-27 00:00:00,29500
Telur Ayam Ras Segar,Telur Ayam,varian,2025-03-28 00:00:00,29500
Telur Ayam Ras Segar,Telur Ayam,varian,2025-03-31 00:00:00,29500
Telur Ayam Ras Segar,Telur Ayam,varian,2025-04-01 00:00:00,29500
Telur Ayam Ras Segar,Telur Ayam,varian,2025-04-02 00:00:00,29500
Telur Ayam Ras Segar,Telur Ayam,varian,2025-04-03 00:00:00,29500
Telur Ayam Ras Segar,Telur Ayam,varian,2025-04-04 00:00:00,29500
Telur Ayam Ras Segar,Telur Ayam,varian,2025-04-07 00:00:00,29500
Telur Ayam Ras Segar,Telur Ayam,varian,2025-04-08 00:00:00,30150
Telur Ayam Ras Segar,Telur Ayam,varian,2025-04-09 00:00:00,30150
Telur Ayam Ras Segar,Telur Ayam,varian,2025-04-10 00:00:00,30150
Telur Ayam Ras Segar,Telur Ayam,varian,2025-04-11 00:00:00,30150
Telur Ayam Ras Segar,Telur Ayam,varian,2025-04-14 00:00:00,29900
Telur Ayam Ras Segar,Telur Ayam,varian,2025-04-15 00:00:00,29900
Telur Ayam Ras Segar,Telur Ayam,varian,2025-04-16 00:00:00,29900
Telur Ayam Ras Segar,Telur Ayam,varian,2025-04-17 00:00:00,30000
Telur Ayam Ras Segar,Telur Ayam,varian,2025-04-18 00:00:00,30000
Telur Ayam Ras Segar,Telur Ayam,varian,2025-04-21 00:00:00,30000
Telur Ayam Ras Segar,Telur Ayam,varian,2025-04-22 00:00:00,30000
Telur Ayam Ras Segar,Telur Ayam,varian,2025-04-23 00:00:00,30000
Telur Ayam Ras Segar,Telur Ayam,varian,2025-04-24 00:00:00,30000
Telur Ayam Ras Segar,Telur Ayam,varian,2025-04-25 00:00:00,30150
Telur Ayam Ras Segar,Telur Ayam,varian,2025-04-28 00:00:00,30150
Telur Ayam Ras Segar,Telur Ayam,varian,2025-04-29 00:00:00,30000
Telur Ayam Ras Segar,Telur Ayam,varian,2025-04-30 00:00:00,30650
Telur Ayam Ras Segar,Telur Ayam,varian,2025-05-01 00:00:00,30650
Telur Ayam Ras Segar,Telur Ayam,varian,2025-05-02 00:00:00,30650
Telur Ayam Ras Segar,Telur Ayam,varian,2025-05-05 00:00:00,30650
Telur Ayam Ras Segar,Telur Ayam,varian,2025-05-06 00:00:00,30650
Telur Ayam Ras Segar,Telur Ayam,varian,2025-05-07 00:00:00,30650
Telur Ayam Ras Segar,Telur Ayam,varian,2025-05-08 00:00:00,31150
Telur Ayam Ras Segar,Telur Ayam,varian,2025-05-09 00:00:00,31150
Telur Ayam Ras Segar,Telur Ayam,varian,2025-05-12 00:00:00,31150
Telur Ayam Ras Segar,Telur Ayam,varian,2025-05-13 00:00:00,31150
Telur Ayam Ras Segar,Telur Ayam,varian,2025-05-14 00:00:00,31150
Telur Ayam Ras Segar,Telur Ayam,varian,2025-05-15 00:00:00,31150
Telur Ayam Ras Segar,Telur Ayam,varian,2025-05-16 00:00:00,31150
Telur Ayam Ras Segar,Telur Ayam,varian,2025-05-19 00:00:00,31150
Telur Ayam Ras Segar,Telur Ayam,varian,2025-05-20 00:00:00,31150
Telur Ayam Ras Segar,Telur Ayam,varian,2025-05-21 00:00:00,31150
Telur Ayam Ras Segar,Telur Ayam,varian,2025-05-22 00:00:00,31150
Telur Ayam Ras Segar,Telur Ayam,varian,2025-05-23 00:00:00,31150
Telur Ayam Ras Segar,Telur Ayam,varian,2025-05-26 00:00:00,31150
Telur Ayam Ras Segar,Telur Ayam,varian,2025-05-27 00:00:00,31150
Telur Ayam Ras Segar,Telur Ayam,varian,2025-05-28 00:00:00,31150
Telur Ayam Ras Segar,Telur Ayam,varian,2025-05-29 00:00:00,31150
Telur Ayam Ras Segar,Telur Ayam,varian,2025-05-30 00:00:00,31150
Telur Ayam Ras Segar,Telur Ayam,varian,2025-06-02 00:00:00,31150
Telur Ayam Ras Segar,Telur Ayam,varian,2025-06-03 00:00:00,30400
Telur Ayam Ras Segar,Telur Ayam,varian,2025-06-04 00:00:00,30250
Telur Ayam Ras Segar,Telur Ayam,varian,2025-06-05 00:00:00,30250
Telur Ayam Ras Segar,Telur Ayam,varian,2025-06-06 00:00:00,30250
Telur Ayam Ras Segar,Telur Ayam,varian,2025-06-09 00:00:00,30250
Telur Ayam Ras Segar,Telur Ayam,varian,2025-06-10 00:00:00,30150
Telur Ayam Ras Segar,Telur Ayam,varian,2025-06-11 00:00:00,30150
Telur Ayam Ras Segar,Telur Ayam,varian,2025-06-12 00:00:00,30000
Telur Ayam Ras Segar,Telur Ayam,varian,2025-06-13 00:00:00,29750
Telur Ayam Ras Segar,Telur Ayam,varian,2025-06-16 00:00:00,29750
Telur Ayam Ras Segar,Telur Ayam,varian,2025-06-17 00:00:00,29750
Telur Ayam Ras Segar,Telur Ayam,varian,2025-06-18 00:00:00,29750
Telur Ayam Ras Segar,Telur Ayam,varian,2025-06-19 00:00:00,29750
Telur Ayam Ras Segar,Telur Ayam,varian,2025-06-20 00:00:00,29750
Telur Ayam Ras Segar,Telur Ayam,varian,2025-06-23 00:00:00,29750
Telur Ayam Ras Segar,Telur Ayam,varian,2025-06-24 00:00:00,29750
Telur Ayam Ras Segar,Telur Ayam,varian,2025-06-25 00:00:00,29750
Telur Ayam Ras Segar,Telur Ayam,varian,2025-06-26 00:00:00,29750
Telur Ayam Ras Segar,Telur Ayam,varian,2025-06-27 00:00:00,29750
Telur Ayam Ras Segar,Telur Ayam,varian,2025-06-30 00:00:00,29750
Telur Ayam Ras Segar,Telur Ayam,varian,2025-07-01 00:00:00,29500
Telur Ayam Ras Segar,Telur Ayam,varian,2025-07-02 00:00:00,29750
Telur Ayam Ras Segar,Telur Ayam,varian,2025-07-03 00:00:00,29750
Telur Ayam Ras Segar,Telur Ayam,varian,2025-07-04 00:00:00,29750
Telur Ayam Ras Segar,Telur Ayam,varian,2025-07-07 00:00:00,29750
Telur Ayam Ras Segar,Telur Ayam,varian,2025-07-08 00:00:00,29750
Telur Ayam Ras Segar,Telur Ayam,varian,2025-07-09 00:00:00,29750
Telur Ayam Ras Segar,Telur Ayam,varian,2025-07-10 00:00:00,29750
Telur Ayam Ras Segar,Telur Ayam,varian,2025-07-11 00:00:00,29750
Telur Ayam Ras Segar,Telur Ayam,varian,2025-07-14 00:00:00,29750
Telur Ayam Ras Segar,Telur Ayam,varian,2025-07-15 00:00:00,29750
Telur Ayam Ras Segar,Telur Ayam,varian,2025-07-16 00:00:00,29750
Telur Ayam Ras Segar,Telur Ayam,varian,2025-07-17 00:00:00,29750
Telur Ayam Ras Segar,Telur Ayam,varian,2025-07-18 00:00:00,29750
Telur Ayam Ras Segar,Telur Ayam,varian,2025-07-21 00:00:00,29750
Telur Ayam Ras Segar,Telur Ayam,varian,2025-07-22 00:00:00,29750
Telur Ayam Ras Segar,Telur Ayam,varian,2025-07-23 00:00:00,29750
Telur Ayam Ras Segar,Telur Ayam,varian,2025-07-24 00:00:00,29750
Telur Ayam Ras Segar,Telur Ayam,varian,2025-07-25 00:00:00,29750
Telur Ayam Ras Segar,Telur Ayam,varian,2025-07-28 00:00:00,29750
Telur Ayam Ras Segar,Telur Ayam,varian,2025-07-29 00:00:00,29750
Telur Ayam Ras Segar,Telur Ayam,varian,2025-07-30 00:00:00,29750
Telur Ayam Ras Segar,Telur Ayam,varian,2025-07-31 00:00:00,29750
Telur Ayam Ras Segar,Telur Ayam,varian,2025-08-01 00:00:00,29750
Telur Ayam Ras Segar,Telur Ayam,varian,2025-08-04 00:00:00,29750
Telur Ayam Ras Segar,Telur Ayam,varian,2025-08-05 00:00:00,29750
Telur Ayam Ras Segar,Telur Ayam,varian,2025-08-06 00:00:00,29750
Telur Ayam Ras Segar,Telur Ayam,varian,2025-08-07 00:00:00,29750
Telur Ayam Ras Segar,Telur Ayam,varian,2025-08-08 00:00:00,29750
Telur Ayam Ras Segar,Telur Ayam,varian,2025-08-11 00:00:00,29750
Telur Ayam Ras Segar,Telur Ayam,varian,2025-08-12 00:00:00,29650
Telur Ayam Ras Segar,Telur Ayam,varian,2025-08-13 00:00:00,29650
Telur Ayam Ras Segar,Telur Ayam,varian,2025-08-14 00:00:00,29650
Telur Ayam Ras Segar,Telur Ayam,varian,2025-08-15 00:00:00,29650
Telur Ayam Ras Segar,Telur Ayam,varian,2025-08-18 00:00:00,29650
Telur Ayam Ras Segar,Telur Ayam,varian,2025-08-19 00:00:00,29650
Telur Ayam Ras Segar,Telur Ayam,varian,2025-08-20 00:00:00,29650
Telur Ayam Ras Segar,Telur Ayam,varian,2025-08-21 00:00:00,29650
Telur Ayam Ras Segar,Telur Ayam,varian,2025-08-22 00:00:00,29650
Telur Ayam Ras Segar,Telur Ayam,varian,2025-08-25 00:00:00,29650
Telur Ayam Ras Segar,Telur Ayam,varian,2025-08-26 00:00:00,29650
Telur Ayam Ras Segar,Telur Ayam,varian,2025-08-27 00:00:00,29650
Telur Ayam Ras Segar,Telur Ayam,varian,2025-08-28 00:00:00,29650
Telur Ayam Ras Segar,Telur Ayam,varian,2025-08-29 00:00:00,29650
Telur Ayam Ras Segar,Telur Ayam,varian,2025-09-01 00:00:00,29400
Telur Ayam Ras Segar,Telur Ayam,varian,2025-09-02 00:00:00,29400
Telur Ayam Ras Segar,Telur Ayam,varian,2025-09-03 00:00:00,29400
Telur Ayam Ras Segar,Telur Ayam,varian,2025-09-04 00:00:00,29400
Telur Ayam Ras Segar,Telur Ayam,varian,2025-09-05 00:00:00,29400
Telur Ayam Ras Segar,Telur Ayam,varian,2025-09-08 00:00:00,29400
Telur Ayam Ras Segar,Telur Ayam,varian,2025-09-09 00:00:00,29400
Telur Ayam Ras Segar,Telur Ayam,varian,2025-09-10 00:00:00,29400
Telur Ayam Ras Segar,Telur Ayam,varian,2025-09-11 00:00:00,29400
Telur Ayam Ras Segar,Telur Ayam,varian,2025-09-12 00:00:00,29400
Telur Ayam Ras Segar,Telur Ayam,varian,2025-09-15 00:00:00,29400
Telur Ayam Ras Segar,Telur Ayam,varian,2025-09-16 00:00:00,29400
Telur Ayam Ras Segar,Telur Ayam,varian,2025-09-17 00:00:00,29400
Telur Ayam Ras Segar,Telur Ayam,varian,2025-09-18 00:00:00,29400
Telur Ayam Ras Segar,Telur Ayam,varian,2025-09-19 00:00:00,29400
Telur Ayam Ras Segar,Telur Ayam,varian,2025-09-22 00:00:00,29400
Telur Ayam Ras Segar,Telur Ayam,varian,2025-09-23 00:00:00,29750
Telur Ayam Ras Segar,Telur Ayam,varian,2025-09-24 00:00:00,29750
Telur Ayam Ras Segar,Telur Ayam,varian,2025-09-25 00:00:00,29750
Telur Ayam Ras Segar,Telur Ayam,varian,2025-09-26 00:00:00,29750
Telur Ayam Ras Segar,Telur Ayam,varian,2025-09-29 00:00:00,29750
Telur Ayam Ras Segar,Telur Ayam,varian,2025-09-30 00:00:00,29750
Telur Ayam Ras Segar,Telur Ayam,varian,2025-10-01 00:00:00,29750
Telur Ayam Ras Segar,Telur Ayam,varian,2025-10-02 00:00:00,29750
Telur Ayam Ras Segar,Telur Ayam,varian,2025-10-03 00:00:00,29750
Telur Ayam Ras Segar,Telur Ayam,varian,2025-10-06 00:00:00,29750
Telur Ayam Ras Segar,Telur Ayam,varian,2025-10-07 00:00:00,29750
Telur Ayam Ras Segar,Telur Ayam,varian,2025-10-08 00:00:00,29750
Telur Ayam Ras Segar,Telur Ayam,varian,2025-10-09 00:00:00,29750
Telur Ayam Ras Segar,Telur Ayam,varian,2025-10-10 00:00:00,29750
Telur Ayam Ras Segar,Telur Ayam,varian,2025-10-13 00:00:00,30000
Telur Ayam Ras Segar,Telur Ayam,varian,2025-10-14 00:00:00,30500
Telur Ayam Ras Segar,Telur Ayam,varian,2025-10-15 00:00:00,30650
Telur Ayam Ras Segar,Telur Ayam,varian,2025-10-16 00:00:00,30650
Telur Ayam Ras Segar,Telur Ayam,varian,2025-10-17 00:00:00,30650
Telur Ayam Ras Segar,Telur Ayam,varian,2025-10-20 00:00:00,30650
Telur Ayam Ras Segar,Telur Ayam,varian,2025-10-21 00:00:00,30650
Telur Ayam Ras Segar,Telur Ayam,varian,2025-10-22 00:00:00,30650
Telur Ayam Ras Segar,Telur Ayam,varian,2025-10-23 00:00:00,30650
Telur Ayam Ras Segar,Telur Ayam,varian,2025-10-24 00:00:00,30650
Telur Ayam Ras Segar,Telur Ayam,varian,2025-10-27 00:00:00,30650
Telur Ayam Ras Segar,Telur Ayam,varian,2025-10-28 00:00:00,30650
Telur Ayam Ras Segar,Telur Ayam,varian,2025-10-29 00:00:00,30750
Telur Ayam Ras Segar,Telur Ayam,varian,2025-10-30 00:00:00,30750
Telur Ayam Ras Segar,Telur Ayam,varian,2025-10-31 00:00:00,31150
Telur Ayam Ras Segar,Telur Ayam,varian,2025-11-03 00:00:00,31150
Telur Ayam Ras Segar,Telur Ayam,varian,2025-11-04 00:00:00,31150
Telur Ayam Ras Segar,Telur Ayam,varian,2025-11-05 00:00:00,31150
Telur Ayam Ras Segar,Telur Ayam,varian,2025-11-06 00:00:00,31500
Telur Ayam Ras Segar,Telur Ayam,varian,2025-11-07 00:00:00,31500
Telur Ayam Ras Segar,Telur Ayam,varian,2025-11-10 00:00:00,32000
Telur Ayam Ras Segar,Telur Ayam,varian,2025-11-11 00:00:00,32000
Telur Ayam Ras Segar,Telur Ayam,varian,2025-11-12 00:00:00,32000
Telur Ayam Ras Segar,Telur Ayam,varian,2025-11-13 00:00:00,32000
Telur Ayam Ras Segar,Telur Ayam,varian,2025-11-14 00:00:00,32000
Telur Ayam Ras Segar,Telur Ayam,varian,2025-11-17 00:00:00,32000
Telur Ayam Ras Segar,Telur Ayam,varian,2025-11-18 00:00:00,32000
Telur Ayam Ras Segar,Telur Ayam,varian,2025-11-19 00:00:00,32000
Telur Ayam Ras Segar,Telur Ayam,varian,2025-11-20 00:00:00,32000
Telur Ayam Ras Segar,Telur Ayam,varian,2025-11-21 00:00:00,32000
Telur Ayam Ras Segar,Telur Ayam,varian,2025-11-24 00:00:00,32400
Telur Ayam Ras Segar,Telur Ayam,varian,2025-11-25 00:00:00,32400
Telur Ayam Ras Segar,Telur Ayam,varian,2025-11-26 00:00:00,32400
Telur Ayam Ras Segar,Telur Ayam,varian,2025-11-27 00:00:00,32400
Telur Ayam Ras Segar,Telur Ayam,varian,2025-11-28 00:00:00,32400
Telur Ayam Ras Segar,Telur Ayam,varian,2025-12-01 00:00:00,32900
Telur Ayam Ras Segar,Telur Ayam,varian,2025-12-02 00:00:00,32900
Telur Ayam Ras Segar,Telur Ayam,varian,2025-12-03 00:00:00,33000
Telur Ayam Ras Segar,Telur Ayam,varian,2025-12-04 00:00:00,33400
Telur Ayam Ras Segar,Telur Ayam,varian,2025-12-05 00:00:00,33400
Telur Ayam Ras Segar,Telur Ayam,varian,2025-12-08 00:00:00,33400
Telur Ayam Ras Segar,Telur Ayam,varian,2025-12-09 00:00:00,33400
Telur Ayam Ras Segar,Telur Ayam,varian,2025-12-10 00:00:00,33750
Telur Ayam Ras Segar,Telur Ayam,varian,2025-12-11 00:00:00,33750
Telur Ayam Ras Segar,Telur Ayam,varian,2025-12-12 00:00:00,33750
Telur Ayam Ras Segar,Telur Ayam,varian,2025-12-15 00:00:00,33750
Telur Ayam Ras Segar,Telur Ayam,varian,2025-12-16 00:00:00,33750
Telur Ayam Ras Segar,Telur Ayam,varian,2025-12-17 00:00:00,34150
Telur Ayam Ras Segar,Telur Ayam,varian,2025-12-18 00:00:00,34150
Telur Ayam Ras Segar,Telur Ayam,varian,2025-12-19 00:00:00,34750
Telur Ayam Ras Segar,Telur Ayam,varian,2025-12-22 00:00:00,34750
Telur Ayam Ras Segar,Telur Ayam,varian,2025-12-23 00:00:00,34900
Telur Ayam Ras Segar,Telur Ayam,varian,2025-12-24 00:00:00,34900
Telur Ayam Ras Segar,Telur Ayam,varian,2025-12-25 00:00:00,34900
Telur Ayam Ras Segar,Telur Ayam,varian,2025-12-26 00:00:00,34900
Telur Ayam Ras Segar,Telur Ayam,varian,2025-12-29 00:00:00,34500
Telur Ayam Ras Segar,Telur Ayam,varian,2025-12-30 00:00:00,34500
Telur Ayam Ras Segar,Telur Ayam,varian,2025-12-31 00:00:00,34500
Telur Ayam Ras Segar,Telur Ayam,varian,2026-01-01 00:00:00,34500
Telur Ayam Ras Segar,Telur Ayam,varian,2026-01-02 00:00:00,34500
Telur Ayam Ras Segar,Telur Ayam,varian,2026-01-05 00:00:00,34500
Telur Ayam Ras Segar,Telur Ayam,varian,2026-01-06 00:00:00,34500
Telur Ayam Ras Segar,Telur Ayam,varian,2026-01-07 00:00:00,33900
Telur Ayam Ras Segar,Telur Ayam,varian,2026-01-08 00:00:00,33900
Telur Ayam Ras Segar,Telur Ayam,varian,2026-01-09 00:00:00,33000
Telur Ayam Ras Segar,Telur Ayam,varian,2026-01-12 00:00:00,31900
Telur Ayam Ras Segar,Telur Ayam,varian,2026-01-13 00:00:00,31900
Telur Ayam Ras Segar,Telur Ayam,varian,2026-01-14 00:00:00,31900
Telur Ayam Ras Segar,Telur Ayam,varian,2026-01-15 00:00:00,31900
Telur Ayam Ras Segar,Telur Ayam,varian,2026-01-16 00:00:00,31900
Telur Ayam Ras Segar,Telur Ayam,varian,2026-01-19 00:00:00,31150
Telur Ayam Ras Segar,Telur Ayam,varian,2026-01-20 00:00:00,31150
Telur Ayam Ras Segar,Telur Ayam,varian,2026-01-21 00:00:00,31150
Telur Ayam Ras Segar,Telur Ayam,varian,2026-01-22 00:00:00,31150
Telur Ayam Ras Segar,Telur Ayam,varian,2026-01-23 00:00:00,31150
Telur Ayam Ras Segar,Telur Ayam,varian,2026-01-26 00:00:00,31150
Telur Ayam Ras Segar,Telur Ayam,varian,2026-01-27 00:00:00,31150
Telur Ayam Ras Segar,Telur Ayam,varian,2026-01-28 00:00:00,31150
Telur Ayam Ras Segar,Telur Ayam,varian,2026-01-29 00:00:00,29150
Telur Ayam Ras Segar,Telur Ayam,varian,2026-01-30 00:00:00,29150
Telur Ayam Ras Segar,Telur Ayam,varian,2026-02-02 00:00:00,29150
Telur Ayam Ras Segar,Telur Ayam,varian,2026-02-03 00:00:00,29150
Telur Ayam Ras Segar,Telur Ayam,varian,2026-02-04 00:00:00,28900
Telur Ayam Ras Segar,Telur Ayam,varian,2026-02-05 00:00:00,28900
Telur Ayam Ras Segar,Telur Ayam,varian,2026-02-06 00:00:00,28900
Telur Ayam Ras Segar,Telur Ayam,varian,2026-02-09 00:00:00,28900
Telur Ayam Ras Segar,Telur Ayam,varian,2026-02-10 00:00:00,28900
Telur Ayam Ras Segar,Telur Ayam,varian,2026-02-11 00:00:00,28900
Telur Ayam Ras Segar,Telur Ayam,varian,2026-02-12 00:00:00,28900
Telur Ayam Ras Segar,Telur Ayam,varian,2026-02-13 00:00:00,29750
Telur Ayam Ras Segar,Telur Ayam,varian,2026-02-16 00:00:00,29750
Telur Ayam Ras Segar,Telur Ayam,varian,2026-02-17 00:00:00,29750
Telur Ayam Ras Segar,Telur Ayam,varian,2026-02-18 00:00:00,29750
Telur Ayam Ras Segar,Telur Ayam,varian,2026-02-19 00:00:00,30400
Telur Ayam Ras Segar,Telur Ayam,varian,2026-02-20 00:00:00,31400
Telur Ayam Ras Segar,Telur Ayam,varian,2026-02-23 00:00:00,31650
Telur Ayam Ras Segar,Telur Ayam,varian,2026-02-24 00:00:00,31650
Telur Ayam Ras Segar,Telur Ayam,varian,2026-02-25 00:00:00,31650
Telur Ayam Ras Segar,Telur Ayam,varian,2026-02-26 00:00:00,31650
Telur Ayam Ras Segar,Telur Ayam,varian,2026-02-27 00:00:00,31650
Telur Ayam Ras Segar,Telur Ayam,varian,2026-03-02 00:00:00,32250
Telur Ayam Ras Segar,Telur Ayam,varian,2026-03-03 00:00:00,32250
Telur Ayam Ras Segar,Telur Ayam,varian,2026-03-04 00:00:00,32250
Telur Ayam Ras Segar,Telur Ayam,varian,2026-03-05 00:00:00,32250
Telur Ayam Ras Segar,Telur Ayam,varian,2026-03-06 00:00:00,32250
Telur Ayam Ras Segar,Telur Ayam,varian,2026-03-09 00:00:00,32650
Telur Ayam Ras Segar,Telur Ayam,varian,2026-03-10 00:00:00,33900
Telur Ayam Ras Segar,Telur Ayam,varian,2026-03-11 00:00:00,34000
Telur Ayam Ras Segar,Telur Ayam,varian,2026-03-12 00:00:00,33950
Telur Ayam Ras Segar,Telur Ayam,varian,2026-03-13 00:00:00,34000
Telur Ayam Ras Segar,Telur Ayam,varian,2026-03-16 00:00:00,34400
Telur Ayam Ras Segar,Telur Ayam,varian,2026-03-17 00:00:00,34400
Telur Ayam Ras Segar,Telur Ayam,varian,2026-03-18 00:00:00,34400
Telur Ayam Ras Segar,Telur Ayam,varian,2026-03-19 00:00:00,34400
Telur Ayam Ras Segar,Telur Ayam,varian,2026-03-20 00:00:00,34400
Telur Ayam Ras Segar,Telur Ayam,varian,2026-03-23 00:00:00,34400
Telur Ayam Ras Segar,Telur Ayam,varian,2026-03-24 00:00:00,34400
Telur Ayam Ras Segar,Telur Ayam,varian,2026-03-25 00:00:00,34250
Telur Ayam Ras Segar,Telur Ayam,varian,2026-03-26 00:00:00,33900
Telur Ayam Ras Segar,Telur Ayam,varian,2026-03-27 00:00:00,33900
Telur Ayam Ras Segar,Telur Ayam,varian,2026-03-30 00:00:00,33650
Telur Ayam Ras Segar,Telur Ayam,varian,2026-03-31 00:00:00,33650
Telur Ayam Ras Segar,Telur Ayam,varian,2026-04-01 00:00:00,33650
Telur Ayam Ras Segar,Telur Ayam,varian,2026-04-02 00:00:00,33650
Telur Ayam Ras Segar,Telur Ayam,varian,2026-04-03 00:00:00,33650
Telur Ayam Ras Segar,Telur Ayam,varian,2026-04-06 00:00:00,33650
Telur Ayam Ras Segar,Telur Ayam,varian,2026-04-07 00:00:00,33650
Telur Ayam Ras Segar,Telur Ayam,varian,2026-04-08 00:00:00,33650
Telur Ayam Ras Segar,Telur Ayam,varian,2026-04-09 00:00:00,33400
Telur Ayam Ras Segar,Telur Ayam,varian,2026-04-10 00:00:00,33400
Telur Ayam Ras Segar,Telur Ayam,varian,2026-04-13 00:00:00,33400
Telur Ayam Ras Segar,Telur Ayam,varian,2026-04-14 00:00:00,33400
Telur Ayam Ras Segar,Telur Ayam,varian,2026-04-15 00:00:00,33400
Telur Ayam Ras Segar,Telur Ayam,varian,2026-04-16 00:00:00,33400
Telur Ayam Ras Segar,Telur Ayam,varian,2026-04-17 00:00:00,33400
Telur Ayam Ras Segar,Telur Ayam,varian,2026-04-20 00:00:00,33000
Telur Ayam Ras Segar,Telur Ayam,varian,2026-04-21 00:00:00,33000
Telur Ayam Ras Segar,Telur Ayam,varian,2026-04-22 00:00:00,33000
Telur Ayam Ras Segar,Telur Ayam,varian,2026-04-23 00:00:00,33000
Telur Ayam Ras Segar,Telur Ayam,varian,2026-04-24 00:00:00,33000
Telur Ayam Ras Segar,Telur Ayam,varian,2026-04-27 00:00:00,33000
Telur Ayam Ras Segar,Telur Ayam,varian,2026-04-28 00:00:00,33000
Telur Ayam Ras Segar,Telur Ayam,varian,2026-04-29 00:00:00,33000
Telur Ayam Ras Segar,Telur Ayam,varian,2026-04-30 00:00:00,33000
Telur Ayam Ras Segar,Telur Ayam,varian,2026-05-01 00:00:00,33000
Telur Ayam Ras Segar,Telur Ayam,varian,2026-05-04 00:00:00,33000
Telur Ayam Ras Segar,Telur Ayam,varian,2026-05-05 00:00:00,33000
Telur Ayam Ras Segar,Telur Ayam,varian,2026-05-06 00:00:00,32900
Telur Ayam Ras Segar,Telur Ayam,varian,2026-05-07 00:00:00,32900
Telur Ayam Ras Segar,Telur Ayam,varian,2026-05-08 00:00:00,32500
Telur Ayam Ras Segar,Telur Ayam,varian,2026-05-11 00:00:00,32500
Telur Ayam Ras Segar,Telur Ayam,varian,2026-05-12 00:00:00,32500
Telur Ayam Ras Segar,Telur Ayam,varian,2026-05-13 00:00:00,32500
Telur Ayam Ras Segar,Telur Ayam,varian,2026-05-14 00:00:00,32500
Telur Ayam Ras Segar,Telur Ayam,varian,2026-05-15 00:00:00,32500
Telur Ayam Ras Segar,Telur Ayam,varian,2026-05-18 00:00:00,32500
Telur Ayam Ras Segar,Telur Ayam,varian,2026-05-19 00:00:00,32500
Telur Ayam Ras Segar,Telur Ayam,varian,2026-05-20 00:00:00,32500
Telur Ayam Ras Segar,Telur Ayam,varian,2026-05-21 00:00:00,32500
Telur Ayam Ras Segar,Telur Ayam,varian,2026-05-22 00:00:00,31900
Telur Ayam Ras Segar,Telur Ayam,varian,2026-05-25 00:00:00,31900
Telur Ayam Ras Segar,Telur Ayam,varian,2026-05-26 00:00:00,31250
Telur Ayam Ras Segar,Telur Ayam,varian,2026-05-27 00:00:00,31250
Telur Ayam Ras Segar,Telur Ayam,varian,2026-05-28 00:00:00,31250
Telur Ayam Ras Segar,Telur Ayam,varian,2026-05-29 00:00:00,31250
Telur Ayam Ras Segar,Telur Ayam,varian,2026-06-01 00:00:00,31250
Telur Ayam Ras Segar,Telur Ayam,varian,2026-06-02 00:00:00,31000
Telur Ayam Ras Segar,Telur Ayam,varian,2026-06-03 00:00:00,31000
Telur Ayam Ras Segar,Telur Ayam,varian,2026-06-04 00:00:00,31000
Telur Ayam Ras Segar,Telur Ayam,varian,2026-06-05 00:00:00,31000
Telur Ayam Ras Segar,Telur Ayam,varian,2026-06-08 00:00:00,29650
Telur Ayam Ras Segar,Telur Ayam,varian,2026-06-09 00:00:00,29650
Telur Ayam Ras Segar,Telur Ayam,varian,2026-06-10 00:00:00,29650
Telur Ayam Ras Segar,Telur Ayam,varian,2026-06-11 00:00:00,29650
Telur Ayam Ras Segar,Telur Ayam,varian,2026-06-12 00:00:00,28650
Telur Ayam Ras Segar,Telur Ayam,varian,2026-06-15 00:00:00,28650
Telur Ayam Ras Segar,Telur Ayam,varian,2026-06-16 00:00:00,28650
Telur Ayam Ras Segar,Telur Ayam,varian,2026-06-17 00:00:00,28650
Telur Ayam Ras Segar,Telur Ayam,varian,2026-06-18 00:00:00,28650
Telur Ayam Ras Segar,Telur Ayam,varian,2026-06-19 00:00:00,28650
Telur Ayam Ras Segar,Telur Ayam,varian,2026-06-22 00:00:00,28650
Telur Ayam Ras Segar,Telur Ayam,varian,2026-06-23 00:00:00,28250
Telur Ayam Ras Segar,Telur Ayam,varian,2026-06-24 00:00:00,28250
Telur Ayam Ras Segar,Telur Ayam,varian,2026-06-25 00:00:00,28250
Telur Ayam Ras Segar,Telur Ayam,varian,2026-06-26 00:00:00,28250
Telur Ayam Ras Segar,Telur Ayam,varian,2026-06-29 00:00:00,28250
Telur Ayam Ras Segar,Telur Ayam,varian,2026-06-30 00:00:00,27400
Telur Ayam Ras Segar,Telur Ayam,varian,2026-07-01 00:00:00,27400
Telur Ayam Ras Segar,Telur Ayam,varian,2026-07-02 00:00:00,27400
Telur Ayam Ras Segar,Telur Ayam,varian,2026-07-03 00:00:00,27400
Telur Ayam Ras Segar,Telur Ayam,varian,2026-07-06 00:00:00,27400
Telur Ayam Ras Segar,Telur Ayam,varian,2026-07-07 00:00:00,27400
Telur Ayam Ras Segar,Telur Ayam,varian,2026-07-08 00:00:00,27400
Telur Ayam Ras Segar,Telur Ayam,varian,2026-07-09 00:00:00,27400
Telur Ayam Ras Segar,Telur Ayam,varian,2026-07-10 00:00:00,27400
Telur Ayam Ras Segar,Telur Ayam,varian,2026-07-13 00:00:00,27400
Telur Ayam Ras Segar,Telur Ayam,varian,2026-07-14 00:00:00,27400
Telur Ayam Ras Segar,Telur Ayam,varian,2026-07-15 00:00:00,27400
Telur Ayam Ras Segar,Telur Ayam,varian,2026-07-16 00:00:00,27400
Telur Ayam Ras Segar,Telur Ayam,varian,2026-07-17 00:00:00,27900
Telur Ayam Ras Segar,Telur Ayam,varian,2026-07-20 00:00:00,27900
Telur Ayam Ras Segar,Telur Ayam,varian,2026-07-21 00:00:00,27900
Telur Ayam Ras Segar,Telur Ayam,varian,2026-07-22 00:00:00,27900
Telur Ayam Ras Segar,Telur Ayam,varian,2026-07-23 00:00:00,27900
Telur Ayam Ras Segar,Telur Ayam,varian,2026-07-24 00:00:00,27900
Telur Ayam Ras Segar,Telur Ayam,varian,2026-07-27 00:00:00,27400
Telur Ayam Ras Segar,Telur Ayam,varian,2026-07-28 00:00:00,28000
Telur Ayam Ras Segar,Telur Ayam,varian,2026-07-29 00:00:00,28000
Telur Ayam Ras Segar,Telur Ayam,varian,2026-07-30 00:00:00,28000
Telur Ayam Ras Segar,Telur Ayam,varian,2026-07-31 00:00:00,28000
Telur Ayam Ras Segar,Telur Ayam,varian,2026-08-03 00:00:00,28000
Telur Ayam Ras Segar,Telur Ayam,varian,2026-08-04 00:00:00,28000
Telur Ayam Ras Segar,Telur Ayam,varian,2026-08-05 00:00:00,28000
Telur Ayam Ras Segar,Telur Ayam,varian,2026-08-06 00:00:00,28000
Telur Ayam Ras Segar,Telur Ayam,varian,2026-08-07 00:00:00,28000
Telur Ayam Ras Segar,Telur Ayam,varian,2026-08-10 00:00:00,28000
Telur Ayam Ras Segar,Telur Ayam,varian,2026-08-11 00:00:00,28000
Telur Ayam Ras Segar,Telur Ayam,varian,2026-08-12 00:00:00,27900
Telur Ayam Ras Segar,Telur Ayam,varian,2026-08-13 00:00:00,27650
Telur Ayam Ras Segar,Telur Ayam,varian,2026-08-14 00:00:00,27650
Telur Ayam Ras Segar,Telur Ayam,varian,2026-08-17 00:00:00,27650
Telur Ayam Ras Segar,Telur Ayam,varian,2026-08-18 00:00:00,27650
Telur Ayam Ras Segar,Telur Ayam,varian,2026-08-19 00:00:00,27900
Telur Ayam Ras Segar,Telur Ayam,varian,2026-08-20 00:00:00,28150
Telur Ayam Ras Segar,Telur Ayam,varian,2026-08-21 00:00:00,28150
Telur Ayam Ras Segar,Telur Ayam,varian,2026-08-24 00:00:00,28150
Telur Ayam Ras Segar,Telur Ayam,varian,2026-08-25 00:00:00,28150
Telur Ayam Ras Segar,Telur Ayam,varian,2026-08-26 00:00:00,28150
Telur Ayam Ras Segar,Telur Ayam,varian,2026-08-27 00:00:00,28150
Telur Ayam Ras Segar,Telur Ayam,varian,2026-08-28 00:00:00,28150
Telur Ayam Ras Segar,Telur Ayam,varian,2026-08-31 00:00:00,28150
Telur Ayam Ras Segar,Telur Ayam,varian,2026-09-01 00:00:00,28150
Telur Ayam Ras Segar,Telur Ayam,varian,2026-09-02 00:00:00,28150
Telur Ayam Ras Segar,Telur Ayam,varian,2026-09-03 00:00:00,28150
Telur Ayam Ras Segar,Telur Ayam,varian,2026-09-04 00:00:00,28150
Telur Ayam Ras Segar,Telur Ayam,varian,2026-09-07 00:00:00,28900
Telur Ayam Ras Segar,Telur Ayam,varian,2026-09-08 00:00:00,28900
